api,space,cache,locality,pages,bytes_per_page,bytes_total,n_trials,ok_rate,prep_ns_p50,exec_ns_min,exec_ns_p50,exec_ns_mean,exec_ns_p95,exec_ns_max,exec_ns_stdev,total_ns_p50,total_ns_mean,mbps_p50
scatter,virtual,cold,contiguous,1,8,8,51,1.0000,1100,849500,853900,858013.7,874000,923100,11450.2,855000,859245.1,0.009
scatter,physical,cold,contiguous,1,8,8,51,1.0000,1000,137200,172500,172737.3,179500,202900,7129.9,173500,173760.8,0.044
scatter_page,virtual,cold,contiguous,1,8,8,51,1.0000,1000,848600,853000,854396.1,863300,863600,3907.2,854000,855396.1,0.009
scalar,virtual,cold,contiguous,1,8,8,51,1.0000,0,849300,853400,855468.6,866200,884800,6037.2,853400,855468.6,0.009
lc_scatter,physical,cold,contiguous,1,8,8,51,1.0000,0,147200,171100,171574.5,178600,199400,6025.6,171100,171574.5,0.045
scatter,virtual,cold,contiguous,1,16,16,51,1.0000,1000,808500,853000,853502.0,864000,911300,12654.1,854000,854543.1,0.018
scatter,physical,cold,contiguous,1,16,16,51,1.0000,1000,170200,171900,172503.9,177200,180500,2068.1,172900,173529.4,0.089
lc_scatter,physical,cold,contiguous,1,16,16,51,1.0000,0,169400,171200,175272.5,207500,211200,11167.9,171200,175272.5,0.089
scatter,virtual,cold,contiguous,1,32,32,51,1.0000,1000,848500,852700,855707.8,861500,944300,13373.1,853700,856721.6,0.036
scatter,physical,cold,contiguous,1,32,32,51,1.0000,1000,171100,172300,172978.4,178100,179400,1988.2,173400,174023.5,0.177
lc_scatter,physical,cold,contiguous,1,32,32,51,1.0000,0,169700,171500,172111.8,176800,178400,1940.3,171500,172111.8,0.178
scatter,virtual,cold,contiguous,1,64,64,51,1.0000,1000,848700,854300,854462.7,860600,861500,3007.7,855300,855468.6,0.071
scatter,physical,cold,contiguous,1,64,64,51,1.0000,1000,171200,172700,173874.5,179200,202600,4626.3,173700,174919.6,0.353
lc_scatter,physical,cold,contiguous,1,64,64,51,1.0000,0,169600,171500,172284.3,176800,179600,2137.6,171500,172284.3,0.356
scatter,virtual,cold,contiguous,1,128,128,51,1.0000,1000,842400,852300,853149.0,861500,866700,3940.9,853300,854162.7,0.143
scatter,physical,cold,contiguous,1,128,128,51,1.0000,1000,170900,172400,172919.6,176900,179200,1816.9,173500,173966.7,0.708
lc_scatter,physical,cold,contiguous,1,128,128,51,1.0000,0,168000,171600,176023.5,186800,191000,6639.6,171600,176023.5,0.711
scatter,virtual,cold,contiguous,1,256,256,51,1.0000,1000,843000,846400,847064.7,855700,861700,3357.1,847400,848084.3,0.288
scatter,physical,cold,contiguous,1,256,256,51,1.0000,1000,168700,170600,170813.7,174200,177300,1590.9,171600,171843.1,1.431
lc_scatter,physical,cold,contiguous,1,256,256,51,1.0000,0,167900,169700,170027.5,172200,177800,1534.4,169700,170027.5,1.439
scatter,virtual,cold,contiguous,1,512,512,51,1.0000,1000,843100,846900,853156.9,889100,947700,18118.8,847900,854211.8,0.577
scatter,physical,cold,contiguous,1,512,512,51,1.0000,1000,169600,171000,171337.3,173200,180800,1604.0,172000,172368.6,2.855
lc_scatter,physical,cold,contiguous,1,512,512,51,1.0000,0,168100,169900,170437.3,176400,183400,2636.1,169900,170437.3,2.874
scatter,virtual,cold,contiguous,1,768,768,51,1.0000,1000,843600,846700,847060.8,851300,855900,2200.7,847700,848078.4,0.865
scatter,physical,cold,contiguous,1,768,768,51,1.0000,1000,169500,171500,171796.1,174300,183000,2085.8,172500,172821.6,4.271
lc_scatter,physical,cold,contiguous,1,768,768,51,1.0000,0,168400,170200,170478.4,172900,178100,1603.9,170200,170478.4,4.303
scatter,virtual,cold,contiguous,1,1024,1024,51,1.0000,1000,843300,847400,847827.5,852100,856200,2198.0,848500,848851.0,1.152
scatter,physical,cold,contiguous,1,1024,1024,51,1.0000,1000,170000,171800,172213.7,175300,183300,2148.9,172800,173231.4,5.684
lc_scatter,physical,cold,contiguous,1,1024,1024,51,1.0000,0,168900,170900,171090.2,172900,181300,1934.5,170900,171090.2,5.714
scatter,virtual,cold,contiguous,1,2048,2048,51,1.0000,1000,843900,847200,848698.0,855600,899200,7716.2,848300,849715.7,2.305
scatter,physical,cold,contiguous,1,2048,2048,51,1.0000,1100,170100,171300,171488.2,173600,175800,1138.7,172300,172539.2,11.402
lc_scatter,physical,cold,contiguous,1,2048,2048,51,1.0000,0,170900,172500,172952.9,174400,185100,2539.9,172500,172952.9,11.322
scatter,virtual,cold,contiguous,1,4096,4096,51,1.0000,1000,843900,847600,848241.2,854800,864300,3534.1,848600,849254.9,4.609
scatter,physical,cold,contiguous,1,4096,4096,51,1.0000,1000,169200,170900,171409.8,175800,179000,2006.3,171900,172449.0,22.857
scatter_page,virtual,cold,contiguous,1,4096,4096,51,1.0000,1000,843200,846900,847772.5,851600,876500,4633.1,848000,848768.6,4.612
scalar,virtual,cold,contiguous,1,4096,4096,51,1.0000,0,844100,847700,850192.2,856600,947900,14200.2,847700,850192.2,4.608
lc_scatter,physical,cold,contiguous,1,4096,4096,51,1.0000,0,168100,170100,170472.5,175600,182200,2323.5,170100,170472.5,22.964
scatter,virtual,cold,contiguous,2,8,16,51,1.0000,1500,842900,847600,848396.1,858400,868100,4100.8,849200,850188.2,0.018
scatter,physical,cold,contiguous,2,8,16,51,1.0000,1400,137000,171400,170862.7,172900,174200,4911.0,172900,172286.3,0.089
scatter_page,virtual,cold,contiguous,2,8,16,51,1.0000,1500,834000,839400,847831.4,899500,942300,19883.8,840800,849498.0,0.018
scalar,virtual,cold,contiguous,2,8,16,51,1.0000,0,1012400,1016900,1018827.5,1032600,1038600,5626.5,1016900,1018827.5,0.015
lc_scatter,physical,cold,contiguous,2,8,16,51,1.0000,0,168000,169700,169796.1,172000,173500,1142.1,169700,169796.1,0.090
scatter,virtual,cold,contiguous,2,16,32,51,1.0000,1500,844100,847900,851856.9,899500,924500,14859.0,849400,853347.1,0.036
scatter,physical,cold,contiguous,2,16,32,51,1.0000,1400,147000,171600,171719.6,175800,190900,5002.0,173000,173164.7,0.178
lc_scatter,physical,cold,contiguous,2,16,32,51,1.0000,0,168000,170000,170449.0,173400,179300,2083.2,170000,170449.0,0.180
scatter,virtual,cold,contiguous,2,32,64,51,1.0000,1500,844200,847000,847119.6,851100,856600,2155.2,848500,848598.0,0.072
scatter,physical,cold,contiguous,2,32,64,51,1.0000,1400,169200,171200,171474.5,174100,179100,1737.2,172600,172915.7,0.357
lc_scatter,physical,cold,contiguous,2,32,64,51,1.0000,0,168200,169400,170058.8,173100,178300,1738.9,169400,170058.8,0.360
scatter,virtual,cold,contiguous,2,64,128,51,1.0000,1500,843800,847400,847588.2,850600,853500,1733.2,848900,849070.6,0.144
scatter,physical,cold,contiguous,2,64,128,51,1.0000,1400,169500,170700,171127.5,173900,177200,1524.1,172100,172547.1,0.715
lc_scatter,physical,cold,contiguous,2,64,128,51,1.0000,0,168400,170200,170178.4,171400,176300,1240.9,170200,170178.4,0.717
scatter,virtual,cold,contiguous,2,128,256,51,1.0000,1500,844400,847300,849162.7,859200,900200,8290.8,848800,850652.9,0.288
scatter,physical,cold,contiguous,2,128,256,51,1.0000,1400,169900,172000,176374.5,209100,239100,13042.0,173500,177833.3,1.419
lc_scatter,physical,cold,contiguous,2,128,256,51,1.0000,0,167900,169900,170441.2,176700,179700,2375.6,169900,170441.2,1.437
scatter,virtual,cold,contiguous,2,256,512,51,1.0000,1400,844000,847600,849043.1,866000,875900,5703.7,849000,850490.2,0.576
scatter,physical,cold,contiguous,2,256,512,51,1.0000,1400,170000,172100,172884.3,179400,206300,5167.6,173500,174321.6,2.837
lc_scatter,physical,cold,contiguous,2,256,512,51,1.0000,0,168600,170300,170737.3,173700,187800,2732.0,170300,170737.3,2.867
scatter,virtual,cold,contiguous,2,512,1024,51,1.0000,1500,844200,847100,847672.5,851500,862500,3253.2,848600,849139.2,1.153
scatter,physical,cold,contiguous,2,512,1024,51,1.0000,1400,170900,172800,173180.4,176300,186700,2291.5,174300,174617.6,5.651
lc_scatter,physical,cold,contiguous,2,512,1024,51,1.0000,0,169100,170700,171649.0,177900,181300,2646.6,170700,171649.0,5.721
scatter,virtual,cold,contiguous,2,768,1536,51,1.0000,1500,842900,848900,858231.4,867700,1219700,52778.2,850400,859749.0,1.726
scatter,physical,cold,contiguous,2,768,1536,51,1.0000,1400,171500,173200,173317.6,175100,177900,1222.9,174600,174774.5,8.458
lc_scatter,physical,cold,contiguous,2,768,1536,51,1.0000,0,169800,171500,173217.6,176700,232400,8669.2,171500,173217.6,8.541
scatter,virtual,cold,contiguous,2,1024,2048,51,1.0000,1500,834000,849300,851221.6,861500,913200,9809.4,850800,852768.6,2.300
scatter,physical,cold,contiguous,2,1024,2048,51,1.0000,1400,173600,175200,175766.7,178600,189000,2384.0,176600,177194.1,11.148
lc_scatter,physical,cold,contiguous,2,1024,2048,51,1.0000,0,171200,173000,173241.2,174400,185600,1923.7,173000,173241.2,11.290
scatter,virtual,cold,contiguous,2,2048,4096,51,1.0000,1500,832600,836900,838833.3,856100,858900,6141.9,838400,840317.6,4.668
scatter,physical,cold,contiguous,2,2048,4096,51,1.0000,1400,158900,160500,161623.5,173300,174600,3491.7,162000,163066.7,24.338
lc_scatter,physical,cold,contiguous,2,2048,4096,51,1.0000,0,233100,235400,235405.9,237600,238900,1356.1,235400,235405.9,16.594
scatter,virtual,cold,contiguous,2,4096,8192,51,1.0000,1200,834200,837400,840625.5,855200,873500,7985.0,838600,841837.3,9.329
scatter,physical,cold,contiguous,2,4096,8192,51,1.0000,1200,158500,160000,161900.0,175600,179500,4883.5,161200,163115.7,48.828
scatter_page,virtual,cold,contiguous,2,4096,8192,51,1.0000,1200,833000,836800,839403.9,855400,877600,7679.5,838000,840594.1,9.336
scalar,virtual,cold,contiguous,2,4096,8192,51,1.0000,0,1013700,1017700,1020237.3,1031900,1113800,14046.7,1017700,1020237.3,7.677
lc_scatter,physical,cold,contiguous,2,4096,8192,51,1.0000,0,157400,159600,161013.7,173000,187800,5339.0,159600,161013.7,48.951
scatter,virtual,cold,contiguous,4,8,32,51,1.0000,1800,845000,848400,849078.4,853900,860700,2848.4,850300,850941.2,0.036
scatter,physical,cold,contiguous,4,8,32,51,1.0000,1800,170800,172400,173358.8,176800,200800,4151.0,174200,175178.4,0.177
scatter_page,virtual,cold,contiguous,4,8,32,51,1.0000,1800,863600,868000,870470.6,885400,894300,6991.1,869800,872352.9,0.035
scalar,virtual,cold,contiguous,4,8,32,51,1.0000,0,1350400,1355600,1356835.3,1362000,1392000,7494.6,1355600,1356835.3,0.023
lc_scatter,physical,cold,contiguous,4,8,32,51,1.0000,0,168900,170600,170982.4,173400,182500,1940.2,170600,170982.4,0.179
scatter,virtual,cold,contiguous,4,16,64,51,1.0000,1800,845100,848600,849107.8,852600,862600,2776.1,850500,850943.1,0.072
scatter,physical,cold,contiguous,4,16,64,51,1.0000,1900,170900,173100,174339.2,180900,203800,4938.3,174900,176256.9,0.353
lc_scatter,physical,cold,contiguous,4,16,64,51,1.0000,0,168700,171100,171203.9,174400,177800,1495.6,171100,171203.9,0.357
scatter,virtual,cold,contiguous,4,32,128,51,1.0000,1800,846000,850200,851229.4,862600,882300,5658.3,852000,853203.9,0.144
scatter,physical,cold,contiguous,4,32,128,51,1.0000,1900,171400,172800,173015.7,175100,176300,1024.4,174700,174890.2,0.706
lc_scatter,physical,cold,contiguous,4,32,128,51,1.0000,0,169200,171000,171405.9,175500,183400,2219.9,171000,171405.9,0.714
scatter,virtual,cold,contiguous,4,64,256,51,1.0000,1800,845900,849200,849511.8,858600,862100,3319.3,850900,851327.5,0.287
scatter,physical,cold,contiguous,4,64,256,51,1.0000,1800,171600,172900,173443.1,175400,184300,2344.5,174800,175264.7,1.412
lc_scatter,physical,cold,contiguous,4,64,256,51,1.0000,0,169200,170900,171552.9,176200,194300,3605.2,170900,171552.9,1.429
scatter,virtual,cold,contiguous,4,128,512,51,1.0000,1800,844900,849000,849441.2,854900,858800,2712.4,850800,851280.4,0.575
scatter,physical,cold,contiguous,4,128,512,51,1.0000,1800,171700,173000,173151.0,175300,176300,981.1,174800,175000.0,2.822
lc_scatter,physical,cold,contiguous,4,128,512,51,1.0000,0,169000,170800,172156.9,181300,189200,3898.4,170800,172156.9,2.859
scatter,virtual,cold,contiguous,4,256,1024,51,1.0000,1800,846100,849600,850203.9,858300,865500,3475.2,851400,852082.4,1.149
scatter,physical,cold,contiguous,4,256,1024,51,1.0000,1900,171900,174000,175568.6,178200,236100,8826.7,175800,177462.7,5.612
lc_scatter,physical,cold,contiguous,4,256,1024,51,1.0000,0,169900,171400,172078.4,175600,184300,2198.5,171400,172078.4,5.698
scatter,virtual,cold,contiguous,4,512,2048,51,1.0000,1800,846400,850000,850443.1,857800,863400,3198.1,851800,852247.1,2.298
scatter,physical,cold,contiguous,4,512,2048,51,1.0000,1800,175100,176900,177123.5,179300,189200,1961.1,178700,178988.2,11.041
lc_scatter,physical,cold,contiguous,4,512,2048,51,1.0000,0,171300,172900,173354.9,177300,182100,1825.3,172900,173354.9,11.296
scatter,virtual,cold,contiguous,4,768,3072,51,1.0000,1800,846900,850200,850703.9,860600,863800,3406.0,852000,852517.6,3.446
scatter,physical,cold,contiguous,4,768,3072,51,1.0000,1800,175500,177100,177452.9,180700,190100,2100.0,178900,179300.0,16.543
lc_scatter,physical,cold,contiguous,4,768,3072,51,1.0000,0,172700,174000,174164.7,176500,178500,1094.0,174000,174164.7,16.837
scatter,virtual,cold,contiguous,4,1024,4096,51,1.0000,1800,908300,912200,913088.2,920200,929100,3721.6,914000,914915.7,4.282
scatter,physical,cold,contiguous,4,1024,4096,51,1.0000,1900,236900,239200,239727.5,244200,250500,2390.8,241100,241602.0,16.330
lc_scatter,physical,cold,contiguous,4,1024,4096,51,1.0000,0,233100,235300,236119.6,240000,253500,3416.0,235300,236119.6,16.601
scatter,virtual,cold,contiguous,4,2048,8192,51,1.0000,1800,863900,868500,870868.6,882200,885100,6286.5,870200,872680.4,8.995
scatter,physical,cold,contiguous,4,2048,8192,51,1.0000,1900,191000,193000,195078.4,204800,256100,9327.0,194900,196958.8,40.479
lc_scatter,physical,cold,contiguous,4,2048,8192,51,1.0000,0,286900,290100,291466.7,302200,314100,4986.7,290100,291466.7,26.930
scatter,virtual,cold,contiguous,4,4096,16384,51,1.0000,1400,862800,866200,868325.5,879300,880400,5185.0,867700,869794.1,18.039
scatter,physical,cold,contiguous,4,4096,16384,51,1.0000,1400,189200,192000,192511.8,200300,202800,2644.4,193400,194003.9,81.380
scatter_page,virtual,cold,contiguous,4,4096,16384,51,1.0000,1500,863300,866900,869078.4,879900,883100,5361.0,868300,870537.3,18.024
scalar,virtual,cold,contiguous,4,4096,16384,51,1.0000,0,1348900,1354800,1354678.4,1364400,1367400,3525.6,1354800,1354678.4,11.533
lc_scatter,physical,cold,contiguous,4,4096,16384,51,1.0000,0,188500,190600,192680.4,202400,210800,5225.7,190600,192680.4,81.978
scatter,virtual,cold,contiguous,8,8,64,51,1.0000,2500,847000,850200,851292.2,857000,883800,5386.6,852700,853827.5,0.072
scatter,physical,cold,contiguous,8,8,64,51,1.0000,2500,173200,174900,175084.3,176500,181200,1232.8,177500,177570.6,0.349
scatter_page,virtual,cold,contiguous,8,8,64,51,1.0000,2400,942700,945700,946058.8,951600,952100,2371.8,948100,948488.2,0.065
scalar,virtual,cold,contiguous,8,8,64,51,1.0000,0,2023000,2029200,2031366.7,2037900,2114600,12487.3,2029200,2031366.7,0.030
lc_scatter,physical,cold,contiguous,8,8,64,51,1.0000,0,170000,171500,172098.0,177000,179600,1969.2,171500,172098.0,0.356
scatter,virtual,cold,contiguous,8,16,128,51,1.0000,2500,845500,849800,850078.4,853400,864900,2923.7,852300,852611.8,0.144
scatter,physical,cold,contiguous,8,16,128,51,1.0000,2500,173100,174900,174917.6,176700,180900,1284.6,177300,177398.0,0.698
lc_scatter,physical,cold,contiguous,8,16,128,51,1.0000,0,169700,171500,171800.0,173900,177000,1298.2,171500,171800.0,0.712
scatter,virtual,cold,contiguous,8,32,256,51,1.0000,2400,846300,850300,850772.5,853800,881700,4833.6,852700,853207.8,0.287
scatter,physical,cold,contiguous,8,32,256,51,1.0000,2400,173000,174800,175333.3,178500,180700,1431.2,177200,177811.8,1.397
lc_scatter,physical,cold,contiguous,8,32,256,51,1.0000,0,169600,171600,173694.1,184600,233100,9262.8,171600,173694.1,1.423
scatter,virtual,cold,contiguous,8,64,512,51,1.0000,2400,847100,850500,851462.7,858900,859800,2895.3,852900,853986.3,0.574
scatter,physical,cold,contiguous,8,64,512,51,1.0000,2400,173400,174800,175582.4,178300,193200,2825.2,177300,178033.3,2.793
lc_scatter,physical,cold,contiguous,8,64,512,51,1.0000,0,170000,172000,172147.1,174200,175800,1157.3,172000,172147.1,2.839
scatter,virtual,cold,contiguous,8,128,1024,51,1.0000,2500,848100,852100,854594.1,859600,927500,12396.0,854600,857086.3,1.146
scatter,physical,cold,contiguous,8,128,1024,51,1.0000,2400,175000,176600,177345.1,179800,199500,3476.2,179000,179829.4,5.530
lc_scatter,physical,cold,contiguous,8,128,1024,51,1.0000,0,170300,172200,172637.3,177000,182800,2139.8,172200,172637.3,5.671
scatter,virtual,cold,contiguous,8,256,2048,51,1.0000,2400,849200,852800,853864.7,862400,896900,6672.9,855400,856321.6,2.290
scatter,physical,cold,contiguous,8,256,2048,51,1.0000,2400,177500,179500,179521.6,181900,182200,1095.5,182000,181976.5,10.881
lc_scatter,physical,cold,contiguous,8,256,2048,51,1.0000,0,173000,174000,174813.7,177900,192200,3006.6,174000,174813.7,11.225
scatter,virtual,cold,contiguous,8,512,4096,51,1.0000,2400,910000,914700,919137.3,946300,994700,15508.1,917100,921603.9,4.271
scatter,physical,cold,contiguous,8,512,4096,51,1.0000,2500,239300,242600,242829.4,246800,257200,2562.8,245000,245286.3,16.102
lc_scatter,physical,cold,contiguous,8,512,4096,51,1.0000,0,228000,236300,237233.3,245400,263300,4551.8,236300,237233.3,16.531
scatter,virtual,cold,contiguous,8,768,6144,51,1.0000,2400,914700,918000,921462.7,937700,1000200,13931.4,920400,923894.1,6.383
scatter,physical,cold,contiguous,8,768,6144,51,1.0000,2500,242400,245000,245243.1,248500,254400,1942.9,247500,247705.9,23.916
lc_scatter,physical,cold,contiguous,8,768,6144,51,1.0000,0,236900,239700,240051.0,242300,249400,1905.1,239700,240051.0,24.445
scatter,virtual,cold,contiguous,8,1024,8192,51,1.0000,2400,964100,980900,979972.5,990900,991800,6038.6,983400,982468.6,7.965
scatter,physical,cold,contiguous,8,1024,8192,51,1.0000,2400,304400,308000,307980.4,311200,313000,1930.3,310400,310429.4,25.365
lc_scatter,physical,cold,contiguous,8,1024,8192,51,1.0000,0,287200,291400,292219.6,301400,305000,3571.8,291400,292219.6,26.810
scatter,virtual,cold,contiguous,8,2048,16384,51,1.0000,2500,942700,947800,950133.3,959800,1030200,12178.9,950300,952654.9,16.486
scatter,physical,cold,contiguous,8,2048,16384,51,1.0000,2400,268800,271800,271696.1,273700,273800,1295.5,274200,274147.1,57.487
lc_scatter,physical,cold,contiguous,8,2048,16384,51,1.0000,0,448400,452200,453356.9,466500,474400,4968.2,452200,453356.9,34.553
scatter,virtual,cold,contiguous,8,4096,32768,51,1.0000,1900,941200,946600,949374.5,976300,988000,8839.8,948600,951321.6,33.013
scatter,physical,cold,contiguous,8,4096,32768,51,1.0000,1900,267700,270500,271052.9,274200,285500,2835.2,272500,273049.0,115.527
scatter_page,virtual,cold,contiguous,8,4096,32768,51,1.0000,1900,942100,946200,946947.1,954500,963700,3821.1,948100,948856.9,33.027
scalar,virtual,cold,contiguous,8,4096,32768,51,1.0000,0,2020600,2031800,2031802.0,2041000,2047000,4432.6,2031800,2031802.0,15.380
lc_scatter,physical,cold,contiguous,8,4096,32768,51,1.0000,0,253500,267200,265235.3,270700,273200,5261.2,267200,265235.3,116.954
scatter,virtual,cold,contiguous,12,8,96,51,1.0000,2900,848900,852500,856309.8,904200,924400,14935.9,855600,859364.7,0.107
scatter,physical,cold,contiguous,12,8,96,51,1.0000,3800,175600,177400,178962.7,189200,203300,5031.7,181200,182968.6,0.516
scatter_page,virtual,cold,contiguous,12,8,96,51,1.0000,3000,1010600,1013400,1016568.6,1033100,1041100,7259.9,1016500,1019780.4,0.090
scalar,virtual,cold,contiguous,12,8,96,51,1.0000,0,2696900,2705900,2708647.1,2734500,2758700,10596.8,2705900,2708647.1,0.034
lc_scatter,physical,cold,contiguous,12,8,96,51,1.0000,0,171100,172700,173049.0,175000,182700,1717.6,172700,173049.0,0.530
scatter,virtual,cold,contiguous,12,16,192,51,1.0000,3000,848600,852100,852333.3,855800,862600,2431.8,855200,855388.2,0.215
scatter,physical,cold,contiguous,12,16,192,51,1.0000,3100,175500,177000,177484.3,181000,189700,2231.6,180100,180552.9,1.034
lc_scatter,physical,cold,contiguous,12,16,192,51,1.0000,0,171000,173100,176607.8,188100,192400,6672.4,173100,176607.8,1.058
scatter,virtual,cold,contiguous,12,32,384,51,1.0000,3000,848800,852200,853780.4,859000,906100,8001.5,855100,856898.0,0.430
scatter,physical,cold,contiguous,12,32,384,51,1.0000,2900,175400,176600,177011.8,180300,185600,1683.6,179500,179960.8,2.074
lc_scatter,physical,cold,contiguous,12,32,384,51,1.0000,0,171100,172800,172994.1,175300,176100,1101.2,172800,172994.1,2.119
scatter,virtual,cold,contiguous,12,64,768,51,1.0000,3000,848900,852600,854902.0,860600,944900,13131.5,855700,857909.8,0.859
scatter,physical,cold,contiguous,12,64,768,51,1.0000,2900,175400,177000,177643.1,186600,188300,2705.5,180100,180627.5,4.138
lc_scatter,physical,cold,contiguous,12,64,768,51,1.0000,0,170600,172400,173096.1,177400,181800,2116.3,172400,173096.1,4.248
scatter,virtual,cold,contiguous,12,128,1536,51,1.0000,3000,851300,853800,854747.1,861800,864300,3027.8,856800,857798.0,1.716
scatter,physical,cold,contiguous,12,128,1536,51,1.0000,3100,178700,181100,181203.9,183700,186600,1387.1,184000,184286.3,8.089
lc_scatter,physical,cold,contiguous,12,128,1536,51,1.0000,0,171800,172900,173178.4,175500,177100,1086.9,172900,173178.4,8.472
scatter,virtual,cold,contiguous,12,256,3072,51,1.0000,3000,910700,916400,917666.7,927300,945400,5937.8,919500,920692.2,3.197
scatter,physical,cold,contiguous,12,256,3072,51,1.0000,3100,242300,244600,244772.5,246800,257900,2238.8,247700,247854.9,11.977
lc_scatter,physical,cold,contiguous,12,256,3072,51,1.0000,0,174200,175800,176125.5,178600,186900,2062.1,175800,176125.5,16.665
scatter,virtual,cold,contiguous,12,512,6144,51,1.0000,3000,916400,919500,920113.7,926000,928500,2484.2,922500,923127.5,6.372
scatter,physical,cold,contiguous,12,512,6144,51,1.0000,3100,245400,247300,247672.5,251200,258100,2406.0,250300,250713.7,23.693
lc_scatter,physical,cold,contiguous,12,512,6144,51,1.0000,0,237700,240300,243266.7,250800,304100,11350.2,240300,243266.7,24.384
scatter,virtual,cold,contiguous,12,768,9216,51,1.0000,3000,981500,986100,987021.6,995300,998800,3612.4,989200,990123.5,8.913
scatter,physical,cold,contiguous,12,768,9216,51,1.0000,3100,309800,314300,315351.0,325500,337000,4772.3,317200,318392.2,27.964
lc_scatter,physical,cold,contiguous,12,768,9216,51,1.0000,0,290400,293200,294123.5,304100,305200,3387.1,293200,294123.5,29.976
scatter,virtual,cold,contiguous,12,1024,12288,51,1.0000,3000,1056000,1062200,1063623.5,1075200,1103400,7216.6,1065200,1066662.7,11.033
scatter,physical,cold,contiguous,12,1024,12288,51,1.0000,3000,385300,390200,390974.5,398600,401000,3747.4,393200,394009.8,30.033
lc_scatter,physical,cold,contiguous,12,1024,12288,51,1.0000,0,366000,370900,374302.0,394500,396100,8822.7,370900,374302.0,31.595
scatter,virtual,cold,contiguous,12,2048,24576,51,1.0000,3000,1009500,1012500,1013374.5,1018600,1033500,3838.0,1015500,1016737.3,23.148
scatter,physical,cold,contiguous,12,2048,24576,51,1.0000,3000,333900,338300,339402.0,354900,377900,6878.7,341500,342411.8,69.280
lc_scatter,physical,cold,contiguous,12,2048,24576,51,1.0000,0,611100,627500,628725.5,635200,711900,13135.3,627500,628725.5,37.351
scatter,virtual,cold,contiguous,12,4096,49152,51,1.0000,2400,1005500,1011500,1014317.6,1031100,1062800,9618.3,1014000,1016862.7,46.342
scatter,physical,cold,contiguous,12,4096,49152,51,1.0000,2500,332300,335600,336084.3,341000,351400,3234.2,338100,338676.5,139.675
scatter_page,virtual,cold,contiguous,12,4096,49152,51,1.0000,2400,1007500,1011600,1012074.5,1018200,1026400,3259.4,1014100,1014464.7,46.337
scalar,virtual,cold,contiguous,12,4096,49152,51,1.0000,0,2701900,2707300,2709874.5,2722100,2780700,11458.2,2707300,2709874.5,17.314
lc_scatter,physical,cold,contiguous,12,4096,49152,51,1.0000,0,329400,332200,332370.6,334800,338200,1570.1,332200,332370.6,141.105
scatter,virtual,cold,contiguous,16,8,128,51,1.0000,3500,850800,854800,855196.1,862100,862500,2854.0,858100,858690.2,0.143
scatter,physical,cold,contiguous,16,8,128,51,1.0000,3500,178200,179500,179849.0,181600,186700,1501.4,183100,183370.6,0.680
scatter_page,virtual,cold,contiguous,16,8,128,51,1.0000,3400,1183600,1189900,1194392.2,1238900,1244100,13512.7,1193500,1197845.1,0.103
scalar,virtual,cold,contiguous,16,8,128,51,1.0000,0,3373700,3381100,3385505.9,3397800,3553900,25048.1,3381100,3385505.9,0.036
lc_scatter,physical,cold,contiguous,16,8,128,51,1.0000,0,172400,173900,174431.4,175600,190800,3045.0,173900,174431.4,0.702
scatter,virtual,cold,contiguous,16,16,256,51,1.0000,3600,850000,854700,855733.3,865200,868000,4048.2,858300,859413.7,0.286
scatter,physical,cold,contiguous,16,16,256,51,1.0000,3600,177600,179300,179886.3,182300,196400,2864.2,182900,183541.2,1.362
lc_scatter,physical,cold,contiguous,16,16,256,51,1.0000,0,172700,173800,174303.9,175400,190500,2422.2,173800,174303.9,1.405
scatter,virtual,cold,contiguous,16,32,512,51,1.0000,3500,850300,854100,856802.0,861800,964200,15557.0,857600,860315.7,0.572
scatter,physical,cold,contiguous,16,32,512,51,1.0000,3500,177400,179300,179743.1,182300,189700,1803.4,182900,183509.8,2.723
lc_scatter,physical,cold,contiguous,16,32,512,51,1.0000,0,172900,175100,175368.6,178100,185300,2040.0,175100,175368.6,2.789
scatter,virtual,cold,contiguous,16,64,1024,51,1.0000,3500,850900,855100,859178.4,893600,915100,13205.3,858600,862829.4,1.142
scatter,physical,cold,contiguous,16,64,1024,51,1.0000,3500,177600,179600,179825.5,182100,182300,1140.7,183200,183370.6,5.437
lc_scatter,physical,cold,contiguous,16,64,1024,51,1.0000,0,173200,174400,174892.2,177200,189800,2304.8,174400,174892.2,5.600
scatter,virtual,cold,contiguous,16,128,2048,51,1.0000,3500,911600,917000,917433.3,924800,933400,3982.6,920500,920986.3,2.130
scatter,physical,cold,contiguous,16,128,2048,51,1.0000,3700,240400,243500,254239.2,253900,748900,70719.8,247500,257996.1,8.021
lc_scatter,physical,cold,contiguous,16,128,2048,51,1.0000,0,172500,174700,175139.2,178200,190600,2545.3,174700,175139.2,11.180
scatter,virtual,cold,contiguous,16,256,4096,51,1.0000,3600,916700,921400,924200.0,944400,963600,9563.5,925000,927854.9,4.239
scatter,physical,cold,contiguous,16,256,4096,51,1.0000,3600,244600,247400,247907.8,255000,258400,2818.3,251000,251609.8,15.789
lc_scatter,physical,cold,contiguous,16,256,4096,51,1.0000,0,234800,237500,238370.6,240900,272500,5133.1,237500,238370.6,16.447
scatter,virtual,cold,contiguous,16,512,8192,51,1.0000,3600,981700,987600,989798.0,1002100,1029300,7271.2,991200,993386.3,7.911
scatter,physical,cold,contiguous,16,512,8192,51,1.0000,3600,310800,313700,313813.7,318000,323200,2089.9,317300,317425.5,24.904
lc_scatter,physical,cold,contiguous,16,512,8192,51,1.0000,0,287900,293000,296468.6,312100,315100,7742.1,293000,296468.6,26.664
scatter,virtual,cold,contiguous,16,768,12288,51,1.0000,3500,1056400,1066100,1067335.3,1083600,1090000,6042.8,1069700,1070913.7,10.992
scatter,physical,cold,contiguous,16,768,12288,51,1.0000,3600,389300,392900,393047.1,398200,399700,2427.5,396400,396639.2,29.826
lc_scatter,physical,cold,contiguous,16,768,12288,51,1.0000,0,361300,372900,376068.6,392300,415500,9427.9,372900,376068.6,31.426
scatter,virtual,cold,contiguous,16,1024,16384,51,1.0000,3500,1141500,1148300,1150219.6,1163700,1190100,7324.6,1152100,1153837.3,13.607
scatter,physical,cold,contiguous,16,1024,16384,51,1.0000,3600,471300,475900,475919.6,480100,486800,2849.9,479300,479521.6,32.833
lc_scatter,physical,cold,contiguous,16,1024,16384,51,1.0000,0,448200,452600,456470.6,471900,482900,7855.1,452600,456470.6,34.523
scatter,virtual,cold,contiguous,16,2048,32768,51,1.0000,3500,1184400,1190700,1195296.1,1227500,1267700,15035.8,1194100,1198845.1,26.245
scatter,physical,cold,contiguous,16,2048,32768,51,1.0000,3500,510600,515300,525003.9,610200,620300,26677.9,519000,528570.6,60.644
lc_scatter,physical,cold,contiguous,16,2048,32768,51,1.0000,0,940500,950300,954584.3,1007800,1015800,16328.7,950300,954584.3,32.884
scatter,virtual,cold,contiguous,16,4096,65536,51,1.0000,2900,1182100,1188100,1190823.5,1202400,1249100,12096.4,1191200,1193790.2,52.605
scatter,physical,cold,contiguous,16,4096,65536,51,1.0000,3000,508300,514000,520751.0,571700,619200,21643.9,517000,523809.8,121.595
scatter_page,virtual,cold,contiguous,16,4096,65536,51,1.0000,2900,1183400,1188600,1191347.1,1206600,1239500,10616.7,1191400,1194258.8,52.583
scalar,virtual,cold,contiguous,16,4096,65536,51,1.0000,0,3374800,3383100,3386082.4,3401800,3450500,11813.2,3383100,3386082.4,18.474
lc_scatter,physical,cold,contiguous,16,4096,65536,51,1.0000,0,492500,508200,506627.5,518200,577900,12580.9,508200,506627.5,122.983
scatter,virtual,cold,contiguous,20,8,160,51,1.0000,4100,850600,855700,857021.6,870600,889600,6169.9,859800,861202.0,0.178
scatter,physical,cold,contiguous,20,8,160,51,1.0000,4200,179800,181600,182009.8,184200,191900,1916.4,185700,186184.3,0.840
scatter_page,virtual,cold,contiguous,20,8,160,51,1.0000,4100,1250100,1255100,1257464.7,1272100,1307000,10037.1,1259300,1261598.0,0.122
scalar,virtual,cold,contiguous,20,8,160,51,1.0000,0,4049500,4056400,4057762.7,4066600,4095400,7160.4,4056400,4057762.7,0.038
lc_scatter,physical,cold,contiguous,20,8,160,51,1.0000,0,173800,175500,175549.0,177400,178600,988.0,175500,175549.0,0.869
scatter,virtual,cold,contiguous,20,16,320,51,1.0000,4200,851700,856500,857374.5,867300,875000,4040.0,860800,861584.3,0.356
scatter,physical,cold,contiguous,20,16,320,51,1.0000,4200,180500,182100,182460.8,184600,192900,1833.4,186300,186709.8,1.676
lc_scatter,physical,cold,contiguous,20,16,320,51,1.0000,0,173500,175200,175682.4,178900,184800,1972.5,175200,175682.4,1.742
scatter,virtual,cold,contiguous,20,32,640,51,1.0000,4100,852100,856700,857905.9,866000,870000,3827.5,860800,862096.1,0.712
scatter,physical,cold,contiguous,20,32,640,51,1.0000,4100,180500,182300,183027.5,186300,203300,3240.4,186500,187227.5,3.348
lc_scatter,physical,cold,contiguous,20,32,640,51,1.0000,0,174400,176000,176458.8,179400,186700,1882.1,176000,176458.8,3.468
scatter,virtual,cold,contiguous,20,64,1280,51,1.0000,4100,852200,855500,859515.7,876700,931700,14191.3,859800,863952.9,1.427
scatter,physical,cold,contiguous,20,64,1280,51,1.0000,4100,180400,181900,182335.3,186300,191800,2033.0,186100,186509.8,6.711
lc_scatter,physical,cold,contiguous,20,64,1280,51,1.0000,0,173600,175300,175417.6,177100,185100,1692.3,175300,175417.6,6.964
scatter,virtual,cold,contiguous,20,128,2560,51,1.0000,4100,909000,919600,920974.5,933600,937500,5504.8,923800,925141.2,2.655
scatter,physical,cold,contiguous,20,128,2560,51,1.0000,4200,244700,246700,247574.5,250300,274600,4508.5,250800,251835.3,9.896
lc_scatter,physical,cold,contiguous,20,128,2560,51,1.0000,0,173800,175800,175747.1,177900,178300,1042.8,175800,175747.1,13.887
scatter,virtual,cold,contiguous,20,256,5120,51,1.0000,4100,919600,923900,924754.9,929200,954400,5385.8,928000,928894.1,5.285
scatter,physical,cold,contiguous,20,256,5120,51,1.0000,4200,248000,250700,252390.2,257500,308000,8301.9,254900,256621.6,19.477
lc_scatter,physical,cold,contiguous,20,256,5120,51,1.0000,0,236900,240000,240629.4,244000,265100,4217.5,240000,240629.4,20.345
scatter,virtual,cold,contiguous,20,512,10240,51,1.0000,4100,1055100,1061300,1065600.0,1088400,1133800,13173.8,1065500,1069868.6,9.202
scatter,physical,cold,contiguous,20,512,10240,51,1.0000,4200,379800,387700,388688.2,395500,398800,3837.0,391900,392909.8,25.189
lc_scatter,physical,cold,contiguous,20,512,10240,51,1.0000,0,297900,301600,302827.5,312600,315700,4141.2,301600,302827.5,32.379
scatter,virtual,cold,contiguous,20,768,15360,51,1.0000,4100,1139400,1145000,1146776.5,1161100,1162600,5656.1,1149100,1150933.3,12.793
scatter,physical,cold,contiguous,20,768,15360,51,1.0000,4200,465000,472300,473121.6,482500,493900,4654.9,476500,477307.8,31.015
lc_scatter,physical,cold,contiguous,20,768,15360,51,1.0000,0,383000,386200,389884.3,410300,435700,10245.5,386200,389884.3,37.930
scatter,virtual,cold,contiguous,20,1024,20480,51,1.0000,4200,1224100,1231900,1236180.4,1275800,1321800,17783.9,1236100,1240398.0,15.855
scatter,physical,cold,contiguous,20,1024,20480,51,1.0000,4200,554000,558800,559864.7,568800,601400,6658.5,563000,564070.6,34.952
lc_scatter,physical,cold,contiguous,20,1024,20480,51,1.0000,0,530700,536500,542043.1,560900,610900,13330.0,536500,542043.1,36.405
scatter,virtual,cold,contiguous,20,2048,40960,51,1.0000,4200,1250600,1255900,1258745.1,1277500,1301400,9804.6,1260200,1263168.6,31.103
scatter,physical,cold,contiguous,20,2048,40960,51,1.0000,4200,576900,583100,585498.0,603600,629600,9392.6,587400,589703.9,66.991
lc_scatter,physical,cold,contiguous,20,2048,40960,51,1.0000,0,1099900,1107400,1114786.3,1157000,1176700,18249.8,1107400,1114786.3,35.274
scatter,virtual,cold,contiguous,20,4096,81920,51,1.0000,3400,1249000,1255900,1259513.7,1293900,1336900,14749.5,1259400,1263009.8,62.206
scatter,physical,cold,contiguous,20,4096,81920,51,1.0000,3400,576500,580700,583913.7,616200,632600,10626.9,584300,587415.7,134.536
scatter_page,virtual,cold,contiguous,20,4096,81920,51,1.0000,3400,1249400,1254500,1257258.8,1295500,1298000,10644.3,1257900,1260617.6,62.276
scalar,virtual,cold,contiguous,20,4096,81920,51,1.0000,0,4048800,4055900,4060762.7,4070800,4222600,24828.9,4055900,4060762.7,19.262
lc_scatter,physical,cold,contiguous,20,4096,81920,51,1.0000,0,569700,573900,583105.9,648500,679700,25201.5,573900,583105.9,136.130
scatter,virtual,cold,contiguous,24,8,192,51,1.0000,4600,853600,856900,859505.9,865700,950800,13375.9,861500,864145.1,0.214
scatter,physical,cold,contiguous,24,8,192,51,1.0000,5300,181500,183600,185115.7,193500,212600,5519.1,189100,190547.1,0.997
scatter_page,virtual,cold,contiguous,24,8,192,51,1.0000,4600,1314800,1321000,1322068.6,1333700,1354900,6361.8,1325700,1326702.0,0.139
scalar,virtual,cold,contiguous,24,8,192,51,1.0000,0,4722500,4732200,4734511.8,4750200,4784600,10119.3,4732200,4734511.8,0.039
lc_scatter,physical,cold,contiguous,24,8,192,51,1.0000,0,174500,176000,176151.0,177500,178400,882.4,176000,176151.0,1.040
scatter,virtual,cold,contiguous,24,16,384,51,1.0000,4700,854300,857600,858362.7,862800,882700,4425.9,862500,863052.9,0.427
scatter,physical,cold,contiguous,24,16,384,51,1.0000,5400,181200,183400,184203.9,187400,200000,3325.7,188900,189662.7,1.997
lc_scatter,physical,cold,contiguous,24,16,384,51,1.0000,0,173900,175600,175835.3,177600,185200,1774.8,175600,175835.3,2.085
scatter,virtual,cold,contiguous,24,32,768,51,1.0000,4600,853400,856900,856772.5,858900,861900,1395.7,861500,861407.8,0.855
scatter,physical,cold,contiguous,24,32,768,51,1.0000,5300,181900,184100,184194.1,185900,190600,1352.7,189400,189541.2,3.978
lc_scatter,physical,cold,contiguous,24,32,768,51,1.0000,0,174500,176000,176296.1,177900,188100,1893.0,176000,176296.1,4.161
scatter,virtual,cold,contiguous,24,64,1536,51,1.0000,4600,854200,858300,861603.9,870600,952500,13739.3,863000,866300.0,1.707
scatter,physical,cold,contiguous,24,64,1536,51,1.0000,5300,182700,184100,184551.0,187700,195100,1949.7,189500,189886.3,7.957
lc_scatter,physical,cold,contiguous,24,64,1536,51,1.0000,0,174300,176200,177805.9,182400,239900,9095.7,176200,177805.9,8.314
scatter,virtual,cold,contiguous,24,128,3072,51,1.0000,4700,915600,922100,922778.4,928400,960400,5991.4,926800,927464.7,3.177
scatter,physical,cold,contiguous,24,128,3072,51,1.0000,5400,245700,248800,249137.3,255700,258300,2407.5,254200,254545.1,11.775
lc_scatter,physical,cold,contiguous,24,128,3072,51,1.0000,0,173900,175500,175843.1,178800,183500,1741.4,175500,175843.1,16.693
scatter,virtual,cold,contiguous,24,256,6144,51,1.0000,4700,981900,987500,988045.1,996600,1005700,4154.0,992100,992743.1,5.934
scatter,physical,cold,contiguous,24,256,6144,51,1.0000,5400,310800,314700,315547.1,318600,358900,6772.5,320100,321003.9,18.619
lc_scatter,physical,cold,contiguous,24,256,6144,51,1.0000,0,236900,240000,240090.2,242600,243200,1269.4,240000,240090.2,24.414
scatter,virtual,cold,contiguous,24,512,12288,51,1.0000,4700,1065200,1071000,1071813.7,1083800,1090000,5062.6,1075700,1076488.2,10.942
scatter,physical,cold,contiguous,24,512,12288,51,1.0000,5400,393700,397400,400270.6,410000,491200,13600.4,402900,405774.5,29.489
lc_scatter,physical,cold,contiguous,24,512,12288,51,1.0000,0,366100,372500,375433.3,393400,410000,8661.4,372500,375433.3,31.460
scatter,virtual,cold,contiguous,24,768,18432,51,1.0000,4700,1218300,1223900,1225456.9,1238600,1249200,6142.6,1228600,1230264.7,14.362
scatter,physical,cold,contiguous,24,768,18432,51,1.0000,5400,546000,550900,551492.2,557900,576600,4648.1,556300,556935.3,31.908
lc_scatter,physical,cold,contiguous,24,768,18432,51,1.0000,0,456600,462700,466368.6,478800,484900,7583.0,462700,466368.6,37.990
scatter,virtual,cold,contiguous,24,1024,24576,51,1.0000,4700,1557500,1563800,1567121.6,1610300,1621700,12918.2,1568600,1571858.8,14.988
scatter,physical,cold,contiguous,24,1024,24576,51,1.0000,5400,886100,892300,895884.3,942800,949900,13823.2,897600,901309.8,26.266
lc_scatter,physical,cold,contiguous,24,1024,24576,51,1.0000,0,610200,626200,624578.4,634800,639100,6791.1,626200,624578.4,37.428
scatter,virtual,cold,contiguous,24,2048,49152,51,1.0000,4700,1316900,1320500,1322135.3,1330800,1355900,6963.8,1325200,1326909.8,35.498
scatter,physical,cold,contiguous,24,2048,49152,51,1.0000,5300,644400,669300,688760.8,747600,762900,43567.2,674500,694131.4,70.036
lc_scatter,physical,cold,contiguous,24,2048,49152,51,1.0000,0,1259400,1275800,1278031.4,1300700,1336600,13556.1,1275800,1278031.4,36.742
scatter,virtual,cold,contiguous,24,4096,98304,51,1.0000,3900,1311700,1318200,1319219.6,1326300,1351300,5871.9,1322100,1323282.4,71.120
scatter,physical,cold,contiguous,24,4096,98304,51,1.0000,4600,641100,646600,660423.5,738200,740600,31687.7,651300,665127.5,144.989
scatter_page,virtual,cold,contiguous,24,4096,98304,51,1.0000,3900,1314700,1318800,1320898.0,1339600,1348400,7333.1,1322700,1324798.0,71.087
scalar,virtual,cold,contiguous,24,4096,98304,51,1.0000,0,4725500,4734700,4738649.0,4760200,4838000,16182.9,4734700,4738649.0,19.801
lc_scatter,physical,cold,contiguous,24,4096,98304,51,1.0000,0,633500,637900,638811.8,643500,670600,5078.8,637900,638811.8,146.967
scatter,virtual,cold,contiguous,26,8,208,51,1.0000,5100,854800,859000,860017.6,871500,891700,5575.2,864000,865100.0,0.231
scatter,physical,cold,contiguous,26,8,208,51,1.0000,5000,182800,184300,185025.5,188200,204300,3106.6,189300,190045.1,1.076
scatter_page,virtual,cold,contiguous,26,8,208,51,1.0000,4900,1423900,1428000,1433666.7,1480400,1510700,17651.6,1432800,1438580.4,0.139
scalar,virtual,cold,contiguous,26,8,208,51,1.0000,0,5061900,5076100,5085515.7,5110100,5340900,48534.1,5076100,5085515.7,0.039
lc_scatter,physical,cold,contiguous,26,8,208,51,1.0000,0,174600,176400,177494.1,182800,211700,5429.2,176400,177494.1,1.125
scatter,virtual,cold,contiguous,26,16,416,51,1.0000,5000,856000,859500,861323.5,870700,892000,6017.7,864500,866368.6,0.462
scatter,physical,cold,contiguous,26,16,416,51,1.0000,5700,183000,184700,185739.2,193300,207500,3759.5,190400,191886.3,2.148
lc_scatter,physical,cold,contiguous,26,16,416,51,1.0000,0,174800,176300,176713.7,180800,186300,1962.8,176300,176713.7,2.250
scatter,virtual,cold,contiguous,26,32,832,51,1.0000,4900,854500,858400,859586.3,869100,871100,3750.3,863300,864682.4,0.924
scatter,physical,cold,contiguous,26,32,832,51,1.0000,5600,183300,185000,185290.2,187900,190200,1358.9,190600,190919.6,4.289
lc_scatter,physical,cold,contiguous,26,32,832,51,1.0000,0,174400,176500,176739.2,179900,184500,1713.8,176500,176739.2,4.496
scatter,virtual,cold,contiguous,26,64,1664,51,1.0000,4900,854400,858200,860586.3,871900,895800,7759.7,863200,865529.4,1.849
scatter,physical,cold,contiguous,26,64,1664,51,1.0000,5600,183500,184900,185047.1,186600,187800,896.1,190500,190658.8,8.583
lc_scatter,physical,cold,contiguous,26,64,1664,51,1.0000,0,175100,176600,176951.0,178800,183400,1346.6,176600,176951.0,8.986
scatter,virtual,cold,contiguous,26,128,3328,51,1.0000,4900,919500,924700,925829.4,937800,939800,4583.7,929600,930794.1,3.432
scatter,physical,cold,contiguous,26,128,3328,51,1.0000,5700,249000,250900,251247.1,253700,258200,1665.7,256600,256927.5,12.650
lc_scatter,physical,cold,contiguous,26,128,3328,51,1.0000,0,174500,175800,176182.4,178800,183100,1453.5,175800,176182.4,18.054
scatter,virtual,cold,contiguous,26,256,6656,51,1.0000,4900,985800,990200,990790.2,997300,1002200,3709.8,995200,995756.9,6.410
scatter,physical,cold,contiguous,26,256,6656,51,1.0000,5700,312700,317300,318470.6,326200,340200,4315.1,322900,324166.7,20.005
lc_scatter,physical,cold,contiguous,26,256,6656,51,1.0000,0,226800,241100,241141.2,244500,249500,2682.6,241100,241141.2,26.328
scatter,virtual,cold,contiguous,26,512,13312,51,1.0000,4900,1133400,1141200,1141660.8,1145200,1164400,4580.1,1146200,1146621.6,11.125
scatter,physical,cold,contiguous,26,512,13312,51,1.0000,5600,464000,468700,470015.7,481300,497300,5909.3,474400,475672.5,27.086
lc_scatter,physical,cold,contiguous,26,512,13312,51,1.0000,0,373000,376300,377631.4,390200,398700,5091.9,376300,377631.4,33.737
scatter,virtual,cold,contiguous,26,768,19968,51,1.0000,5000,1227400,1235100,1234823.5,1242100,1244100,3331.5,1240100,1239933.3,15.418
scatter,physical,cold,contiguous,26,768,19968,51,1.0000,5700,557100,562300,568333.3,602400,660400,19816.3,568300,574509.8,33.866
lc_scatter,physical,cold,contiguous,26,768,19968,51,1.0000,0,526200,532500,536354.9,556200,568300,9416.5,532500,536354.9,35.761
scatter,virtual,cold,contiguous,26,1024,26624,51,1.0000,4900,1621800,1632200,1639788.2,1688800,1700500,19324.3,1637100,1644760.8,15.556
scatter,physical,cold,contiguous,26,1024,26624,51,1.0000,5600,951200,957800,961609.8,997600,1013800,12976.0,963500,967298.0,26.509
lc_scatter,physical,cold,contiguous,26,1024,26624,51,1.0000,0,872400,879600,881154.9,892200,941300,9304.3,879600,881154.9,28.866
scatter,virtual,cold,contiguous,26,2048,53248,51,1.0000,4900,1424700,1430800,1435382.4,1476300,1496900,15432.6,1435700,1440476.5,35.492
scatter,physical,cold,contiguous,26,2048,53248,51,1.0000,5600,752600,756700,763119.6,801500,883800,25434.3,762300,768713.7,67.109
lc_scatter,physical,cold,contiguous,26,2048,53248,51,1.0000,0,1351600,1360200,1365325.5,1404600,1459700,19195.0,1360200,1365325.5,37.334
scatter,virtual,cold,contiguous,26,4096,106496,51,1.0000,4200,1420500,1426400,1428651.0,1455000,1471700,9343.7,1430700,1432929.4,71.202
scatter,physical,cold,contiguous,26,4096,106496,51,1.0000,4900,748700,753500,768188.2,871700,875700,36128.4,758500,773192.2,134.788
scatter_page,virtual,cold,contiguous,26,4096,106496,51,1.0000,4200,1420500,1426500,1433705.9,1473900,1525200,21382.2,1430600,1437915.7,71.197
scalar,virtual,cold,contiguous,26,4096,106496,51,1.0000,0,5061500,5073100,5075619.6,5100200,5141600,13139.7,5073100,5075619.6,20.020
lc_scatter,physical,cold,contiguous,26,4096,106496,51,1.0000,0,728200,732900,737007.8,777200,818000,15127.2,732900,737007.8,138.576
scatter,virtual,cold,contiguous,27,8,216,51,1.0000,5200,855000,859000,859592.2,864100,872500,3001.9,864300,864841.2,0.240
scatter,physical,cold,contiguous,27,8,216,51,1.0000,5100,183200,184800,185564.7,189100,210100,3806.7,189900,190680.4,1.115
scatter_page,virtual,cold,contiguous,27,8,216,51,1.0000,5000,1423600,1430400,1432633.3,1447200,1478200,9783.9,1435600,1437609.8,0.144
scalar,virtual,cold,contiguous,27,8,216,51,1.0000,0,5229700,5240100,5243166.7,5264400,5309800,12294.4,5240100,5243166.7,0.039
lc_scatter,physical,cold,contiguous,27,8,216,51,1.0000,0,175000,176600,176770.6,179400,181400,1149.7,176600,176770.6,1.166
scatter,virtual,cold,contiguous,27,16,432,51,1.0000,5100,855800,859400,860496.1,865200,892400,5028.6,864600,865592.2,0.479
scatter,physical,cold,contiguous,27,16,432,51,1.0000,5800,183800,185300,185574.5,188600,192200,1631.8,191100,191539.2,2.223
lc_scatter,physical,cold,contiguous,27,16,432,51,1.0000,0,173800,175500,175756.9,177900,178900,1131.1,175500,175756.9,2.348
scatter,virtual,cold,contiguous,27,32,864,51,1.0000,5000,854300,859000,870880.4,873200,1412400,77501.6,863900,875931.4,0.959
scatter,physical,cold,contiguous,27,32,864,51,1.0000,5600,183400,185000,185407.8,188100,196300,1990.3,190600,191113.7,4.454
lc_scatter,physical,cold,contiguous,27,32,864,51,1.0000,0,174500,176700,177060.8,183700,189600,2599.0,176700,177060.8,4.663
scatter,virtual,cold,contiguous,27,64,1728,51,1.0000,4900,854600,858300,858839.2,866200,869900,2869.7,863300,863882.4,1.920
scatter,physical,cold,contiguous,27,64,1728,51,1.0000,5600,183200,185000,185505.9,187200,201300,2516.2,190600,191166.7,8.908
lc_scatter,physical,cold,contiguous,27,64,1728,51,1.0000,0,175100,176500,176909.8,178900,184800,1748.2,176500,176909.8,9.337
scatter,virtual,cold,contiguous,27,128,3456,51,1.0000,5100,920000,924500,924809.8,931800,935100,3092.5,929500,929886.3,3.565
scatter,physical,cold,contiguous,27,128,3456,51,1.0000,5800,249100,251300,251621.6,254400,261400,1819.4,257100,257411.8,13.115
lc_scatter,physical,cold,contiguous,27,128,3456,51,1.0000,0,174400,175900,176035.3,177900,178300,866.2,175900,176035.3,18.737
scatter,virtual,cold,contiguous,27,256,6912,51,1.0000,5100,985900,991300,1004235.3,1031700,1474900,68775.7,996500,1009533.3,6.650
scatter,physical,cold,contiguous,27,256,6912,51,1.0000,5800,313700,317000,317596.1,320100,331400,2584.5,322700,323462.7,20.794
lc_scatter,physical,cold,contiguous,27,256,6912,51,1.0000,0,227400,242100,242031.4,246300,248800,2813.7,242100,242031.4,27.228
scatter,virtual,cold,contiguous,27,512,13824,51,1.0000,5100,1138800,1143400,1144596.1,1152100,1163900,4681.9,1148400,1149752.9,11.530
scatter,physical,cold,contiguous,27,512,13824,51,1.0000,5800,463300,469600,470390.2,477600,481600,3637.9,475400,476223.5,28.074
lc_scatter,physical,cold,contiguous,27,512,13824,51,1.0000,0,375500,380400,383582.4,400900,408400,7721.7,380400,383582.4,34.657
scatter,virtual,cold,contiguous,27,768,20736,51,1.0000,5100,1291900,1298900,1299327.5,1306000,1316400,4162.6,1304200,1304421.6,15.225
scatter,physical,cold,contiguous,27,768,20736,51,1.0000,5800,620200,626800,626960.8,632400,638800,3511.0,632700,632984.3,31.550
lc_scatter,physical,cold,contiguous,27,768,20736,51,1.0000,0,530500,537700,543931.4,562900,610700,14809.5,537700,543931.4,36.778
scatter,virtual,cold,contiguous,27,1024,27648,51,1.0000,5100,1623900,1629800,1632574.5,1648600,1683900,10712.4,1634800,1637735.3,16.178
scatter,physical,cold,contiguous,27,1024,27648,51,1.0000,5800,951400,956700,961966.7,1002100,1007800,12888.5,962600,967811.8,27.561
lc_scatter,physical,cold,contiguous,27,1024,27648,51,1.0000,0,875400,879400,889054.9,966100,1073800,32879.4,879400,889054.9,29.983
scatter,virtual,cold,contiguous,27,2048,55296,51,1.0000,5000,1427600,1432200,1437572.5,1477400,1505200,16908.0,1437000,1442672.5,36.821
scatter,physical,cold,contiguous,27,2048,55296,51,1.0000,5700,754300,759200,761688.2,775000,813700,10887.6,764800,767586.3,69.460
lc_scatter,physical,cold,contiguous,27,2048,55296,51,1.0000,0,1543900,1553800,1555502.0,1575200,1617800,11246.2,1553800,1555502.0,33.939
scatter,virtual,cold,contiguous,27,4096,110592,51,1.0000,4300,1422200,1428300,1431419.6,1469300,1475400,11404.9,1432600,1435823.5,73.842
scatter,physical,cold,contiguous,27,4096,110592,51,1.0000,5000,752500,756500,761260.8,802900,847800,17645.6,761600,766380.4,139.417
scatter_page,virtual,cold,contiguous,27,4096,110592,51,1.0000,4300,1421500,1428600,1429102.0,1434800,1472100,6807.2,1432800,1433366.7,73.827
scalar,virtual,cold,contiguous,27,4096,110592,51,1.0000,0,5229300,5240600,5244831.4,5280200,5328700,16530.8,5240600,5244831.4,20.125
lc_scatter,physical,cold,contiguous,27,4096,110592,51,1.0000,0,730400,735600,740572.5,781000,792500,12742.8,735600,740572.5,143.378
scatter,virtual,cold,contiguous,28,8,224,51,1.0000,5400,855400,859300,862086.3,874600,923900,10425.9,864700,867902.0,0.249
scatter,physical,cold,contiguous,28,8,224,51,1.0000,5200,184500,185900,186164.7,189600,191200,1376.9,191100,191374.5,1.149
scatter_page,virtual,cold,contiguous,28,8,224,51,1.0000,5200,1426700,1432200,1439029.4,1479700,1511500,17707.7,1437300,1444192.2,0.149
scalar,virtual,cold,contiguous,28,8,224,51,1.0000,0,5397900,5410700,5415074.5,5454700,5467000,14588.0,5410700,5415074.5,0.039
lc_scatter,physical,cold,contiguous,28,8,224,51,1.0000,0,174400,176700,177292.2,179600,198100,3326.5,176700,177292.2,1.209
scatter,virtual,cold,contiguous,28,16,448,51,1.0000,5200,856400,858900,859460.8,865200,868800,2361.1,864200,864684.3,0.497
scatter,physical,cold,contiguous,28,16,448,51,1.0000,5900,184000,185300,185558.8,188600,190800,1209.7,191200,191498.0,2.306
lc_scatter,physical,cold,contiguous,28,16,448,51,1.0000,0,171500,176300,176362.7,178300,180600,1276.9,176300,176362.7,2.423
scatter,virtual,cold,contiguous,28,32,896,51,1.0000,5200,854700,858300,860452.9,871700,921200,9836.9,863600,865690.2,0.996
scatter,physical,cold,contiguous,28,32,896,51,1.0000,5800,183300,185100,185451.0,187500,192200,1342.9,191000,191305.9,4.616
lc_scatter,physical,cold,contiguous,28,32,896,51,1.0000,0,174800,176500,176984.3,181300,185600,2146.2,176500,176984.3,4.841
scatter,virtual,cold,contiguous,28,64,1792,51,1.0000,5200,856000,859800,861505.9,872400,884400,5407.2,865200,866839.2,1.988
scatter,physical,cold,contiguous,28,64,1792,51,1.0000,5800,183800,185300,185702.0,189300,191300,1607.2,191100,191541.2,9.223
lc_scatter,physical,cold,contiguous,28,64,1792,51,1.0000,0,174700,176700,176968.6,179100,186300,1707.0,176700,176968.6,9.672
scatter,virtual,cold,contiguous,28,128,3584,51,1.0000,5200,920500,925000,925829.4,934100,946700,4578.8,930300,931088.2,3.695
scatter,physical,cold,contiguous,28,128,3584,51,1.0000,5900,249300,251700,253441.2,257500,313100,8787.0,257600,259388.2,13.580
lc_scatter,physical,cold,contiguous,28,128,3584,51,1.0000,0,174200,176000,176488.2,180000,190000,2542.8,176000,176488.2,19.420
scatter,virtual,cold,contiguous,28,256,7168,51,1.0000,5200,984900,991900,1006605.9,1003400,1718300,101731.8,997100,1011870.6,6.892
scatter,physical,cold,contiguous,28,256,7168,51,1.0000,5900,313900,317200,317498.0,321000,327900,2224.9,323100,323427.5,21.551
lc_scatter,physical,cold,contiguous,28,256,7168,51,1.0000,0,227800,240600,237164.7,247400,249800,7477.5,240600,237164.7,28.412
scatter,virtual,cold,contiguous,28,512,14336,51,1.0000,5200,1138800,1145500,1146872.5,1157000,1167900,5762.3,1150900,1152213.7,11.935
scatter,physical,cold,contiguous,28,512,14336,51,1.0000,5900,468400,471800,472725.5,480400,496900,4647.1,477700,478635.3,28.978
lc_scatter,physical,cold,contiguous,28,512,14336,51,1.0000,0,378400,382200,386990.2,412200,459200,15287.4,382200,386990.2,35.772
scatter,virtual,cold,contiguous,28,768,21504,51,1.0000,5300,1296700,1304000,1305037.3,1316600,1318900,5299.1,1309300,1310360.8,15.727
scatter,physical,cold,contiguous,28,768,21504,51,1.0000,5900,624000,629300,629335.3,634400,636400,2719.9,635300,635290.2,32.588
lc_scatter,physical,cold,contiguous,28,768,21504,51,1.0000,0,533800,548100,546476.5,558700,559600,7672.7,548100,546476.5,37.416
scatter,virtual,cold,contiguous,28,1024,28672,51,1.0000,5200,1627200,1633100,1634235.3,1640300,1681700,7531.3,1638400,1639480.4,16.743
scatter,physical,cold,contiguous,28,1024,28672,51,1.0000,5800,950500,959000,962551.0,1002800,1034400,15262.2,964600,968405.9,28.513
lc_scatter,physical,cold,contiguous,28,1024,28672,51,1.0000,0,874000,879000,884060.8,926100,949200,15552.4,879000,884060.8,31.108
scatter,virtual,cold,contiguous,28,2048,57344,51,1.0000,5200,1428400,1434400,1437454.9,1477700,1493300,12237.1,1439600,1442654.9,38.126
scatter,physical,cold,contiguous,28,2048,57344,51,1.0000,5800,751800,762100,770813.7,858800,884100,28274.1,767700,776725.5,71.759
lc_scatter,physical,cold,contiguous,28,2048,57344,51,1.0000,0,1605600,1617100,1628090.2,1668400,1841900,35216.0,1617100,1628090.2,33.818
scatter,virtual,cold,contiguous,28,4096,114688,51,1.0000,4400,1421900,1430100,1434103.9,1473000,1481900,13022.4,1434500,1438723.5,76.481
scatter,physical,cold,contiguous,28,4096,114688,51,1.0000,5100,753200,758000,767890.2,873200,881800,30287.2,763200,773078.4,144.294
scatter_page,virtual,cold,contiguous,28,4096,114688,51,1.0000,4400,1422700,1429400,1434284.3,1470000,1488400,14545.4,1433800,1438721.6,76.518
scalar,virtual,cold,contiguous,28,4096,114688,51,1.0000,0,5393700,5406600,5409754.9,5439600,5487900,17651.5,5406600,5409754.9,20.230
lc_scatter,physical,cold,contiguous,28,4096,114688,51,1.0000,0,733400,747800,754766.7,820000,886800,29042.8,747800,754766.7,146.262
scatter,virtual,cold,contiguous,29,8,232,51,1.0000,5700,855400,859300,861633.3,879300,887600,6857.8,864900,867333.3,0.257
scatter,physical,cold,contiguous,29,8,232,51,1.0000,5400,183400,185900,186815.7,194800,208000,4067.4,191200,192392.2,1.190
scatter_page,virtual,cold,contiguous,29,8,232,51,1.0000,5400,1439800,1451400,1471286.3,1547200,1557400,34750.2,1457200,1477778.4,0.152
scalar,virtual,cold,contiguous,29,8,232,51,1.0000,0,5570600,5580800,5586715.7,5618800,5685900,18258.1,5580800,5586715.7,0.040
lc_scatter,physical,cold,contiguous,29,8,232,51,1.0000,0,174900,176600,176721.6,178800,183600,1456.9,176600,176721.6,1.253
scatter,virtual,cold,contiguous,29,16,464,51,1.0000,5500,856900,860400,860721.6,864600,869500,2281.3,865800,866176.5,0.514
scatter,physical,cold,contiguous,29,16,464,51,1.0000,6100,184100,185800,185937.3,190000,192200,1516.8,191900,192137.3,2.382
lc_scatter,physical,cold,contiguous,29,16,464,51,1.0000,0,174800,176400,176754.9,178600,184000,1439.1,176400,176754.9,2.509
scatter,virtual,cold,contiguous,29,32,928,51,1.0000,5300,856900,860200,862643.1,881300,912300,9234.9,865400,867974.5,1.029
scatter,physical,cold,contiguous,29,32,928,51,1.0000,5900,184200,185600,185915.7,187800,190100,974.3,191600,191823.5,4.768
lc_scatter,physical,cold,contiguous,29,32,928,51,1.0000,0,175200,176600,176800.0,178700,179100,971.6,176600,176800.0,5.011
scatter,virtual,cold,contiguous,29,64,1856,51,1.0000,5300,856800,859900,860292.2,864500,875500,2814.3,865300,865615.7,2.058
scatter,physical,cold,contiguous,29,64,1856,51,1.0000,5900,184100,185900,186474.5,188600,206400,3019.1,191800,192396.1,9.521
lc_scatter,physical,cold,contiguous,29,64,1856,51,1.0000,0,174900,176600,176870.6,178900,185200,1518.1,176600,176870.6,10.023
scatter,virtual,cold,contiguous,29,128,3712,51,1.0000,5400,920300,927400,928903.9,938900,948000,5082.0,932700,934352.9,3.817
scatter,physical,cold,contiguous,29,128,3712,51,1.0000,6000,250300,252900,253447.1,258800,266000,2558.0,258900,259464.7,13.998
lc_scatter,physical,cold,contiguous,29,128,3712,51,1.0000,0,174800,176200,176664.7,179500,186600,1815.5,176200,176664.7,20.091
scatter,virtual,cold,contiguous,29,256,7424,51,1.0000,5400,988100,993400,993886.3,999400,1012400,4400.8,998700,999303.9,7.127
scatter,physical,cold,contiguous,29,256,7424,51,1.0000,6000,316200,319000,319447.1,322600,329600,2025.1,325100,325494.1,22.195
lc_scatter,physical,cold,contiguous,29,256,7424,51,1.0000,0,228300,230900,233951.0,244000,249700,6123.9,230900,233951.0,30.663
scatter,virtual,cold,contiguous,29,512,14848,51,1.0000,5400,1144500,1149800,1150790.2,1163600,1168800,4982.5,1155300,1156223.5,12.315
scatter,physical,cold,contiguous,29,512,14848,51,1.0000,6000,472400,476600,477858.8,485500,511800,5770.2,482500,483913.7,29.711
lc_scatter,physical,cold,contiguous,29,512,14848,51,1.0000,0,380800,385800,390231.4,407700,449800,11228.6,385800,390231.4,36.703
scatter,virtual,cold,contiguous,29,768,22272,51,1.0000,5300,1559600,1566800,1573074.5,1619700,1624000,16895.0,1572200,1578517.6,13.556
scatter,physical,cold,contiguous,29,768,22272,51,1.0000,5900,886700,891600,892117.6,901600,914400,4917.1,897500,898076.5,23.823
lc_scatter,physical,cold,contiguous,29,768,22272,51,1.0000,0,536900,555100,552811.8,569100,573000,8139.2,555100,552811.8,38.264
scatter,virtual,cold,contiguous,29,1024,29696,51,1.0000,5300,1690100,1695900,1698631.4,1714900,1749600,10909.8,1701300,1704017.6,16.699
scatter,physical,cold,contiguous,29,1024,29696,51,1.0000,6000,1016900,1022400,1026670.6,1076200,1085200,15194.3,1028500,1032735.3,27.700
lc_scatter,physical,cold,contiguous,29,1024,29696,51,1.0000,0,934500,940500,944602.0,988900,1009800,14175.4,940500,944602.0,30.112
scatter,virtual,cold,contiguous,29,2048,59392,51,1.0000,5300,1438100,1445700,1453015.7,1503600,1531600,21435.0,1451300,1458519.6,39.179
scatter,physical,cold,contiguous,29,2048,59392,51,1.0000,5900,766700,772400,774203.9,780500,823600,10144.2,778100,780182.4,73.331
lc_scatter,physical,cold,contiguous,29,2048,59392,51,1.0000,0,1608700,1620200,1625298.0,1649100,1680600,13650.6,1620200,1625298.0,34.959
scatter,virtual,cold,contiguous,29,4096,118784,51,1.0000,4500,1436200,1442900,1456833.3,1492300,1893600,65449.5,1447500,1461562.7,78.509
scatter,physical,cold,contiguous,29,4096,118784,51,1.0000,5300,764800,771300,774978.4,816400,823400,12299.7,776500,780417.6,146.871
scatter_page,virtual,cold,contiguous,29,4096,118784,51,1.0000,4500,1436500,1442000,1445272.5,1461400,1496500,11183.0,1446600,1449874.5,78.558
scalar,virtual,cold,contiguous,29,4096,118784,51,1.0000,0,5563200,5582900,5614768.6,5827800,5948000,83657.7,5582900,5614768.6,20.291
lc_scatter,physical,cold,contiguous,29,4096,118784,51,1.0000,0,757000,762800,766892.2,801000,823600,13351.4,762800,766892.2,148.507
scatter,virtual,cold,contiguous,30,8,240,51,1.0000,6600,857600,866700,872472.5,906300,924600,15777.2,872500,879388.2,0.264
scatter,physical,cold,contiguous,30,8,240,51,1.0000,5500,184500,186100,188254.9,205100,213500,6005.6,191700,193956.9,1.230
scatter_page,virtual,cold,contiguous,30,8,240,51,1.0000,5500,1453700,1458600,1463478.4,1506500,1513700,15104.8,1464100,1468994.1,0.157
scalar,virtual,cold,contiguous,30,8,240,51,1.0000,0,5732300,5746400,5751311.8,5792500,5875200,21720.3,5746400,5751311.8,0.040
lc_scatter,physical,cold,contiguous,30,8,240,51,1.0000,0,175000,176700,176802.0,179000,181100,1097.9,176700,176802.0,1.295
scatter,virtual,cold,contiguous,30,16,480,51,1.0000,5500,855600,859900,861500.0,867200,918800,8644.2,865400,867054.9,0.532
scatter,physical,cold,contiguous,30,16,480,51,1.0000,6200,184400,186000,186380.4,188800,200300,2268.4,192100,192649.0,2.461
lc_scatter,physical,cold,contiguous,30,16,480,51,1.0000,0,174600,176300,176713.7,180500,184500,1662.3,176300,176713.7,2.597
scatter,virtual,cold,contiguous,30,32,960,51,1.0000,5500,856300,859700,861433.3,872300,886800,5538.2,865100,866996.1,1.065
scatter,physical,cold,contiguous,30,32,960,51,1.0000,6000,185100,186100,186796.1,189400,199800,2519.4,192200,192902.0,4.920
lc_scatter,physical,cold,contiguous,30,32,960,51,1.0000,0,175100,176900,177490.2,183600,184300,1947.0,176900,177490.2,5.175
scatter,virtual,cold,contiguous,30,64,1920,51,1.0000,5500,856900,860100,861007.8,869000,888300,4774.4,865500,866539.2,2.129
scatter,physical,cold,contiguous,30,64,1920,51,1.0000,6000,184800,186500,187147.1,192100,197800,2507.0,192700,193282.4,9.818
lc_scatter,physical,cold,contiguous,30,64,1920,51,1.0000,0,175300,176700,177131.4,181500,185800,1731.9,176700,177131.4,10.363
scatter,virtual,cold,contiguous,30,128,3840,51,1.0000,5500,922100,926400,928160.8,939700,953700,5522.1,931900,933656.9,3.953
scatter,physical,cold,contiguous,30,128,3840,51,1.0000,6200,250700,253300,253492.2,257400,259700,1709.4,259400,259713.7,14.458
lc_scatter,physical,cold,contiguous,30,128,3840,51,1.0000,0,174500,177000,177568.6,184000,190000,2790.7,177000,177568.6,20.690
scatter,virtual,cold,contiguous,30,256,7680,51,1.0000,5500,990200,994400,996390.2,1009400,1019400,6463.2,1000200,1002049.0,7.365
scatter,physical,cold,contiguous,30,256,7680,51,1.0000,6100,316000,320100,320839.2,326000,333000,3064.3,326300,327062.7,22.881
lc_scatter,physical,cold,contiguous,30,256,7680,51,1.0000,0,228400,230500,232552.9,243600,245500,4999.2,230500,232552.9,31.775
scatter,virtual,cold,contiguous,30,512,15360,51,1.0000,5500,1145900,1153100,1153915.7,1164300,1166000,4573.9,1158600,1159431.4,12.704
scatter,physical,cold,contiguous,30,512,15360,51,1.0000,6200,474100,478800,479019.6,483100,485500,2279.2,485000,485209.8,30.594
lc_scatter,physical,cold,contiguous,30,512,15360,51,1.0000,0,383900,388100,393270.6,410800,445300,11191.4,388100,393270.6,37.744
scatter,virtual,cold,contiguous,30,768,23040,51,1.0000,5500,1554500,1563000,1565702.0,1589700,1620500,11873.6,1568500,1571319.6,14.058
scatter,physical,cold,contiguous,30,768,23040,51,1.0000,6100,882600,888100,892443.1,937700,954500,14949.4,894400,898637.3,24.741
lc_scatter,physical,cold,contiguous,30,768,23040,51,1.0000,0,543900,558600,557970.6,562500,568400,4554.0,558600,557970.6,39.335
scatter,virtual,cold,contiguous,30,1024,30720,51,1.0000,5500,1690300,1698000,1707774.5,1758000,1813700,24740.0,1703500,1713402.0,17.254
scatter,physical,cold,contiguous,30,1024,30720,51,1.0000,6100,1017200,1023600,1031094.1,1087400,1107400,20140.8,1029800,1037302.0,28.621
lc_scatter,physical,cold,contiguous,30,1024,30720,51,1.0000,0,935100,942000,949286.3,1004100,1011300,18842.7,942000,949286.3,31.101
scatter,virtual,cold,contiguous,30,2048,61440,51,1.0000,5500,1453200,1459700,1464727.5,1508700,1510100,15164.8,1465200,1470333.3,40.141
scatter,physical,cold,contiguous,30,2048,61440,51,1.0000,6100,782600,787100,790325.5,823700,838800,11228.7,793200,796502.0,74.443
lc_scatter,physical,cold,contiguous,30,2048,61440,51,1.0000,0,1672000,1692100,1694517.6,1753500,1757000,16906.2,1692100,1694517.6,34.628
scatter,virtual,cold,contiguous,30,4096,122880,51,1.0000,4700,1451900,1456800,1457778.4,1470300,1485000,5666.0,1461500,1462623.5,80.442
scatter,physical,cold,contiguous,30,4096,122880,51,1.0000,5400,778600,783700,786056.9,806600,832200,10403.2,789000,791556.9,149.531
scatter_page,virtual,cold,contiguous,30,4096,122880,51,1.0000,4700,1451000,1455400,1459496.1,1494900,1532500,15474.2,1460000,1464149.0,80.519
scalar,virtual,cold,contiguous,30,4096,122880,51,1.0000,0,5728900,5738400,5743027.5,5769800,5840000,16705.1,5738400,5743027.5,20.422
lc_scatter,physical,cold,contiguous,30,4096,122880,51,1.0000,0,770100,773300,777902.0,796200,900600,19492.8,773300,777902.0,151.542
scatter,virtual,cold,contiguous,32,8,256,51,1.0000,5700,916400,920700,921662.7,930500,942300,4492.1,926600,927421.6,0.265
scatter,physical,cold,contiguous,32,8,256,51,1.0000,5700,243900,246600,247341.2,252500,257800,2697.6,252300,253088.2,0.990
scatter_page,virtual,cold,contiguous,32,8,256,51,1.0000,5500,1484100,1490900,1495825.5,1532500,1618800,20202.9,1496400,1501396.1,0.164
scalar,virtual,cold,contiguous,32,8,256,51,1.0000,0,6068700,6079000,6080386.3,6097100,6112600,8434.7,6079000,6080386.3,0.040
lc_scatter,physical,cold,contiguous,32,8,256,51,1.0000,0,235300,237400,237851.0,241700,251100,2373.4,237400,237851.0,1.028
scatter,virtual,cold,contiguous,32,16,512,51,1.0000,5600,917500,921600,922435.3,930000,935300,3439.7,927200,928074.5,0.530
scatter,physical,cold,contiguous,32,16,512,51,1.0000,6500,245100,246900,247439.2,250700,265200,2891.6,253500,253929.4,1.978
lc_scatter,physical,cold,contiguous,32,16,512,51,1.0000,0,234400,237000,237300.0,240500,245100,1930.0,237000,237300.0,2.060
scatter,virtual,cold,contiguous,32,32,1024,51,1.0000,5500,918200,921000,921345.1,924000,932500,2543.6,926500,926900.0,1.060
scatter,physical,cold,contiguous,32,32,1024,51,1.0000,6200,245100,246900,247986.3,254900,257500,2807.4,253200,254284.3,3.955
lc_scatter,physical,cold,contiguous,32,32,1024,51,1.0000,0,234500,236700,237239.2,244000,245100,2261.5,236700,237239.2,4.126
scatter,virtual,cold,contiguous,32,64,2048,51,1.0000,5500,917100,920100,921647.1,929300,960400,6270.1,925700,927325.5,2.123
scatter,physical,cold,contiguous,32,64,2048,51,1.0000,6300,244800,247600,248154.9,254300,261400,3010.0,254000,254527.5,7.888
lc_scatter,physical,cold,contiguous,32,64,2048,51,1.0000,0,234100,236600,236958.8,240200,248900,2309.2,236600,236958.8,8.255
scatter,virtual,cold,contiguous,32,128,4096,51,1.0000,5600,984700,989400,990745.1,1007300,1012400,5555.3,995000,996390.2,3.948
scatter,physical,cold,contiguous,32,128,4096,51,1.0000,6400,312000,314500,315056.9,320300,325400,2554.6,320900,321551.0,12.421
lc_scatter,physical,cold,contiguous,32,128,4096,51,1.0000,0,234000,237100,237251.0,241200,244900,2057.2,237100,237251.0,16.475
scatter,virtual,cold,contiguous,32,256,8192,51,1.0000,5600,1052700,1056400,1056803.9,1062000,1068400,2873.3,1062000,1062394.1,7.395
scatter,physical,cold,contiguous,32,256,8192,51,1.0000,6500,379000,382800,387649.0,414500,438000,12678.4,389200,394760.8,20.409
lc_scatter,physical,cold,contiguous,32,256,8192,51,1.0000,0,288300,291600,293251.0,305700,308100,4800.3,291600,293251.0,26.792
scatter,virtual,cold,contiguous,32,512,16384,51,1.0000,5600,1214800,1221000,1222619.6,1233600,1243800,5932.3,1226700,1228364.7,12.797
scatter,physical,cold,contiguous,32,512,16384,51,1.0000,6400,541900,547600,548805.9,559500,582100,6061.7,554000,555292.2,28.534
lc_scatter,physical,cold,contiguous,32,512,16384,51,1.0000,0,449600,454000,457256.9,469300,474100,6863.4,454000,457256.9,34.416
scatter,virtual,cold,contiguous,32,768,24576,51,1.0000,5500,1558200,1567700,1573015.7,1613800,1621600,15454.1,1573400,1578635.3,14.950
scatter,physical,cold,contiguous,32,768,24576,51,1.0000,6400,878800,892100,896260.8,940400,941400,13758.2,898600,902749.0,26.272
lc_scatter,physical,cold,contiguous,32,768,24576,51,1.0000,0,613800,628700,629096.1,637200,654900,5191.9,628700,629096.1,37.279
scatter,virtual,cold,contiguous,32,1024,32768,51,1.0000,5500,1703100,1708700,1710843.1,1718800,1770300,10776.9,1714300,1716437.3,18.289
scatter,physical,cold,contiguous,32,1024,32768,51,1.0000,6400,1029900,1034400,1037941.2,1041300,1146000,16908.1,1040700,1044329.4,30.211
lc_scatter,physical,cold,contiguous,32,1024,32768,51,1.0000,0,940700,945200,949805.9,994000,1025800,16751.6,945200,949805.9,33.062
scatter,virtual,cold,contiguous,32,2048,65536,51,1.0000,5500,1488500,1494200,1499800.0,1522100,1594300,16353.7,1499700,1505543.1,41.828
scatter,physical,cold,contiguous,32,2048,65536,51,1.0000,6400,815400,820900,824335.3,864100,867000,11576.6,827200,830792.2,76.136
lc_scatter,physical,cold,contiguous,32,2048,65536,51,1.0000,0,1759500,1775800,1779200.0,1787600,1893100,17494.6,1775800,1779200.0,35.195
scatter,virtual,cold,contiguous,32,4096,131072,51,1.0000,4900,1487200,1492400,1498919.6,1556700,1571400,18682.0,1497400,1504029.4,83.758
scatter,physical,cold,contiguous,32,4096,131072,51,1.0000,5700,813500,818600,826152.9,879500,946600,23385.4,824400,831968.6,152.700
scatter_page,virtual,cold,contiguous,32,4096,131072,51,1.0000,4900,1485000,1492000,1493398.0,1502300,1530900,6597.2,1496900,1498256.9,83.780
scalar,virtual,cold,contiguous,32,4096,131072,51,1.0000,0,6073600,6085700,6091737.3,6107600,6350700,38228.8,6085700,6091737.3,20.540
lc_scatter,physical,cold,contiguous,32,4096,131072,51,1.0000,0,804300,808800,811390.2,824900,852100,8922.9,808800,811390.2,154.550
scatter,virtual,cold,contiguous,36,8,288,51,1.0000,6200,921800,925400,927627.5,939100,966800,8162.2,931700,933882.4,0.297
scatter,physical,cold,contiguous,36,8,288,51,1.0000,6100,247900,250000,250670.6,255600,270500,3199.6,256100,256766.7,1.099
scatter_page,virtual,cold,contiguous,36,8,288,51,1.0000,7000,1552000,1559400,1563149.0,1597800,1607400,12083.3,1566700,1570174.5,0.176
scalar,virtual,cold,contiguous,36,8,288,51,1.0000,0,6745100,6757000,6764015.7,6832000,6890900,26012.1,6757000,6764015.7,0.041
lc_scatter,physical,cold,contiguous,36,8,288,51,1.0000,0,237200,240400,240378.4,242400,247700,1606.7,240400,240378.4,1.143
scatter,virtual,cold,contiguous,36,16,576,51,1.0000,7100,921900,925700,926609.8,932800,953700,4559.0,932800,933707.8,0.593
scatter,physical,cold,contiguous,36,16,576,51,1.0000,6200,248000,250500,250935.3,255500,263600,2516.0,256700,257139.2,2.193
lc_scatter,physical,cold,contiguous,36,16,576,51,1.0000,0,236900,239000,239252.9,242500,247700,1820.0,239000,239252.9,2.298
scatter,virtual,cold,contiguous,36,32,1152,51,1.0000,6900,920400,925900,926121.6,930600,947400,3771.7,932700,933070.6,1.187
scatter,physical,cold,contiguous,36,32,1152,51,1.0000,6100,248000,250400,250211.8,252400,254200,1304.1,256500,256364.7,4.388
lc_scatter,physical,cold,contiguous,36,32,1152,51,1.0000,0,236700,239100,239354.9,241200,246000,1522.0,239100,239354.9,4.595
scatter,virtual,cold,contiguous,36,64,2304,51,1.0000,6900,919700,925600,926176.5,932200,943900,3834.1,932800,933152.9,2.374
scatter,physical,cold,contiguous,36,64,2304,51,1.0000,6100,248000,251100,251733.3,257900,279700,4519.7,257200,257954.9,8.751
lc_scatter,physical,cold,contiguous,36,64,2304,51,1.0000,0,235900,239400,239909.8,248600,249700,2918.0,239400,239909.8,9.178
scatter,virtual,cold,contiguous,36,128,4608,51,1.0000,7000,987900,993600,994188.2,1001700,1013900,4200.0,1000500,1001502.0,4.423
scatter,physical,cold,contiguous,36,128,4608,51,1.0000,6200,314600,317900,319268.6,321300,380400,8972.5,324100,325478.4,13.824
lc_scatter,physical,cold,contiguous,36,128,4608,51,1.0000,0,236700,239300,239647.1,242800,247300,1740.0,239300,239647.1,18.364
scatter,virtual,cold,contiguous,36,256,9216,51,1.0000,7000,1059400,1064500,1065705.9,1074200,1077700,4292.2,1071400,1072727.5,8.257
scatter,physical,cold,contiguous,36,256,9216,51,1.0000,6200,385100,388700,389502.0,393600,411400,3686.4,394900,395719.6,22.611
lc_scatter,physical,cold,contiguous,36,256,9216,51,1.0000,0,291500,294600,295292.2,305400,308600,3512.3,294600,295292.2,29.834
scatter,virtual,cold,contiguous,36,512,18432,51,1.0000,7000,1225100,1231900,1232731.4,1245400,1258700,5558.6,1239100,1239756.9,14.269
scatter,physical,cold,contiguous,36,512,18432,51,1.0000,6200,553100,557600,557715.7,562900,564900,2547.7,563800,563931.4,31.525
lc_scatter,physical,cold,contiguous,36,512,18432,51,1.0000,0,457500,462900,466490.2,482600,488400,7780.6,462900,466490.2,37.974
scatter,virtual,cold,contiguous,36,768,27648,51,1.0000,7000,1624700,1635600,1640013.7,1688700,1698600,15921.6,1642700,1647333.3,16.121
scatter,physical,cold,contiguous,36,768,27648,51,1.0000,6200,951900,959100,963264.7,1005300,1013100,13902.8,965500,969568.6,27.492
lc_scatter,physical,cold,contiguous,36,768,27648,51,1.0000,0,875400,879600,883784.3,925700,951900,15776.9,879600,883784.3,29.976
scatter,virtual,cold,contiguous,36,1024,36864,51,1.0000,7000,1843900,1854300,1857213.7,1877400,1913100,12524.8,1861300,1864343.1,18.959
scatter,physical,cold,contiguous,36,1024,36864,51,1.0000,6200,1173700,1179400,1183623.5,1223200,1232200,12919.8,1185600,1189835.3,29.809
lc_scatter,physical,cold,contiguous,36,1024,36864,51,1.0000,0,1016600,1021300,1024225.5,1034800,1085400,12038.8,1021300,1024225.5,34.423
scatter,virtual,cold,contiguous,36,2048,73728,51,1.0000,6900,1554800,1561400,1563962.7,1584800,1597500,9016.5,1568300,1571090.2,45.032
scatter,physical,cold,contiguous,36,2048,73728,51,1.0000,6200,883900,888000,897598.0,1001400,1014800,29524.1,894200,903774.5,79.181
lc_scatter,physical,cold,contiguous,36,2048,73728,51,1.0000,0,1928900,1937900,1940454.9,1949500,1994600,11519.0,1937900,1940454.9,36.283
scatter,virtual,cold,contiguous,36,4096,147456,51,1.0000,6200,1551800,1557100,1560127.5,1584000,1592400,8771.4,1563300,1566615.7,90.312
scatter,physical,cold,contiguous,36,4096,147456,51,1.0000,5300,878600,883900,884741.2,894700,917100,5850.7,889300,890152.9,159.096
scatter_page,virtual,cold,contiguous,36,4096,147456,51,1.0000,6200,1551700,1557600,1559858.8,1579100,1601000,8851.7,1563700,1566090.2,90.283
scalar,virtual,cold,contiguous,36,4096,147456,51,1.0000,0,6743300,6754200,6755698.0,6768500,6773400,6774.9,6754200,6755698.0,20.820
lc_scatter,physical,cold,contiguous,36,4096,147456,51,1.0000,0,867000,870800,872752.9,880800,907200,7299.5,870800,872752.9,161.489
scatter,virtual,cold,contiguous,40,8,320,51,1.0000,7400,922000,925400,926272.5,936000,953200,4778.2,932800,933672.5,0.330
scatter,physical,cold,contiguous,40,8,320,51,1.0000,6800,227500,251300,250811.8,254100,256800,3634.8,258200,257641.2,1.214
scatter_page,virtual,cold,contiguous,40,8,320,51,1.0000,6800,1667500,1680700,1681972.5,1686400,1730000,7883.7,1687600,1688762.7,0.182
scalar,virtual,cold,contiguous,40,8,320,51,1.0000,0,7419900,7436700,7436315.7,7446100,7452600,7144.6,7436700,7436315.7,0.041
lc_scatter,physical,cold,contiguous,40,8,320,51,1.0000,0,237700,239800,239729.4,241700,242400,1086.7,239800,239729.4,1.273
scatter,virtual,cold,contiguous,40,16,640,51,1.0000,6900,923500,927800,929700.0,941800,956100,6060.9,934700,936694.1,0.658
scatter,physical,cold,contiguous,40,16,640,51,1.0000,6900,249600,251500,252145.1,258000,259400,2128.7,258500,259009.8,2.427
lc_scatter,physical,cold,contiguous,40,16,640,51,1.0000,0,236300,239400,239292.2,241700,242500,1228.5,239400,239292.2,2.550
scatter,virtual,cold,contiguous,40,32,1280,51,1.0000,6700,922600,925800,927282.4,938100,939500,4201.6,932700,934009.8,1.319
scatter,physical,cold,contiguous,40,32,1280,51,1.0000,7300,249100,252000,252254.9,254600,266300,2399.1,259400,259690.2,4.844
lc_scatter,physical,cold,contiguous,40,32,1280,51,1.0000,0,237200,239400,239717.6,242300,254000,2427.6,239400,239717.6,5.099
scatter,virtual,cold,contiguous,40,64,2560,51,1.0000,6600,924100,927600,928582.4,932700,973900,6771.2,934100,935258.8,2.632
scatter,physical,cold,contiguous,40,64,2560,51,1.0000,7400,249900,252300,252923.5,256200,275800,3742.1,259700,260327.5,9.677
lc_scatter,physical,cold,contiguous,40,64,2560,51,1.0000,0,236400,238900,239213.7,241000,252900,2258.4,238900,239213.7,10.219
scatter,virtual,cold,contiguous,40,128,5120,51,1.0000,6700,992200,995800,996362.7,1003600,1010600,3309.8,1002600,1003137.3,4.903
scatter,physical,cold,contiguous,40,128,5120,51,1.0000,7500,318500,321100,321911.8,331400,336200,3438.4,328600,329513.7,15.207
lc_scatter,physical,cold,contiguous,40,128,5120,51,1.0000,0,236700,239800,240413.7,244000,254800,3172.8,239800,240413.7,20.362
scatter,virtual,cold,contiguous,40,256,10240,51,1.0000,6700,1067400,1073500,1076698.0,1086800,1191500,16959.6,1080300,1083539.2,9.097
scatter,physical,cold,contiguous,40,256,10240,51,1.0000,7500,393600,398400,400447.1,410200,441600,7434.1,406000,408033.3,24.512
lc_scatter,physical,cold,contiguous,40,256,10240,51,1.0000,0,297400,300200,302380.4,313900,321200,5378.3,300200,302380.4,32.530
scatter,virtual,cold,contiguous,40,512,20480,51,1.0000,6700,1557700,1565800,1568098.0,1587100,1625500,11672.7,1572700,1574817.6,12.474
scatter,physical,cold,contiguous,40,512,20480,51,1.0000,7500,884000,889000,892305.9,937400,944900,13085.4,896400,899843.1,21.970
lc_scatter,physical,cold,contiguous,40,512,20480,51,1.0000,0,529700,545500,542021.6,550800,566700,8601.4,545500,542021.6,35.804
scatter,virtual,cold,contiguous,40,768,30720,51,1.0000,6700,1696000,1703500,1706931.4,1756400,1776000,14845.7,1710300,1713672.5,17.198
scatter,physical,cold,contiguous,40,768,30720,51,1.0000,7500,1019600,1027800,1031884.3,1078100,1087900,14601.7,1035300,1039509.8,28.504
lc_scatter,physical,cold,contiguous,40,768,30720,51,1.0000,0,936600,943700,950988.2,999100,1025000,18561.9,943700,950988.2,31.045
scatter,virtual,cold,contiguous,40,1024,40960,51,1.0000,6700,1927700,1939200,1945625.5,1990700,2002500,16848.7,1946400,1952596.1,20.144
scatter,physical,cold,contiguous,40,1024,40960,51,1.0000,7500,1254900,1263100,1267807.8,1300800,1384400,19269.7,1270700,1275651.0,30.926
lc_scatter,physical,cold,contiguous,40,1024,40960,51,1.0000,0,1095500,1102700,1106768.6,1146600,1170500,14057.9,1102700,1106768.6,35.424
scatter,virtual,cold,contiguous,40,2048,81920,51,1.0000,6700,1676600,1682600,1683052.9,1690100,1696100,3297.1,1689500,1689884.3,46.431
scatter,physical,cold,contiguous,40,2048,81920,51,1.0000,7400,1002100,1009600,1013886.3,1051600,1095300,15969.2,1017000,1021343.1,77.382
lc_scatter,physical,cold,contiguous,40,2048,81920,51,1.0000,0,2207800,2222300,2227123.5,2272900,2277800,15961.6,2222300,2227123.5,35.155
scatter,virtual,cold,contiguous,40,4096,163840,51,1.0000,6100,1673400,1680000,1681715.7,1691000,1725200,7310.3,1686300,1687974.5,93.006
scatter,physical,cold,contiguous,40,4096,163840,51,1.0000,6900,1003900,1006200,1010476.5,1050500,1086300,14291.1,1013300,1017505.9,155.287
scatter_page,virtual,cold,contiguous,40,4096,163840,51,1.0000,6100,1672800,1680500,1682413.7,1704300,1725900,9313.2,1686400,1688484.3,92.978
scalar,virtual,cold,contiguous,40,4096,163840,51,1.0000,0,7425900,7440400,7446584.3,7494300,7510100,19006.9,7440400,7446584.3,21.000
lc_scatter,physical,cold,contiguous,40,4096,163840,51,1.0000,0,976700,981700,986868.6,999100,1039500,11678.4,981700,986868.6,159.163
scatter,virtual,cold,contiguous,48,8,384,51,1.0000,7900,925900,931000,932307.8,950600,957100,6519.3,938900,940280.4,0.393
scatter,physical,cold,contiguous,48,8,384,51,1.0000,8400,253400,255100,255535.3,257900,264700,1827.2,263500,264037.3,1.436
scatter_page,virtual,cold,contiguous,48,8,384,51,1.0000,7900,1790400,1796400,1796264.7,1802600,1806100,3108.9,1804200,1804139.2,0.204
scalar,virtual,cold,contiguous,48,8,384,51,1.0000,0,8777000,8793600,8798162.7,8835200,8911000,23478.1,8793600,8798162.7,0.042
lc_scatter,physical,cold,contiguous,48,8,384,51,1.0000,0,238100,240800,242476.5,257500,270500,6471.8,240800,242476.5,1.521
scatter,virtual,cold,contiguous,48,16,768,51,1.0000,8000,925100,929700,929960.8,933600,943400,2874.0,937600,937929.4,0.788
scatter,physical,cold,contiguous,48,16,768,51,1.0000,8700,252700,255200,255286.3,258200,261200,1649.2,263800,264003.9,2.870
lc_scatter,physical,cold,contiguous,48,16,768,51,1.0000,0,237900,240300,240666.7,243500,247400,1788.4,240300,240666.7,3.048
scatter,virtual,cold,contiguous,48,32,1536,51,1.0000,7900,924200,931800,934521.6,943300,1048700,16762.5,939800,942594.1,1.572
scatter,physical,cold,contiguous,48,32,1536,51,1.0000,8500,252200,255300,255633.3,261200,267200,2619.4,263700,264239.2,5.738
lc_scatter,physical,cold,contiguous,48,32,1536,51,1.0000,0,237500,240200,241870.6,247000,308700,9723.4,240200,241870.6,6.098
scatter,virtual,cold,contiguous,48,64,3072,51,1.0000,7900,926200,930700,930854.9,938100,941800,3256.0,938600,938800.0,3.148
scatter,physical,cold,contiguous,48,64,3072,51,1.0000,8500,254200,256800,261547.1,294000,338700,16910.8,265300,270109.8,11.408
lc_scatter,physical,cold,contiguous,48,64,3072,51,1.0000,0,237300,239800,241243.1,250100,278000,5903.2,239800,241243.1,12.217
scatter,virtual,cold,contiguous,48,128,6144,51,1.0000,7900,1056400,1062500,1063154.9,1071500,1075700,3931.3,1070400,1071145.1,5.515
scatter,physical,cold,contiguous,48,128,6144,51,1.0000,8700,384600,387500,387802.0,394100,399000,2786.5,396100,396709.8,15.121
lc_scatter,physical,cold,contiguous,48,128,6144,51,1.0000,0,237600,240200,240258.8,242800,243700,1432.4,240200,240258.8,24.394
scatter,virtual,cold,contiguous,48,256,12288,51,1.0000,7900,1145100,1150200,1150641.2,1158500,1160000,3513.3,1158200,1158568.6,10.188
scatter,physical,cold,contiguous,48,256,12288,51,1.0000,8700,470600,474400,478994.1,510000,537400,13419.4,483200,487774.5,24.702
lc_scatter,physical,cold,contiguous,48,256,12288,51,1.0000,0,368000,372900,375637.3,391500,394400,7147.2,372900,375637.3,31.426
scatter,virtual,cold,contiguous,48,512,24576,51,1.0000,7900,1627700,1634000,1641949.0,1690000,1738500,21869.6,1642100,1650178.4,14.344
scatter,physical,cold,contiguous,48,512,24576,51,1.0000,8600,948600,956800,963529.4,1009900,1011200,17624.9,965600,972249.0,24.496
lc_scatter,physical,cold,contiguous,48,512,24576,51,1.0000,0,614500,627400,628127.5,637600,643500,4385.2,627400,628127.5,37.357
scatter,virtual,cold,contiguous,48,768,36864,51,1.0000,7900,1853800,1864200,1873237.3,1932400,2008700,27653.1,1872000,1881305.9,18.859
scatter,physical,cold,contiguous,48,768,36864,51,1.0000,8800,1181200,1187700,1190827.5,1208600,1244600,11005.7,1196800,1199656.9,29.600
lc_scatter,physical,cold,contiguous,48,768,36864,51,1.0000,0,1015600,1022200,1028937.3,1077500,1105600,19340.3,1022200,1028937.3,34.393
scatter,virtual,cold,contiguous,48,1024,49152,51,1.0000,7900,2281500,2293200,2296890.2,2344700,2361700,16163.0,2301700,2305054.9,20.441
scatter,physical,cold,contiguous,48,1024,49152,51,1.0000,8600,1609800,1618300,1620139.2,1640500,1682300,12445.8,1626900,1628876.5,28.966
lc_scatter,physical,cold,contiguous,48,1024,49152,51,1.0000,0,1262800,1278100,1282562.7,1326200,1388500,20912.5,1278100,1282562.7,36.676
scatter,virtual,cold,contiguous,48,2048,98304,51,1.0000,7900,1790900,1800300,1801831.4,1824800,1835200,8094.3,1808400,1810049.0,52.075
scatter,physical,cold,contiguous,48,2048,98304,51,1.0000,8500,1116700,1125600,1126703.9,1135400,1158200,6229.1,1134400,1135376.5,83.289
lc_scatter,physical,cold,contiguous,48,2048,98304,51,1.0000,0,2523100,2533800,2540366.7,2586700,2615600,19488.6,2533800,2540366.7,37.000
scatter,virtual,cold,contiguous,48,4096,196608,51,1.0000,7200,1783100,1791400,1793776.5,1810500,1829100,8366.1,1798600,1801188.2,104.667
scatter,physical,cold,contiguous,48,4096,196608,51,1.0000,8000,1113700,1118700,1121713.7,1153800,1175700,11056.7,1127100,1129874.5,167.605
scatter_page,virtual,cold,contiguous,48,4096,196608,51,1.0000,7200,1787800,1792200,1797694.1,1828600,1934600,21582.3,1799500,1804954.9,104.620
scalar,virtual,cold,contiguous,48,4096,196608,51,1.0000,0,8771600,8783100,8794282.4,8889800,8980000,38677.3,8783100,8794282.4,21.348
lc_scatter,physical,cold,contiguous,48,4096,196608,51,1.0000,0,1096200,1101700,1102158.8,1110100,1111700,3348.4,1101700,1102158.8,170.192
scatter,virtual,cold,contiguous,64,8,512,51,1.0000,10100,995100,999000,999962.7,1006700,1035000,5746.4,1009200,1010072.5,0.489
scatter,physical,cold,contiguous,64,8,512,51,1.0000,10200,320000,323400,325107.8,333900,359400,6453.5,333600,335488.2,1.510
scatter_page,virtual,cold,contiguous,64,8,512,51,1.0000,9400,2178500,2188600,2195329.4,2250100,2319000,27326.4,2198000,2204947.1,0.223
scalar,virtual,cold,contiguous,64,8,512,51,1.0000,0,11467500,11486200,11493025.5,11538600,11575800,20351.5,11486200,11493025.5,0.043
lc_scatter,physical,cold,contiguous,64,8,512,51,1.0000,0,301600,304500,305517.6,317200,327200,4507.0,304500,305517.6,1.604
scatter,virtual,cold,contiguous,64,16,1024,51,1.0000,9500,995500,1000300,1002670.6,1010100,1076500,11552.4,1009900,1012235.3,0.976
scatter,physical,cold,contiguous,64,16,1024,51,1.0000,9700,320300,324000,324435.3,333100,335200,3064.3,333800,334162.7,3.014
lc_scatter,physical,cold,contiguous,64,16,1024,51,1.0000,0,301100,304500,304892.2,310700,317600,2977.1,304500,304892.2,3.207
scatter,virtual,cold,contiguous,64,32,2048,51,1.0000,9400,996300,1002600,1008911.8,1051100,1115000,22686.4,1011900,1018598.0,1.948
scatter,physical,cold,contiguous,64,32,2048,51,1.0000,9500,318600,325000,325233.3,334100,336900,3570.1,334500,334772.5,6.010
lc_scatter,physical,cold,contiguous,64,32,2048,51,1.0000,0,299600,303700,304056.9,306700,322100,3335.0,303700,304056.9,6.431
scatter,virtual,cold,contiguous,64,64,4096,51,1.0000,10100,996900,1002500,1004633.3,1023100,1039000,7762.0,1012800,1014962.7,3.897
scatter,physical,cold,contiguous,64,64,4096,51,1.0000,9500,321500,325200,326080.4,336600,354200,5069.2,334800,335651.0,12.012
lc_scatter,physical,cold,contiguous,64,64,4096,51,1.0000,0,300000,303300,304002.0,307500,320900,3308.6,303300,304002.0,12.879
scatter,virtual,cold,contiguous,64,128,8192,51,1.0000,10000,1132300,1139600,1141572.5,1153700,1194000,9008.7,1149600,1151678.4,6.855
scatter,physical,cold,contiguous,64,128,8192,51,1.0000,9600,459400,463000,463986.3,473200,483000,4385.1,472700,473611.8,16.874
lc_scatter,physical,cold,contiguous,64,128,8192,51,1.0000,0,289400,292300,293280.4,303000,309100,4174.9,292300,293280.4,26.728
scatter,virtual,cold,contiguous,64,256,16384,51,1.0000,10100,1296100,1302600,1306568.6,1324100,1398100,15599.0,1312700,1316923.5,11.995
scatter,physical,cold,contiguous,64,256,16384,51,1.0000,9600,620700,625900,626835.3,636500,645300,4476.9,635500,636474.5,24.964
lc_scatter,physical,cold,contiguous,64,256,16384,51,1.0000,0,449100,453900,456125.5,468600,469800,6073.2,453900,456125.5,34.424
scatter,virtual,cold,contiguous,64,512,32768,51,1.0000,10100,1840900,1851700,1857811.8,1907100,1911500,17975.9,1862000,1868017.6,16.876
scatter,physical,cold,contiguous,64,512,32768,51,1.0000,9600,1167400,1176400,1180458.8,1199100,1232200,11360.6,1186000,1190170.6,26.564
lc_scatter,physical,cold,contiguous,64,512,32768,51,1.0000,0,938700,946100,950662.7,992800,1013700,14802.2,946100,950662.7,33.030
scatter,virtual,cold,contiguous,64,768,49152,51,1.0000,10200,2282600,2295400,2300886.3,2344000,2356800,16587.5,2305700,2311298.0,20.421
scatter,physical,cold,contiguous,64,768,49152,51,1.0000,9600,1605600,1621800,1626917.6,1665600,1766800,23942.6,1631400,1637296.1,28.903
lc_scatter,physical,cold,contiguous,64,768,49152,51,1.0000,0,1268100,1279200,1282319.6,1323600,1328600,12980.3,1279200,1282319.6,36.644
scatter,virtual,cold,contiguous,64,1024,65536,51,1.0000,10100,2601800,2614500,2621964.7,2682500,2712000,23463.5,2625300,2632498.0,23.905
scatter,physical,cold,contiguous,64,1024,65536,51,1.0000,10000,1934300,1973000,1989023.5,2084200,2207800,52159.6,1983200,1999425.5,31.678
lc_scatter,physical,cold,contiguous,64,1024,65536,51,1.0000,0,1767700,1818900,1892215.7,1933900,4993500,445180.7,1818900,1892215.7,34.361
scatter,virtual,cold,contiguous,64,2048,131072,51,1.0000,10300,2152900,2195200,2198972.5,2234000,2280300,18035.3,2205400,2209711.8,56.942
scatter,physical,cold,contiguous,64,2048,131072,51,1.0000,9600,1509600,1518500,1529376.5,1551500,1894000,53118.9,1528400,1539566.7,82.318
lc_scatter,physical,cold,contiguous,64,2048,131072,51,1.0000,0,3343700,3360900,3363641.2,3384600,3426300,13991.6,3360900,3363641.2,37.192
scatter,virtual,cold,contiguous,64,4096,262144,51,1.0000,9800,2176200,2185700,2187623.5,2207700,2238200,9794.0,2195600,2197678.4,114.380
scatter,physical,cold,contiguous,64,4096,262144,51,1.0000,9200,1503200,1510300,1510584.3,1515900,1524300,3937.1,1519400,1519819.6,165.530
scatter_page,virtual,cold,contiguous,64,4096,262144,51,1.0000,9800,2176200,2185000,2187156.9,2198100,2245200,10244.3,2194700,2197300.0,114.416
scalar,virtual,cold,contiguous,64,4096,262144,51,1.0000,0,11469000,11486700,11490258.8,11515900,11582100,18155.8,11486700,11490258.8,21.764
lc_scatter,physical,cold,contiguous,64,4096,262144,51,1.0000,0,1483600,1491200,1491945.1,1501900,1514100,5415.5,1491200,1491945.1,167.650
scatter,virtual,cold,contiguous,96,8,768,51,1.0000,14500,1069600,1077900,1082549.0,1103800,1200100,19313.3,1092500,1097111.8,0.679
scatter,physical,cold,contiguous,96,8,768,51,1.0000,14300,397000,400300,403266.7,411200,531700,18561.4,414600,417641.2,1.830
scatter_page,virtual,cold,contiguous,96,8,768,51,1.0000,15000,2733400,2745200,2751619.6,2812700,2873400,22965.7,2760200,2766617.6,0.267
scalar,virtual,cold,contiguous,96,8,768,51,1.0000,0,16874400,16900300,16910676.5,17022900,17103300,42653.5,16900300,16910676.5,0.043
lc_scatter,physical,cold,contiguous,96,8,768,51,1.0000,0,367700,372100,373660.8,391700,397900,5804.0,372100,373660.8,1.968
scatter,virtual,cold,contiguous,96,16,1536,51,1.0000,14800,1072300,1078100,1081492.2,1101700,1140300,10972.4,1092800,1096264.7,1.359
scatter,physical,cold,contiguous,96,16,1536,51,1.0000,13900,397100,400700,401503.9,408700,417700,3724.1,414500,415396.1,3.656
lc_scatter,physical,cold,contiguous,96,16,1536,51,1.0000,0,366600,371200,371280.4,374700,382200,2615.2,371200,371280.4,3.946
scatter,virtual,cold,contiguous,96,32,3072,51,1.0000,14800,1072800,1078400,1080749.0,1096500,1117900,8061.2,1093200,1095666.7,2.717
scatter,physical,cold,contiguous,96,32,3072,51,1.0000,13700,396300,400100,401125.5,410400,419700,4148.2,413900,414902.0,7.322
lc_scatter,physical,cold,contiguous,96,32,3072,51,1.0000,0,366800,371000,371452.9,374700,380100,2430.3,371000,371452.9,7.897
scatter,virtual,cold,contiguous,96,64,6144,51,1.0000,14700,1074600,1082100,1084223.5,1105600,1117500,8473.1,1096700,1099103.9,5.415
scatter,physical,cold,contiguous,96,64,6144,51,1.0000,13800,398700,405000,407213.7,418600,423500,5920.1,419000,421086.3,14.468
lc_scatter,physical,cold,contiguous,96,64,6144,51,1.0000,0,354200,360100,364694.1,374700,376900,7391.0,360100,364694.1,16.272
scatter,virtual,cold,contiguous,96,128,12288,51,1.0000,14800,1295800,1301700,1308121.6,1346000,1387900,17055.6,1316500,1323227.5,9.003
scatter,physical,cold,contiguous,96,128,12288,51,1.0000,13900,617500,623600,624586.3,634100,645200,5082.7,637400,638480.4,18.792
lc_scatter,physical,cold,contiguous,96,128,12288,51,1.0000,0,366800,371700,373670.6,390900,395600,6279.9,371700,373670.6,31.527
scatter,virtual,cold,contiguous,96,256,24576,51,1.0000,14800,1700300,1709600,1711845.1,1728600,1763700,9612.6,1724200,1726745.1,13.709
scatter,physical,cold,contiguous,96,256,24576,51,1.0000,13900,1026100,1032000,1033876.5,1048500,1089000,10874.2,1046000,1048027.5,22.711
lc_scatter,physical,cold,contiguous,96,256,24576,51,1.0000,0,623800,628900,629066.7,635800,639200,3178.8,628900,629066.7,37.267
scatter,virtual,cold,contiguous,96,512,49152,51,1.0000,14800,2357500,2367100,2370958.8,2405900,2428700,14434.0,2381800,2385864.7,19.803
scatter,physical,cold,contiguous,96,512,49152,51,1.0000,13800,1679400,1689500,1691251.0,1712500,1770300,12765.9,1703500,1705115.7,27.745
lc_scatter,physical,cold,contiguous,96,512,49152,51,1.0000,0,1331500,1339000,1341592.2,1371800,1392500,11415.1,1339000,1341592.2,35.007
scatter,virtual,cold,contiguous,96,768,73728,51,1.0000,14800,3010600,3019300,3026798.0,3078500,3109200,19390.7,3034100,3041802.0,23.288
scatter,physical,cold,contiguous,96,768,73728,51,1.0000,13900,2335900,2348600,2364705.9,2420700,2923800,82398.2,2362600,2379027.5,29.938
lc_scatter,physical,cold,contiguous,96,768,73728,51,1.0000,0,1930100,1940600,1945968.6,1984600,1993100,15063.6,1940600,1945968.6,36.232
scatter,virtual,cold,contiguous,96,1024,98304,51,1.0000,14800,3673700,3687300,3692547.1,3736800,3756700,17863.3,3702100,3707609.8,25.425
scatter,physical,cold,contiguous,96,1024,98304,51,1.0000,13900,2994500,3009800,3011321.6,3036300,3063100,11963.1,3023700,3025437.3,31.148
lc_scatter,physical,cold,contiguous,96,1024,98304,51,1.0000,0,2575600,2587300,2591078.4,2631600,2643800,13650.0,2587300,2591078.4,36.235
scatter,virtual,cold,contiguous,96,2048,196608,51,1.0000,14800,2743500,2753600,2758409.8,2779600,2854500,17071.0,2768300,2773511.8,68.093
scatter,physical,cold,contiguous,96,2048,196608,51,1.0000,14000,2071300,2079700,2089447.1,2133000,2235600,26446.4,2093800,2103778.4,90.157
lc_scatter,physical,cold,contiguous,96,2048,196608,51,1.0000,0,5032700,5047000,5054458.8,5096400,5166200,22350.7,5047000,5054458.8,37.151
scatter,virtual,cold,contiguous,96,4096,393216,51,1.0000,14700,2727600,2746600,2752027.5,2809100,2870400,22596.7,2761900,2767474.5,136.532
scatter,physical,cold,contiguous,96,4096,393216,51,1.0000,13500,2063000,2070900,2075090.2,2114100,2140400,15783.8,2084600,2088707.8,181.081
scatter_page,virtual,cold,contiguous,96,4096,393216,51,1.0000,14600,2730600,2745800,2753568.6,2803200,2842700,21189.0,2760500,2768454.9,136.572
scalar,virtual,cold,contiguous,96,4096,393216,51,1.0000,0,16871900,16890700,16908221.6,16995300,17134900,49407.8,16890700,16908221.6,22.202
lc_scatter,physical,cold,contiguous,96,4096,393216,51,1.0000,0,2022100,2036700,2038641.2,2074500,2081900,10907.2,2036700,2038641.2,184.121
scatter,virtual,cold,contiguous,128,8,1024,51,1.0000,20500,1148900,1155100,1157337.3,1166100,1214400,10257.5,1175900,1178139.2,0.845
scatter,physical,cold,contiguous,128,8,1024,51,1.0000,17900,470900,475800,477819.6,479800,576900,14439.4,493600,495754.9,2.052
scatter_page,virtual,cold,contiguous,128,8,1024,51,1.0000,17400,3424100,3445600,3447986.3,3483100,3558800,19886.1,3462900,3465386.3,0.283
scalar,virtual,cold,contiguous,128,8,1024,51,1.0000,0,22284300,22305600,22333164.7,22450000,22841000,86979.7,22305600,22333164.7,0.044
lc_scatter,physical,cold,contiguous,128,8,1024,51,1.0000,0,432800,437900,440139.2,455000,493100,9471.8,437900,440139.2,2.230
scatter,virtual,cold,contiguous,128,16,2048,51,1.0000,17400,1145300,1155700,1157519.6,1171100,1208600,9087.4,1173000,1174888.2,1.690
scatter,physical,cold,contiguous,128,16,2048,51,1.0000,17900,471800,475700,476552.9,486000,503800,4968.0,493600,494560.8,4.106
lc_scatter,physical,cold,contiguous,128,16,2048,51,1.0000,0,432100,436400,437382.4,450300,459600,5388.2,436400,437382.4,4.476
scatter,virtual,cold,contiguous,128,32,4096,51,1.0000,17500,1149700,1156000,1158760.8,1193400,1209000,11987.3,1173600,1176611.8,3.379
scatter,physical,cold,contiguous,128,32,4096,51,1.0000,17600,470400,476500,477239.2,485900,504100,4856.1,494200,494956.9,8.198
lc_scatter,physical,cold,contiguous,128,32,4096,51,1.0000,0,431200,435900,436607.8,441400,453300,3696.5,435900,436607.8,8.961
scatter,virtual,cold,contiguous,128,64,8192,51,1.0000,17400,1153900,1161200,1166972.5,1193100,1298000,21692.4,1178500,1184419.6,6.728
scatter,physical,cold,contiguous,128,64,8192,51,1.0000,17700,478100,482700,483827.5,492800,507300,5220.6,500500,501803.9,16.185
lc_scatter,physical,cold,contiguous,128,64,8192,51,1.0000,0,424300,428700,429764.7,441700,443900,4331.6,428700,429764.7,18.224
scatter,virtual,cold,contiguous,128,128,16384,51,1.0000,17400,1632700,1642600,1647754.9,1692600,1698500,16169.7,1659800,1665202.0,9.512
scatter,physical,cold,contiguous,128,128,16384,51,1.0000,18000,957800,963900,964229.4,969700,988700,4567.3,982000,982305.9,16.210
lc_scatter,physical,cold,contiguous,128,128,16384,51,1.0000,0,450500,454200,458513.7,473500,475300,8089.2,454200,458513.7,34.401
scatter,virtual,cold,contiguous,128,256,32768,51,1.0000,17500,2003400,2016800,2028209.8,2083500,2177200,29799.8,2034100,2045862.7,15.495
scatter,physical,cold,contiguous,128,256,32768,51,1.0000,18000,1329500,1337200,1342892.2,1381600,1394900,15873.7,1355100,1361049.0,23.370
lc_scatter,physical,cold,contiguous,128,256,32768,51,1.0000,0,943200,947900,965458.8,1010700,1507400,79405.8,947900,965458.8,32.968
scatter,virtual,cold,contiguous,128,512,65536,51,1.0000,17500,2942500,2958900,2961823.5,3005500,3033200,15774.2,2976300,2979456.9,21.123
scatter,physical,cold,contiguous,128,512,65536,51,1.0000,18000,2272100,2281000,2286813.7,2345300,2349200,16923.0,2299100,2304925.5,27.400
lc_scatter,physical,cold,contiguous,128,512,65536,51,1.0000,0,1766100,1775300,1782027.5,1835700,1846500,19139.0,1775300,1782027.5,35.205
scatter,virtual,cold,contiguous,128,768,98304,51,1.0000,17700,3744000,3768400,3772445.1,3821000,3836100,19599.7,3786100,3790276.5,24.878
scatter,physical,cold,contiguous,128,768,98304,51,1.0000,18100,3072200,3090400,3095690.2,3126300,3206200,21609.3,3108500,3114045.1,30.336
lc_scatter,physical,cold,contiguous,128,768,98304,51,1.0000,0,2580600,2600100,2608933.3,2660500,2823000,36475.5,2600100,2608933.3,36.056
scatter,virtual,cold,contiguous,128,1024,131072,51,1.0000,17600,4573400,4591000,4598782.4,4642400,4708400,23320.0,4609300,4616619.6,27.227
scatter,physical,cold,contiguous,128,1024,131072,51,1.0000,18100,3894800,3915000,3925941.2,4003400,4083800,35066.4,3933100,3944198.0,31.928
lc_scatter,physical,cold,contiguous,128,1024,131072,51,1.0000,0,3515800,3536000,3543649.0,3585800,3723500,31272.3,3536000,3543649.0,35.351
scatter,virtual,cold,contiguous,128,2048,262144,51,1.0000,17500,3439100,3448500,3453560.8,3504200,3519600,17681.1,3466300,3471194.1,72.495
scatter,physical,cold,contiguous,128,2048,262144,51,1.0000,18000,2762700,2774800,2776209.8,2796100,2797500,8208.5,2792700,2794621.6,90.097
lc_scatter,physical,cold,contiguous,128,2048,262144,51,1.0000,0,6608600,6629000,6631719.6,6661600,6688900,15151.0,6629000,6631719.6,37.713
scatter,virtual,cold,contiguous,128,4096,524288,51,1.0000,17400,3419100,3439900,3444854.9,3488200,3510000,17263.1,3456900,3462517.6,145.353
scatter,physical,cold,contiguous,128,4096,524288,51,1.0000,17900,2746100,2762200,2762180.4,2772300,2780500,6027.8,2780200,2780313.7,181.015
scatter_page,virtual,cold,contiguous,128,4096,524288,51,1.0000,17200,3429300,3438600,3440413.7,3456500,3475600,8354.8,3455900,3457705.9,145.408
scalar,virtual,cold,contiguous,128,4096,524288,51,1.0000,0,22282400,22310200,22335968.6,22427400,23012000,106545.1,22310200,22335968.6,22.411
lc_scatter,physical,cold,contiguous,128,4096,524288,51,1.0000,0,2703300,2718100,2726907.8,2738300,3172300,63957.5,2718100,2726907.8,183.952
scatter,virtual,cold,contiguous,192,8,1536,51,1.0000,25600,1305900,1314500,1324207.8,1391200,1449300,29826.6,1340200,1350002.0,1.114
scatter,physical,cold,contiguous,192,8,1536,51,1.0000,27500,622000,628200,635800.0,686200,820000,29609.8,655800,663609.8,2.332
lc_scatter,physical,cold,contiguous,192,8,1536,51,1.0000,0,563100,569000,570613.7,581200,639700,10645.2,569000,570613.7,2.574
scatter,virtual,cold,contiguous,192,16,3072,51,1.0000,24900,1304000,1313300,1317402.0,1343400,1375300,14243.0,1338100,1342470.6,2.231
scatter,physical,cold,contiguous,192,16,3072,51,1.0000,27800,622600,627100,634731.4,676300,775500,24937.6,655100,662696.1,4.672
lc_scatter,physical,cold,contiguous,192,16,3072,51,1.0000,0,557100,567700,567325.5,571200,574800,2919.8,567700,567325.5,5.161
scatter,virtual,cold,contiguous,192,32,6144,51,1.0000,24800,1310900,1316800,1320654.9,1336200,1388500,14350.2,1341900,1345811.8,4.450
scatter,physical,cold,contiguous,192,32,6144,51,1.0000,27300,626300,632000,632905.9,646400,678000,8069.9,658900,660315.7,9.271
lc_scatter,physical,cold,contiguous,192,32,6144,51,1.0000,0,554100,560300,561986.3,574600,583400,6288.8,560300,561986.3,10.458
scatter,virtual,cold,contiguous,192,64,12288,51,1.0000,24900,1328600,1337600,1341892.2,1384400,1435700,19870.1,1362500,1367188.2,8.761
scatter,physical,cold,contiguous,192,64,12288,51,1.0000,27300,649900,654700,663739.2,714400,793500,24301.1,682100,691666.7,17.899
lc_scatter,physical,cold,contiguous,192,64,12288,51,1.0000,0,577000,592400,589631.4,598400,604900,7242.8,592400,589631.4,19.782
scatter,virtual,cold,contiguous,192,128,24576,51,1.0000,25000,2005900,2019300,2027945.1,2077200,2165600,27514.9,2044300,2053086.3,11.607
scatter,physical,cold,contiguous,192,128,24576,51,1.0000,27600,1323900,1331300,1335976.5,1375400,1384300,14051.9,1359000,1363752.9,17.605
lc_scatter,physical,cold,contiguous,192,128,24576,51,1.0000,0,623300,628900,628841.2,633500,638500,2714.0,628900,628841.2,37.267
scatter,virtual,cold,contiguous,192,256,49152,51,1.0000,24900,2606000,2616900,2622596.1,2660000,2710100,20446.8,2641600,2647613.7,17.912
scatter,physical,cold,contiguous,192,256,49152,51,1.0000,27600,1919000,1928100,1931572.5,1963600,1982400,11440.2,1956200,1959429.4,24.311
lc_scatter,physical,cold,contiguous,192,256,49152,51,1.0000,0,1333100,1341300,1505513.7,4012100,4052000,637158.3,1341300,1505513.7,34.947
scatter,virtual,cold,contiguous,192,512,98304,51,1.0000,25100,3917300,3937500,4233445.1,6626500,7030700,835809.4,3963300,4258949.0,23.810
scatter,physical,cold,contiguous,192,512,98304,51,1.0000,28100,3234600,3259800,3644194.1,5938000,5965400,921505.8,3288700,3672909.8,28.759
lc_scatter,physical,cold,contiguous,192,512,98304,51,1.0000,0,2580500,2597400,2777288.2,5257900,6274300,724839.0,2597400,2777288.2,36.094
scatter,virtual,cold,contiguous,192,768,147456,51,1.0000,25100,5223600,5260000,5525262.7,7995800,10172700,923276.6,5284800,5550668.6,26.735
scatter,physical,cold,contiguous,192,768,147456,51,1.0000,28000,4548000,4568600,4853405.9,7227300,7318900,803047.1,4597200,4881611.8,30.781
lc_scatter,physical,cold,contiguous,192,768,147456,51,1.0000,0,3894700,3909900,3971684.3,4021200,6572600,373312.4,3909900,3971684.3,35.966
scatter,virtual,cold,contiguous,192,1024,196608,51,1.0000,25100,6494700,6525400,6761521.6,9130200,9179000,710597.4,6551900,6787072.5,28.734
scatter,physical,cold,contiguous,192,1024,196608,51,1.0000,28200,5811200,5830900,6151752.9,8599300,10740100,986832.7,5859100,6180182.4,32.156
lc_scatter,physical,cold,contiguous,192,1024,196608,51,1.0000,0,5134000,5158200,5429998.0,7782300,8010400,799170.1,5158200,5429998.0,36.350
scatter,virtual,cold,contiguous,192,2048,393216,51,1.0000,24900,4698700,4719200,4729205.9,4797700,4823200,27798.8,4744400,4754619.6,79.463
scatter,physical,cold,contiguous,192,2048,393216,51,1.0000,28300,4014300,4035500,4041562.7,4091200,4109400,19659.5,4064200,4070111.8,92.925
lc_scatter,physical,cold,contiguous,192,2048,393216,51,1.0000,0,9927300,9975900,10582533.3,12732900,13853700,1162451.7,9975900,10582533.3,37.591
scatter,virtual,cold,contiguous,192,4096,786432,51,1.0000,24900,4680200,4700000,4704762.7,4734900,4796000,20182.8,4725500,4730115.7,159.574
scatter,physical,cold,contiguous,192,4096,786432,51,1.0000,27000,3994300,4011900,4013672.5,4031300,4049800,9290.8,4039300,4041154.9,186.944
lc_scatter,physical,cold,contiguous,192,4096,786432,51,1.0000,0,3927500,3944300,3944700.0,3956900,3958600,6182.8,3944300,3944700.0,190.148
scatter,virtual,cold,contiguous,256,8,2048,51,1.0000,107800,1914000,1962900,1971302.0,2109400,2228000,54110.0,2069800,2079290.2,0.995
scatter,physical,cold,contiguous,256,8,2048,51,1.0000,120000,1229700,1270500,1286627.5,1403100,1446300,50432.6,1385900,1405147.1,1.537
lc_scatter,physical,cold,contiguous,256,8,2048,51,1.0000,0,878900,885500,890958.8,930000,971300,15760.1,885500,890958.8,2.206
scatter,virtual,cold,contiguous,256,16,4096,51,1.0000,107400,1917100,1979900,1982380.4,2048200,2106300,36012.1,2090100,2091149.0,1.973
scatter,physical,cold,contiguous,256,16,4096,51,1.0000,118900,1247300,1305400,1328439.2,1506200,1518100,76844.8,1421200,1448119.6,2.992
lc_scatter,physical,cold,contiguous,256,16,4096,51,1.0000,0,879200,888600,901888.2,955400,965300,26930.4,888600,901888.2,4.396
scatter,virtual,cold,contiguous,256,32,8192,51,1.0000,109500,1906400,1984800,1994045.1,2074400,2077600,36484.0,2101300,2104127.5,3.936
scatter,physical,cold,contiguous,256,32,8192,51,1.0000,119500,1227900,1298000,1305547.1,1363700,1499400,45981.2,1422200,1428539.2,6.019
lc_scatter,physical,cold,contiguous,256,32,8192,51,1.0000,0,884900,889300,899066.7,962300,964000,23226.4,889300,899066.7,8.785
scatter,virtual,cold,contiguous,256,64,16384,51,1.0000,108900,1912100,2000700,2001935.3,2084800,2101100,42875.2,2113000,2111611.8,7.810
scatter,physical,cold,contiguous,256,64,16384,51,1.0000,120700,1242700,1312400,1308688.2,1356300,1402800,33125.6,1431500,1430466.7,11.906
lc_scatter,physical,cold,contiguous,256,64,16384,51,1.0000,0,903300,911200,917592.2,972200,975400,17430.5,911200,917592.2,17.148
scatter,virtual,cold,contiguous,256,128,32768,51,1.0000,110000,2706700,2775000,2792072.5,2984900,3124400,74237.1,2889600,2903054.9,11.261
scatter,physical,cold,contiguous,256,128,32768,51,1.0000,114600,1942400,2039100,2037960.8,2128000,2193300,59067.5,2146700,2154213.7,15.325
lc_scatter,physical,cold,contiguous,256,128,32768,51,1.0000,0,940500,950300,969125.5,1017000,1462700,73100.6,950300,969125.5,32.884
scatter,virtual,cold,contiguous,256,256,65536,51,1.0000,102400,3462200,3551500,3552705.9,3642000,3883800,64202.4,3658600,3655880.4,17.598
scatter,physical,cold,contiguous,256,256,65536,51,1.0000,113100,2765700,2846800,2856172.5,2969300,3333300,85938.6,2958400,2973186.3,21.954
lc_scatter,physical,cold,contiguous,256,256,65536,51,1.0000,0,1769100,1783400,1900684.3,2045300,4449600,521218.9,1783400,1900684.3,35.045
scatter,virtual,cold,contiguous,256,512,131072,51,1.0000,93400,5262900,5369300,5581847.1,8096200,8127200,744220.7,5471800,5676682.4,23.281
scatter,physical,cold,contiguous,256,512,131072,51,1.0000,108400,4572200,4661600,4935139.2,7366200,7641100,821866.2,4773900,5044662.7,26.815
lc_scatter,physical,cold,contiguous,256,512,131072,51,1.0000,0,3588200,3607900,4138698.0,6434400,8551500,1180736.5,3607900,4138698.0,34.646
scatter,virtual,cold,contiguous,256,768,196608,51,1.0000,88000,7035000,7098500,7495996.1,9965100,10112900,962531.2,7184700,7587247.1,26.414
scatter,physical,cold,contiguous,256,768,196608,51,1.0000,102400,6339000,6405100,6935496.1,9146900,11453700,1174275.0,6509900,7038782.4,29.274
lc_scatter,physical,cold,contiguous,256,768,196608,51,1.0000,0,5154200,5180200,5440758.8,7798800,9487900,859405.8,5180200,5440758.8,36.196
scatter,virtual,cold,contiguous,256,1024,262144,51,1.0000,86800,8562500,8664900,9455900.0,11445900,13548200,1311677.0,8753600,9543311.8,28.852
scatter,physical,cold,contiguous,256,1024,262144,51,1.0000,100100,7886700,8023800,8850851.0,11031600,12958700,1354892.2,8122100,8951488.2,31.157
lc_scatter,physical,cold,contiguous,256,1024,262144,51,1.0000,0,6877400,6917400,7137190.2,9506700,9844000,725759.0,6917400,7137190.2,36.141
scatter,virtual,cold,contiguous,256,2048,524288,51,1.0000,84500,6043400,6083600,6089070.6,6144200,6152100,27450.4,6166900,6173302.0,82.188
scatter,physical,cold,contiguous,256,2048,524288,51,1.0000,100800,5352700,5381400,5384029.4,5424800,5429600,18378.5,5481400,5485266.7,92.913
lc_scatter,physical,cold,contiguous,256,2048,524288,51,1.0000,0,13210400,13391500,14308019.6,16176400,18213300,1399331.3,13391500,14308019.6,37.337
scatter,virtual,cold,contiguous,256,4096,1048576,51,1.0000,33900,5941400,5990800,6047637.3,6209300,7520900,227205.4,6024600,6083827.5,166.923
scatter,physical,cold,contiguous,256,4096,1048576,51,1.0000,37500,5257600,5287700,5288702.0,5313700,5345300,16127.2,5326200,5327882.4,189.118
lc_scatter,physical,cold,contiguous,256,4096,1048576,51,1.0000,0,5156700,5183300,5185580.4,5226900,5259400,19513.3,5183300,5185580.4,192.927
scatter,virtual,cold,contiguous,384,8,3072,51,1.0000,162900,2420500,2470100,2496076.5,2640600,2736600,71418.5,2636400,2658976.5,1.186
scatter,physical,cold,contiguous,384,8,3072,51,1.0000,164900,1635500,1726800,1746121.6,1944000,2034000,78422.9,1892600,1909127.5,1.697
lc_scatter,physical,cold,contiguous,384,8,3072,51,1.0000,0,1147800,1162400,1168386.3,1207500,1411300,36178.7,1162400,1168386.3,2.520
scatter,virtual,cold,contiguous,384,16,6144,51,1.0000,160800,2415500,2481000,2490231.4,2592300,2641400,49821.4,2638900,2652052.9,2.362
scatter,physical,cold,contiguous,384,16,6144,51,1.0000,165500,1681300,1755100,1779656.9,1893900,2085300,77130.3,1923100,1945741.2,3.338
lc_scatter,physical,cold,contiguous,384,16,6144,51,1.0000,0,1142500,1160000,1160168.6,1174600,1210000,11442.9,1160000,1160168.6,5.051
scatter,virtual,cold,contiguous,384,32,12288,51,1.0000,161100,2413400,2486800,2493303.9,2596800,2615900,49301.5,2646600,2655705.9,4.712
scatter,physical,cold,contiguous,384,32,12288,51,1.0000,167400,1657400,1725400,1732862.7,1824900,1845700,48017.4,1890700,1899639.2,6.792
lc_scatter,physical,cold,contiguous,384,32,12288,51,1.0000,0,1152400,1170900,1171396.1,1181800,1216100,9113.4,1170900,1171396.1,10.008
scatter,virtual,cold,contiguous,384,64,24576,51,1.0000,162900,2423400,2514000,2648170.6,2672200,6307200,638216.3,2681900,2812462.7,9.323
scatter,physical,cold,contiguous,384,64,24576,51,1.0000,166700,1651800,1794400,2060052.9,4537000,6285400,895057.6,1962600,2227700.0,13.061
lc_scatter,physical,cold,contiguous,384,64,24576,51,1.0000,0,1201600,1209600,1268272.5,1266000,3879800,373468.1,1209600,1268272.5,19.376
scatter,virtual,cold,contiguous,384,128,49152,51,1.0000,158300,3629800,3750400,3746076.5,3830900,3884700,63671.6,3912800,3905054.9,12.499
scatter,physical,cold,contiguous,384,128,49152,51,1.0000,158600,2895400,3004900,3117480.4,3353900,5679300,522190.5,3163300,3277541.2,15.600
lc_scatter,physical,cold,contiguous,384,128,49152,51,1.0000,0,1277200,1288200,1433076.5,1693000,3991700,525429.7,1288200,1433076.5,36.388
scatter,virtual,cold,contiguous,384,256,98304,51,1.0000,157300,4924700,5030500,5474872.5,7892000,8024200,1026899.6,5194500,5633672.5,18.636
scatter,physical,cold,contiguous,384,256,98304,51,1.0000,149000,4187200,4305600,4948894.1,7177000,7266600,1199665.8,4448800,5098086.3,21.774
lc_scatter,physical,cold,contiguous,384,256,98304,51,1.0000,0,2598900,2615800,3335290.2,5526300,7540600,1339370.9,2615800,3335290.2,35.840
scatter,virtual,cold,contiguous,384,512,196608,51,1.0000,150300,7453100,7634800,8702649.0,10896900,11749300,1440287.9,7784300,8854758.8,24.559
scatter,physical,cold,contiguous,384,512,196608,51,1.0000,141100,6709200,6898500,7870760.8,9610800,10000800,1327294.4,7033800,8012229.4,27.180
lc_scatter,physical,cold,contiguous,384,512,196608,51,1.0000,0,5105100,5143300,6065894.1,7994000,10330100,1377895.8,5143300,6065894.1,36.455
scatter,virtual,cold,contiguous,384,768,294912,51,1.0000,142900,9994900,10411900,11322329.4,13107900,13378400,1355566.9,10562700,11466403.9,27.012
scatter,physical,cold,contiguous,384,768,294912,51,1.0000,135400,9290400,9616900,10755211.8,13534700,14359700,1560893.2,9752600,10891711.8,29.245
lc_scatter,physical,cold,contiguous,384,768,294912,51,1.0000,0,7734400,7788200,8635119.6,10814400,13020300,1371347.9,7788200,8635119.6,36.112
scatter,virtual,cold,contiguous,384,1024,393216,51,1.0000,140600,12561700,15245300,14188078.4,15738000,15881100,1387490.6,15380000,14329425.5,24.598
scatter,physical,cold,contiguous,384,1024,393216,51,1.0000,128300,11835600,14576100,13990660.8,15056300,17439600,1392928.5,14703900,14121978.4,25.727
lc_scatter,physical,cold,contiguous,384,1024,393216,51,1.0000,0,10226100,12786100,12058382.4,13379900,15014600,1328681.4,12786100,12058382.4,29.329
scatter,virtual,cold,contiguous,384,2048,786432,51,1.0000,135100,8672600,8724400,8734668.6,8804400,8931300,44952.9,8860300,8870251.0,85.966
scatter,physical,cold,contiguous,384,2048,786432,51,1.0000,125500,7945800,7997200,8007335.3,8064800,8521900,80912.5,8120900,8134072.5,93.783
lc_scatter,physical,cold,contiguous,384,2048,786432,51,0.9999,0,19795700,22692500,22840372.5,25268100,26692200,1049382.5,22692500,22840372.5,33.051
scatter,virtual,cold,contiguous,384,4096,1572864,51,1.0000,54400,8535700,8573300,8583998.0,8660900,8805800,47622.9,8629000,8641321.6,174.962
scatter,physical,cold,contiguous,384,4096,1572864,51,1.0000,55000,7807400,7844800,7847943.1,7920800,7975400,34003.8,7901100,7905702.0,191.209
lc_scatter,physical,cold,contiguous,384,4096,1572864,51,1.0000,0,7614200,7635500,7638676.5,7663500,7684500,12778.0,7635500,7638676.5,196.451
scatter,virtual,cold,contiguous,512,8,4096,51,1.0000,219800,3069400,3130900,3216549.0,3392800,5837300,386300.0,3353600,3434774.5,1.248
scatter,physical,cold,contiguous,512,8,4096,51,1.0000,222800,2291200,2349200,2378792.2,2538000,2607000,76932.6,2570300,2600374.5,1.663
lc_scatter,physical,cold,contiguous,512,8,4096,51,1.0000,0,1567200,1574000,1578464.7,1601500,1682000,17871.5,1574000,1578464.7,2.482
scatter,virtual,cold,contiguous,512,16,8192,51,1.0000,218300,3071800,3156900,3294678.4,3458800,6046700,562677.4,3380200,3515682.4,2.475
scatter,physical,cold,contiguous,512,16,8192,51,1.0000,223000,2302300,2364100,2446621.6,2498000,5809000,483100.0,2598800,2671013.7,3.305
lc_scatter,physical,cold,contiguous,512,16,8192,51,1.0000,0,1558700,1571100,1624321.6,1596400,4195600,367380.7,1571100,1624321.6,4.973
scatter,virtual,cold,contiguous,512,32,16384,51,1.0000,215800,3078000,3168900,3173276.5,3295500,3309600,63945.2,3385800,3393666.7,4.931
scatter,physical,cold,contiguous,512,32,16384,51,1.0000,225800,2292600,2377200,2502509.8,2592900,5181800,527512.7,2612000,2730007.8,6.573
lc_scatter,physical,cold,contiguous,512,32,16384,51,1.0000,0,1568700,1580400,1702102.0,2100500,4215600,511659.1,1580400,1702102.0,9.887
scatter,virtual,cold,contiguous,512,64,32768,51,1.0000,215700,3085700,3217700,3588743.1,5934300,8202400,1046042.6,3432900,3806211.8,9.712
scatter,physical,cold,contiguous,512,64,32768,51,1.0000,221500,2247000,2416500,2695919.6,5072900,5366300,814928.2,2642200,2918078.4,12.932
lc_scatter,physical,cold,contiguous,512,64,32768,51,1.0000,0,1615300,1631000,2032458.8,4303000,4979300,955958.2,1631000,2032458.8,19.160
scatter,virtual,cold,contiguous,512,128,65536,51,1.0000,212900,4712400,4892600,5573449.0,7656200,7770900,1174992.3,5100300,5788470.6,12.774
scatter,physical,cold,contiguous,512,128,65536,51,1.0000,212000,3941300,4109300,4476249.0,6745500,7869800,988691.6,4327400,4691637.3,15.209
lc_scatter,physical,cold,contiguous,512,128,65536,51,1.0000,0,1708500,1720700,2052639.2,4429200,4657400,884250.9,1720700,2052639.2,36.322
scatter,virtual,cold,contiguous,512,256,131072,51,1.0000,189600,6265900,6378900,7126570.6,9415100,11615500,1338891.4,6558400,7317545.1,19.596
scatter,physical,cold,contiguous,512,256,131072,51,1.0000,196300,5473600,5596600,6415468.6,8558400,10581000,1391991.0,5813200,6612845.1,22.335
lc_scatter,physical,cold,contiguous,512,256,131072,51,1.0000,0,3472300,3639300,4530978.4,6524600,8512200,1381219.0,3639300,4530978.4,34.347
scatter,virtual,cold,contiguous,512,512,262144,51,1.0000,179900,9684800,12326800,11491921.6,13023200,15205200,1494856.6,12505600,11673427.5,20.281
scatter,physical,cold,contiguous,512,512,262144,51,1.0000,189100,8928300,10268800,10568803.9,13037300,14138600,1509673.8,10455400,10761664.7,24.346
lc_scatter,physical,cold,contiguous,512,512,262144,51,1.0000,0,6729900,9416900,8794425.5,9949200,11945500,1336362.3,9416900,8794425.5,26.548
scatter,virtual,cold,contiguous,512,768,393216,51,1.0000,173400,12920700,15757600,15665164.7,16248600,18216900,836951.9,15932300,15840333.3,23.798
scatter,physical,cold,contiguous,512,768,393216,51,1.0000,180400,12249700,15042700,15035345.1,17222100,17392000,1094580.5,15239600,15217245.1,24.929
lc_scatter,physical,cold,contiguous,512,768,393216,51,1.0000,0,10047500,12764600,12021872.5,13143200,15017600,1370215.6,12764600,12021872.5,29.378
scatter,virtual,cold,contiguous,512,1024,524288,51,0.9999,168300,16240100,19232400,19497441.2,21599200,22736100,1135354.9,19393800,19668982.4,25.998
scatter,physical,cold,contiguous,512,1024,524288,51,1.0000,174100,15530900,18348600,18375070.6,19358000,20518700,711487.0,18533200,18550366.7,27.250
lc_scatter,physical,cold,contiguous,512,1024,524288,51,0.9999,0,15820700,16190800,16451880.4,18386900,19672700,796018.2,16190800,16451880.4,30.882
scatter,virtual,cold,contiguous,512,2048,1048576,51,1.0000,165000,11311400,11367200,11379737.3,11479000,11536500,42819.7,11532200,11546196.1,87.972
scatter,physical,cold,contiguous,512,2048,1048576,51,1.0000,170800,10540700,10587100,10594760.8,10668200,10719200,35735.8,10758900,10767407.8,94.455
lc_scatter,physical,cold,contiguous,512,2048,1048576,51,0.9977,0,28950400,31850800,31616098.0,33350500,35436600,1373082.3,31850800,31616098.0,31.396
scatter,virtual,cold,contiguous,512,4096,2097152,51,1.0000,75300,11119300,11190600,11203521.6,11317000,11347900,52504.5,11266300,11281127.5,178.721
scatter,physical,cold,contiguous,512,4096,2097152,51,1.0000,75700,10360900,10415700,10434821.6,10565900,10844600,75548.4,10491600,10514894.1,192.018
lc_scatter,physical,cold,contiguous,512,4096,2097152,51,1.0000,0,10064800,10091500,10095013.7,10114900,10159400,15439.8,10091500,10095013.7,198.187
scatter,virtual,cold,scattered,1,8,8,51,1.0000,1100,816300,847400,846445.1,849700,851800,5098.2,848500,848192.2,0.009
scatter,physical,cold,scattered,1,8,8,51,1.0000,1200,168900,170300,171486.3,177700,193500,3788.8,171500,173251.0,0.045
scatter_page,virtual,cold,scattered,1,8,8,51,1.0000,1000,844100,848300,853390.2,894800,954000,19185.8,849300,854454.9,0.009
lc_scatter,physical,cold,scattered,1,8,8,51,1.0000,0,167900,169500,169805.9,173900,176400,1673.2,169500,169805.9,0.045
scatter,virtual,cold,scattered,1,16,16,51,1.0000,1000,841300,846100,846690.2,853500,856700,2983.6,847300,847754.9,0.018
scatter,physical,cold,scattered,1,16,16,51,1.0000,1200,168100,170200,170596.1,174500,183400,2328.9,171300,171774.5,0.090
lc_scatter,physical,cold,scattered,1,16,16,51,1.0000,0,167600,169300,169437.3,171300,173500,1184.2,169300,169437.3,0.090
scatter,virtual,cold,scattered,1,32,32,51,1.0000,1000,843000,846600,846480.4,848900,856900,2182.3,847600,847517.6,0.036
scatter,physical,cold,scattered,1,32,32,51,1.0000,1200,168700,170400,171056.9,174900,179800,1917.0,171700,172256.9,0.179
lc_scatter,physical,cold,scattered,1,32,32,51,1.0000,0,168000,169300,170031.4,174900,178700,2312.0,169300,170031.4,0.180
scatter,virtual,cold,scattered,1,64,64,51,1.0000,1000,842400,846600,847719.6,856800,877800,5239.0,847700,848788.2,0.072
scatter,physical,cold,scattered,1,64,64,51,1.0000,1200,169600,170600,172509.8,178000,244500,10429.6,171800,173703.9,0.358
lc_scatter,physical,cold,scattered,1,64,64,51,1.0000,0,167900,169200,169415.7,171400,173400,1040.8,169200,169415.7,0.361
scatter,virtual,cold,scattered,1,128,128,51,1.0000,1000,843200,847500,848923.5,854900,910500,9078.8,848500,849988.2,0.144
scatter,physical,cold,scattered,1,128,128,51,1.0000,1200,169600,170600,171202.0,173200,181200,1813.8,171800,172400.0,0.716
lc_scatter,physical,cold,scattered,1,128,128,51,1.0000,0,168200,169700,170003.9,173400,173800,1181.2,169700,170003.9,0.719
scatter,virtual,cold,scattered,1,256,256,51,1.0000,1000,843800,846700,847141.2,852400,859500,2797.4,847700,848194.1,0.288
scatter,physical,cold,scattered,1,256,256,51,1.0000,1200,169000,170500,171037.3,173300,178000,1536.2,171700,172203.9,1.432
lc_scatter,physical,cold,scattered,1,256,256,51,1.0000,0,167800,169100,169760.8,171600,180300,2274.4,169100,169760.8,1.444
scatter,virtual,cold,scattered,1,512,512,51,1.0000,1100,843400,846700,848200.0,854200,907000,8749.7,847800,849290.2,0.577
scatter,physical,cold,scattered,1,512,512,51,1.0000,1200,169400,170900,171225.5,174100,175300,1345.9,172000,172403.9,2.857
lc_scatter,physical,cold,scattered,1,512,512,51,1.0000,0,168500,169600,172286.3,172400,285400,16214.2,169600,172286.3,2.879
scatter,virtual,cold,scattered,1,768,768,51,1.0000,1000,820900,846500,851366.7,889400,934300,19161.5,847500,852411.8,0.865
scatter,physical,cold,scattered,1,768,768,51,1.0000,1200,169800,171300,171552.9,173900,176500,1276.1,172400,172729.4,4.276
lc_scatter,physical,cold,scattered,1,768,768,51,1.0000,0,168600,170300,170749.0,175900,177800,1919.1,170300,170749.0,4.301
scatter,virtual,cold,scattered,1,1024,1024,51,1.0000,1000,842900,846700,847160.8,851600,868100,3830.3,847700,848188.2,1.153
scatter,physical,cold,scattered,1,1024,1024,51,1.0000,1200,169700,171900,172209.8,174000,185300,2198.0,173200,173396.1,5.681
lc_scatter,physical,cold,scattered,1,1024,1024,51,1.0000,0,169000,170400,170854.9,175200,179000,1866.7,170400,170854.9,5.731
scatter,virtual,cold,scattered,1,2048,2048,51,1.0000,1000,842400,846900,848307.8,857700,868600,4703.5,848000,849360.8,2.306
scatter,physical,cold,scattered,1,2048,2048,51,1.0000,1200,169200,170800,171147.1,173800,180500,2043.8,172000,172327.5,11.435
lc_scatter,physical,cold,scattered,1,2048,2048,51,1.0000,0,170500,172200,172574.5,175900,182300,1968.8,172200,172574.5,11.342
scatter,virtual,cold,scattered,1,4096,4096,51,1.0000,1000,843200,847100,847654.9,851900,868600,3661.4,848100,848711.8,4.611
scatter,physical,cold,scattered,1,4096,4096,51,1.0000,1200,169400,170900,171400.0,175600,177400,1739.0,172000,172584.3,22.857
scatter_page,virtual,cold,scattered,1,4096,4096,51,1.0000,1000,843100,846700,846872.5,850300,851800,1829.9,847700,848021.6,4.613
lc_scatter,physical,cold,scattered,1,4096,4096,51,1.0000,0,168600,170000,170721.6,177500,182600,2538.3,170000,170721.6,22.978
scatter,virtual,cold,scattered,2,8,16,51,1.0000,1600,842900,847100,847470.6,853800,856400,2924.5,848700,849058.8,0.018
scatter,physical,cold,scattered,2,8,16,51,1.0000,1700,169700,171200,171354.9,173800,176400,1308.5,172800,173076.5,0.089
scatter_page,virtual,cold,scattered,2,8,16,51,1.0000,1500,833100,836700,838025.5,847600,876500,6491.1,838200,839537.3,0.018
lc_scatter,physical,cold,scattered,2,8,16,51,1.0000,0,168000,169700,169939.2,172600,177200,1492.8,169700,169939.2,0.090
scatter,virtual,cold,scattered,2,16,32,51,1.0000,1500,842700,846800,850347.1,856900,982300,19243.7,848400,851900.0,0.036
scatter,physical,cold,scattered,2,16,32,51,1.0000,1700,169600,171100,171662.7,174900,181000,2072.1,172800,173370.6,0.178
lc_scatter,physical,cold,scattered,2,16,32,51,1.0000,0,168000,169500,170086.3,171700,179900,2155.0,169500,170086.3,0.180
scatter,virtual,cold,scattered,2,32,64,51,1.0000,1500,844000,847200,847866.7,856000,856600,2831.9,848700,849423.5,0.072
scatter,physical,cold,scattered,2,32,64,51,1.0000,1700,144100,171300,170980.4,175000,181500,4593.2,173100,172678.4,0.356
lc_scatter,physical,cold,scattered,2,32,64,51,1.0000,0,168200,169400,169829.4,172800,177600,1536.5,169400,169829.4,0.360
scatter,virtual,cold,scattered,2,64,128,51,1.0000,1500,844100,847200,847494.1,853900,860000,2871.9,848800,849058.8,0.144
scatter,physical,cold,scattered,2,64,128,51,1.0000,1700,169300,171200,171425.5,173400,176000,1200.0,172900,173141.2,0.713
lc_scatter,physical,cold,scattered,2,64,128,51,1.0000,0,168400,169900,171558.8,174500,226800,8062.0,169900,171558.8,0.718
scatter,virtual,cold,scattered,2,128,256,51,1.0000,1600,843600,847500,848864.7,854800,885100,5806.3,849100,850447.1,0.288
scatter,physical,cold,scattered,2,128,256,51,1.0000,1700,170300,171800,172176.5,173400,185300,2143.9,173500,173900.0,1.421
lc_scatter,physical,cold,scattered,2,128,256,51,1.0000,0,168200,169400,169715.7,171900,172400,1018.9,169400,169715.7,1.441
scatter,virtual,cold,scattered,2,256,512,51,1.0000,1500,843200,847300,847709.8,853200,855600,2520.0,848900,849262.7,0.576
scatter,physical,cold,scattered,2,256,512,51,1.0000,1700,170500,172000,172278.4,175200,181400,1637.8,173700,174025.5,2.839
lc_scatter,physical,cold,scattered,2,256,512,51,1.0000,0,168600,170300,170678.4,172900,183000,2169.1,170300,170678.4,2.867
scatter,virtual,cold,scattered,2,512,1024,51,1.0000,1500,845200,848000,848152.9,850900,860600,2275.1,849500,849707.8,1.152
scatter,physical,cold,scattered,2,512,1024,51,1.0000,1700,171100,172700,173639.2,175600,213300,5782.7,174400,175345.1,5.655
lc_scatter,physical,cold,scattered,2,512,1024,51,1.0000,0,169200,170900,171225.5,174500,181000,1860.6,170900,171225.5,5.714
scatter,virtual,cold,scattered,2,768,1536,51,1.0000,1500,844500,847400,847788.2,853200,858800,2793.8,848900,849362.7,1.729
scatter,physical,cold,scattered,2,768,1536,51,1.0000,1700,171500,173200,173635.3,179400,184300,2208.6,175000,175417.6,8.458
lc_scatter,physical,cold,scattered,2,768,1536,51,1.0000,0,169800,171600,172007.8,175700,181700,2114.1,171600,172007.8,8.536
scatter,virtual,cold,scattered,2,1024,2048,51,1.0000,1500,844300,848000,848288.2,852800,854000,2576.9,849600,850054.9,2.303
scatter,physical,cold,scattered,2,1024,2048,51,1.0000,1700,173600,174900,175307.8,177000,189100,2161.7,176500,177033.3,11.167
lc_scatter,physical,cold,scattered,2,1024,2048,51,1.0000,0,171000,172400,172913.7,175900,176800,1396.3,172400,172913.7,11.329
scatter,virtual,cold,scattered,2,2048,4096,51,1.0000,1200,831400,836200,837654.9,850000,853700,4867.5,837400,839009.8,4.671
scatter,physical,cold,scattered,2,2048,4096,51,1.0000,1300,158200,159700,161241.2,173300,175400,4243.0,161000,162580.4,24.460
lc_scatter,physical,cold,scattered,2,2048,4096,51,1.0000,0,232900,234800,235390.2,241000,246300,2708.0,234800,235390.2,16.636
scatter,virtual,cold,scattered,2,4096,8192,51,1.0000,1300,832600,835800,838986.3,850500,884100,8422.7,837100,840264.7,9.347
scatter,physical,cold,scattered,2,4096,8192,51,1.0000,1300,158200,160000,161423.5,172600,174500,4215.6,161300,162778.4,48.828
scatter_page,virtual,cold,scattered,2,4096,8192,51,1.0000,1300,833100,836300,839017.6,853500,858700,6185.5,837500,840298.0,9.342
lc_scatter,physical,cold,scattered,2,4096,8192,51,1.0000,0,157700,159200,160523.5,171500,175000,4135.0,159200,160523.5,49.073
scatter,virtual,cold,scattered,4,8,32,51,1.0000,1900,843900,847900,848356.9,853300,862200,2974.8,849900,850262.7,0.036
scatter,physical,cold,scattered,4,8,32,51,1.0000,2000,171100,172400,172643.1,174200,178500,1213.6,174400,174627.5,0.177
scatter_page,virtual,cold,scattered,4,8,32,51,1.0000,1900,863200,868000,871217.6,885500,894800,7234.3,869900,873109.8,0.035
lc_scatter,physical,cold,scattered,4,8,32,51,1.0000,0,168600,170500,170823.5,173200,182200,1992.3,170500,170823.5,0.179
scatter,virtual,cold,scattered,4,16,64,51,1.0000,1900,843200,847400,847905.9,852100,864100,3115.5,849300,849821.6,0.072
scatter,physical,cold,scattered,4,16,64,51,1.0000,2000,170700,172300,172586.3,174800,179600,1531.3,174300,174580.4,0.354
lc_scatter,physical,cold,scattered,4,16,64,51,1.0000,0,168400,169800,170286.3,172200,177600,1679.5,169800,170286.3,0.359
scatter,virtual,cold,scattered,4,32,128,51,1.0000,1900,844100,848400,849033.3,855300,869600,4014.2,850300,850927.5,0.144
scatter,physical,cold,scattered,4,32,128,51,1.0000,1900,170800,172200,172768.6,176500,182700,1879.7,174200,174731.4,0.709
lc_scatter,physical,cold,scattered,4,32,128,51,1.0000,0,169400,170300,170941.2,175300,177100,1691.4,170300,170941.2,0.717
scatter,virtual,cold,scattered,4,64,256,51,1.0000,1900,845700,848500,848970.6,853000,862400,2671.7,850400,850874.5,0.288
scatter,physical,cold,scattered,4,64,256,51,1.0000,1900,170800,172000,172264.7,174300,175300,981.2,173900,174225.5,1.419
lc_scatter,physical,cold,scattered,4,64,256,51,1.0000,0,169000,170600,172100.0,176300,234900,9132.2,170600,172100.0,1.431
scatter,virtual,cold,scattered,4,128,512,51,1.0000,1900,844300,848800,851358.8,864200,915300,11703.4,850700,853278.4,0.575
scatter,physical,cold,scattered,4,128,512,51,1.0000,2000,171700,173300,173429.4,176200,177600,1139.3,175200,175403.9,2.818
lc_scatter,physical,cold,scattered,4,128,512,51,1.0000,0,168600,170300,170505.9,173300,177500,1540.1,170300,170505.9,2.867
scatter,virtual,cold,scattered,4,256,1024,51,1.0000,1900,845100,848800,849123.5,855800,859300,2498.9,850700,851002.0,1.151
scatter,physical,cold,scattered,4,256,1024,51,1.0000,2000,172000,173400,173766.7,176400,177500,1091.4,175500,175735.3,5.632
lc_scatter,physical,cold,scattered,4,256,1024,51,1.0000,0,169300,171100,174147.1,176800,290500,16751.3,171100,174147.1,5.708
scatter,virtual,cold,scattered,4,512,2048,51,1.0000,1900,845400,849400,849845.1,856600,856800,2592.8,851300,851780.4,2.299
scatter,physical,cold,scattered,4,512,2048,51,1.0000,2000,175400,176500,176874.5,179500,184400,1411.4,178500,178866.7,11.066
lc_scatter,physical,cold,scattered,4,512,2048,51,1.0000,0,170700,173100,173462.7,177500,178200,1673.6,173100,173462.7,11.283
scatter,virtual,cold,scattered,4,768,3072,51,1.0000,1900,846000,849600,849788.2,852000,858900,2324.6,851500,851698.0,3.448
scatter,physical,cold,scattered,4,768,3072,51,1.0000,2000,175200,177000,177556.9,181900,189300,2304.0,179000,179537.3,16.552
lc_scatter,physical,cold,scattered,4,768,3072,51,1.0000,0,172600,174300,178090.2,212300,235700,12383.7,174300,178090.2,16.808
scatter,virtual,cold,scattered,4,1024,4096,51,1.0000,1900,907700,912700,913323.5,921300,924200,3615.8,914800,915278.4,4.280
scatter,physical,cold,scattered,4,1024,4096,51,1.0000,2000,237300,239400,239505.9,241300,245400,1342.3,241300,241490.2,16.317
lc_scatter,physical,cold,scattered,4,1024,4096,51,1.0000,0,233300,235700,236019.6,239100,246000,2123.3,235700,236019.6,16.573
scatter,virtual,cold,scattered,4,2048,8192,51,1.0000,1900,863600,867800,870845.1,881100,890600,6475.2,869600,872766.7,9.003
scatter,physical,cold,scattered,4,2048,8192,51,1.0000,2000,189600,192200,193531.4,203800,220600,5018.1,194200,195545.1,40.648
lc_scatter,physical,cold,scattered,4,2048,8192,51,1.0000,0,286800,290200,291952.9,303800,307100,4861.1,290200,291952.9,26.921
scatter,virtual,cold,scattered,4,4096,16384,51,1.0000,1500,863100,867100,870751.0,882300,935500,10973.1,868500,872319.6,18.020
scatter,physical,cold,scattered,4,4096,16384,51,1.0000,1600,190100,192000,193494.1,202500,211100,4167.1,193600,195082.4,81.380
scatter_page,virtual,cold,scattered,4,4096,16384,51,1.0000,1500,863400,865800,869074.5,885300,921600,9350.1,867300,870592.2,18.047
lc_scatter,physical,cold,scattered,4,4096,16384,51,1.0000,0,188300,190200,191535.3,204800,209900,4294.5,190200,191535.3,82.150
scatter,virtual,cold,scattered,8,8,64,51,1.0000,2500,848500,850800,851374.5,857800,861800,2789.2,853400,853886.3,0.072
scatter,physical,cold,scattered,8,8,64,51,1.0000,2500,173200,174700,175000.0,178700,183200,1682.4,177300,177513.7,0.349
scatter_page,virtual,cold,scattered,8,8,64,51,1.0000,2500,941700,946100,946386.3,950500,957000,2897.8,948700,948907.8,0.065
lc_scatter,physical,cold,scattered,8,8,64,51,1.0000,0,170200,171400,172002.0,177000,179900,1944.8,171400,172002.0,0.356
scatter,virtual,cold,scattered,8,16,128,51,1.0000,2600,846300,850500,851821.6,862400,877000,5487.7,853100,854419.6,0.144
scatter,physical,cold,scattered,8,16,128,51,1.0000,2500,173300,174800,174819.6,176600,177700,973.5,177300,177384.3,0.698
lc_scatter,physical,cold,scattered,8,16,128,51,1.0000,0,169700,171400,171603.9,173500,175800,1014.1,171400,171603.9,0.712
scatter,virtual,cold,scattered,8,32,256,51,1.0000,2500,846300,850200,854727.5,862800,960800,18913.6,852700,857278.4,0.287
scatter,physical,cold,scattered,8,32,256,51,1.0000,2500,172900,174400,174676.5,176700,182900,1452.1,176900,177196.1,1.400
lc_scatter,physical,cold,scattered,8,32,256,51,1.0000,0,170400,171400,171741.2,173400,175600,1019.6,171400,171741.2,1.424
scatter,virtual,cold,scattered,8,64,512,51,1.0000,2500,846200,850500,851145.1,855700,873300,3843.5,853000,853705.9,0.574
scatter,physical,cold,scattered,8,64,512,51,1.0000,2500,173500,175000,175421.6,179200,184700,1903.8,177600,177986.3,2.790
lc_scatter,physical,cold,scattered,8,64,512,51,1.0000,0,170300,172300,173127.5,179900,193400,3750.0,172300,173127.5,2.834
scatter,virtual,cold,scattered,8,128,1024,51,1.0000,2600,847700,851500,854241.2,868100,894400,8764.5,854300,856843.1,1.147
scatter,physical,cold,scattered,8,128,1024,51,1.0000,2500,174700,176600,176956.9,179400,183700,1544.4,179100,179521.6,5.530
lc_scatter,physical,cold,scattered,8,128,1024,51,1.0000,0,170300,172000,173398.0,175800,214400,6293.5,172000,173398.0,5.678
scatter,virtual,cold,scattered,8,256,2048,51,1.0000,2500,848600,852100,853013.7,861800,867600,3702.8,854600,855523.5,2.292
scatter,physical,cold,scattered,8,256,2048,51,1.0000,2500,177600,178900,179176.5,180700,186300,1282.4,181400,181696.1,10.917
lc_scatter,physical,cold,scattered,8,256,2048,51,1.0000,0,171800,173700,173974.5,176400,179600,1375.3,173700,173974.5,11.244
scatter,virtual,cold,scattered,8,512,4096,51,1.0000,2500,910500,914100,915339.2,925900,933600,4302.1,916600,917831.4,4.273
scatter,physical,cold,scattered,8,512,4096,51,1.0000,2500,238900,241900,243654.9,250900,301200,8563.2,244400,246198.0,16.148
lc_scatter,physical,cold,scattered,8,512,4096,51,1.0000,0,234200,236000,236549.0,239700,242400,1703.1,236000,236549.0,16.552
scatter,virtual,cold,scattered,8,768,6144,51,1.0000,2500,912600,917700,918539.2,928200,930000,3783.4,920100,921051.0,6.385
scatter,physical,cold,scattered,8,768,6144,51,1.0000,2500,242400,244900,247394.1,265600,289600,9322.0,247400,249931.4,23.926
lc_scatter,physical,cold,scattered,8,768,6144,51,1.0000,0,236600,239200,240231.4,247400,259000,3664.5,239200,240231.4,24.496
scatter,virtual,cold,scattered,8,1024,8192,51,1.0000,2500,966100,980500,978703.9,985900,993300,6182.9,983000,981247.1,7.968
scatter,physical,cold,scattered,8,1024,8192,51,1.0000,2500,294500,308200,308162.7,317700,318200,3494.4,310700,310692.2,25.349
lc_scatter,physical,cold,scattered,8,1024,8192,51,1.0000,0,287800,291900,294319.6,307900,319000,6921.9,291900,294319.6,26.764
scatter,virtual,cold,scattered,8,2048,16384,51,1.0000,2500,943300,947000,947656.9,952500,953200,2363.6,949600,950229.4,16.499
scatter,physical,cold,scattered,8,2048,16384,51,1.0000,2500,269300,271500,271413.7,273800,274700,1247.7,274000,273935.3,57.551
lc_scatter,physical,cold,scattered,8,2048,16384,51,1.0000,0,446600,452000,454449.0,466900,472600,5780.6,452000,454449.0,34.569
scatter,virtual,cold,scattered,8,4096,32768,51,1.0000,2000,941900,946500,947329.4,953600,960400,3412.1,948500,949405.9,33.016
scatter,physical,cold,scattered,8,4096,32768,51,1.0000,2000,267600,270000,270549.0,276400,279600,2259.9,272000,272637.3,115.741
scatter_page,virtual,cold,scattered,8,4096,32768,51,1.0000,2000,940500,946100,947847.1,960200,988800,7427.7,948100,949864.7,33.030
lc_scatter,physical,cold,scattered,8,4096,32768,51,1.0000,0,254000,267500,265970.6,272200,273100,4972.0,267500,265970.6,116.822
scatter,virtual,cold,scattered,12,8,96,51,1.0000,3000,847600,852600,853445.1,861100,863500,2988.9,855500,856482.4,0.107
scatter,physical,cold,scattered,12,8,96,51,1.0000,3000,175200,177000,177002.0,178700,179600,888.7,180000,180045.1,0.517
scatter_page,virtual,cold,scattered,12,8,96,51,1.0000,3000,1007700,1012900,1014886.3,1025300,1089300,11320.2,1015800,1017917.6,0.090
lc_scatter,physical,cold,scattered,12,8,96,51,1.0000,0,171200,172700,172884.3,174400,176100,925.1,172700,172884.3,0.530
scatter,virtual,cold,scattered,12,16,192,51,1.0000,3100,848200,853100,856943.1,898200,924300,14800.6,856100,860135.3,0.215
scatter,physical,cold,scattered,12,16,192,51,1.0000,3100,175200,177200,177598.0,181300,186900,2035.5,180300,180703.9,1.033
lc_scatter,physical,cold,scattered,12,16,192,51,1.0000,0,171000,172800,173125.5,175900,179500,1613.2,172800,173125.5,1.060
scatter,virtual,cold,scattered,12,32,384,51,1.0000,3000,849500,853800,854819.6,866100,895100,6854.3,857000,857856.9,0.429
scatter,physical,cold,scattered,12,32,384,51,1.0000,3100,175300,177100,177796.1,181700,188400,2266.0,180200,180931.4,2.068
lc_scatter,physical,cold,scattered,12,32,384,51,1.0000,0,171300,172900,173298.0,177300,184000,2215.3,172900,173298.0,2.118
scatter,virtual,cold,scattered,12,64,768,51,1.0000,3100,851000,854400,856290.2,870800,873400,5547.0,857800,859427.5,0.857
scatter,physical,cold,scattered,12,64,768,51,1.0000,3000,175300,177200,177586.3,180400,185500,1864.6,180300,180680.4,4.133
lc_scatter,physical,cold,scattered,12,64,768,51,1.0000,0,171100,173100,173425.5,175200,185000,2108.6,173100,173425.5,4.231
scatter,virtual,cold,scattered,12,128,1536,51,1.0000,3100,851100,854800,855329.4,860700,870100,3438.1,857900,858449.0,1.714
scatter,physical,cold,scattered,12,128,1536,51,1.0000,3100,179100,180500,181035.3,184700,189800,1752.1,183700,184172.5,8.115
lc_scatter,physical,cold,scattered,12,128,1536,51,1.0000,0,171500,173000,173351.0,175100,182600,1598.9,173000,173351.0,8.467
scatter,virtual,cold,scattered,12,256,3072,51,1.0000,3100,914500,918200,920019.6,934000,946600,6581.6,921300,923258.8,3.191
scatter,physical,cold,scattered,12,256,3072,51,1.0000,3100,242100,244400,245835.3,248000,308000,8960.8,247600,249000.0,11.987
lc_scatter,physical,cold,scattered,12,256,3072,51,1.0000,0,173900,175500,176315.7,183200,189800,3044.1,175500,176315.7,16.693
scatter,virtual,cold,scattered,12,512,6144,51,1.0000,3100,916400,919600,922741.2,932400,1016200,14269.0,922700,925939.2,6.372
scatter,physical,cold,scattered,12,512,6144,51,1.0000,3100,243900,246200,246962.7,250700,256100,2284.4,249300,250049.0,23.799
lc_scatter,physical,cold,scattered,12,512,6144,51,1.0000,0,237500,239900,244580.4,276900,313900,13799.7,239900,244580.4,24.424
scatter,virtual,cold,scattered,12,768,9216,51,1.0000,3100,983100,987800,990145.1,1002600,1036500,8111.3,991000,993333.3,8.898
scatter,physical,cold,scattered,12,768,9216,51,1.0000,3100,310300,313400,314186.3,324900,329800,3827.4,316500,317356.9,28.044
lc_scatter,physical,cold,scattered,12,768,9216,51,1.0000,0,289900,293800,295790.2,307000,314100,5473.3,293800,295790.2,29.915
scatter,virtual,cold,scattered,12,1024,12288,51,1.0000,3100,1057200,1062700,1065286.3,1076100,1120500,9275.3,1065900,1068437.3,11.027
scatter,physical,cold,scattered,12,1024,12288,51,1.0000,3100,384100,388900,389735.3,397300,405400,3872.3,392000,392858.8,30.133
lc_scatter,physical,cold,scattered,12,1024,12288,51,1.0000,0,365400,370900,371303.9,380700,386800,3774.9,370900,371303.9,31.595
scatter,virtual,cold,scattered,12,2048,24576,51,1.0000,3100,1009600,1012800,1016180.4,1020400,1149700,19450.2,1015900,1019302.0,23.141
scatter,physical,cold,scattered,12,2048,24576,51,1.0000,3100,335400,340500,348658.8,379200,383000,15320.3,343700,351770.6,68.833
lc_scatter,physical,cold,scattered,12,2048,24576,51,1.0000,0,614100,627700,627131.4,637600,647100,5884.5,627700,627131.4,37.339
scatter,virtual,cold,scattered,12,4096,49152,51,1.0000,2500,1006700,1011100,1013390.2,1024400,1070900,9265.9,1013700,1015931.4,46.360
scatter,physical,cold,scattered,12,4096,49152,51,1.0000,2500,332800,335800,336019.6,338600,344600,2022.2,338300,338680.4,139.592
scatter_page,virtual,cold,scattered,12,4096,49152,51,1.0000,2500,1006900,1011200,1012066.7,1021500,1033100,4316.6,1013700,1014549.0,46.356
lc_scatter,physical,cold,scattered,12,4096,49152,51,1.0000,0,331300,333200,333425.5,337400,340700,1726.1,333200,333425.5,140.681
scatter,virtual,cold,scattered,16,8,128,51,1.0000,3500,850400,854000,855074.5,863500,867000,3674.7,857600,858605.9,0.143
scatter,physical,cold,scattered,16,8,128,51,1.0000,3500,178200,179200,179823.5,182600,194000,2646.5,182800,183770.6,0.681
scatter_page,virtual,cold,scattered,16,8,128,51,1.0000,3500,1183300,1189500,1195970.6,1240300,1301800,20602.4,1193200,1199511.8,0.103
lc_scatter,physical,cold,scattered,16,8,128,51,1.0000,0,171900,173600,174102.0,179500,181500,1965.7,173600,174102.0,0.703
scatter,virtual,cold,scattered,16,16,256,51,1.0000,3600,850400,854600,856284.3,865600,917800,9258.3,858300,859903.9,0.286
scatter,physical,cold,scattered,16,16,256,51,1.0000,3600,177500,179600,179884.3,183300,188000,1964.1,183100,183458.8,1.359
lc_scatter,physical,cold,scattered,16,16,256,51,1.0000,0,172200,173500,173805.9,175500,178900,1182.9,173500,173805.9,1.407
scatter,virtual,cold,scattered,16,32,512,51,1.0000,3500,851300,854500,855968.6,864200,890000,5730.5,858100,859552.9,0.571
scatter,physical,cold,scattered,16,32,512,51,1.0000,3500,178500,179900,180739.2,184000,201700,3299.5,183600,184296.1,2.714
lc_scatter,physical,cold,scattered,16,32,512,51,1.0000,0,173000,174500,175519.6,179100,200700,3947.2,174500,175519.6,2.798
scatter,virtual,cold,scattered,16,64,1024,51,1.0000,3500,851800,855400,855892.2,863200,864300,2689.9,859200,859447.1,1.142
scatter,physical,cold,scattered,16,64,1024,51,1.0000,3500,178100,179900,179939.2,181800,183200,1020.6,183400,183545.1,5.428
lc_scatter,physical,cold,scattered,16,64,1024,51,1.0000,0,172500,174400,174731.4,177500,180400,1639.8,174400,174731.4,5.600
scatter,virtual,cold,scattered,16,128,2048,51,1.0000,3600,913300,917500,919317.6,928400,978600,9205.2,921100,922949.0,2.129
scatter,physical,cold,scattered,16,128,2048,51,1.0000,3600,241800,243300,243972.5,248400,253400,2273.0,246900,247564.7,8.028
lc_scatter,physical,cold,scattered,16,128,2048,51,1.0000,0,173100,174500,174998.0,177000,183700,1618.7,174500,174998.0,11.193
scatter,virtual,cold,scattered,16,256,4096,51,1.0000,3600,916400,921200,921700.0,930200,934600,3513.3,924900,925272.5,4.240
scatter,physical,cold,scattered,16,256,4096,51,1.0000,3600,244200,246800,247211.8,249400,256000,2149.8,250400,250813.7,15.828
lc_scatter,physical,cold,scattered,16,256,4096,51,1.0000,0,234400,237000,237352.9,241800,244200,1918.8,237000,237352.9,16.482
scatter,virtual,cold,scattered,16,512,8192,51,1.0000,3600,982900,986800,987709.8,992800,997700,3116.8,990500,991335.3,7.917
scatter,physical,cold,scattered,16,512,8192,51,1.0000,3600,309200,313200,313421.6,317600,321200,2159.4,316800,317062.7,24.944
lc_scatter,physical,cold,scattered,16,512,8192,51,1.0000,0,288000,292400,294252.9,307800,314800,6194.8,292400,294252.9,26.719
scatter,virtual,cold,scattered,16,768,12288,51,1.0000,3600,1060100,1066800,1068054.9,1075800,1083200,4159.4,1070600,1071713.7,10.985
scatter,physical,cold,scattered,16,768,12288,51,1.0000,3600,388700,392800,395223.5,402600,466800,10754.5,396400,398884.3,29.834
lc_scatter,physical,cold,scattered,16,768,12288,51,1.0000,0,367300,371400,372811.8,385400,398900,5880.4,371400,372811.8,31.553
scatter,virtual,cold,scattered,16,1024,16384,51,1.0000,3600,1143900,1149900,1150896.1,1160700,1168500,4912.5,1153600,1154547.1,13.588
scatter,physical,cold,scattered,16,1024,16384,51,1.0000,3600,471700,475900,476990.2,489400,490900,4695.7,479500,480651.0,32.833
lc_scatter,physical,cold,scattered,16,1024,16384,51,1.0000,0,443100,452200,455513.7,472000,525600,12018.3,452200,455513.7,34.553
scatter,virtual,cold,scattered,16,2048,32768,51,1.0000,3500,1184200,1190400,1192062.7,1201100,1254600,10162.3,1193800,1195807.8,26.252
scatter,physical,cold,scattered,16,2048,32768,51,1.0000,3600,512200,515700,518041.2,529200,569200,10505.7,519300,521643.1,60.597
lc_scatter,physical,cold,scattered,16,2048,32768,51,1.0000,0,943000,949800,956229.4,995300,1017800,17189.8,949800,956229.4,32.902
scatter,virtual,cold,scattered,16,4096,65536,51,1.0000,3000,1183600,1187400,1190968.6,1201100,1254000,11776.2,1191000,1194054.9,52.636
scatter,physical,cold,scattered,16,4096,65536,51,1.0000,3000,509800,513600,516094.1,525500,567000,10018.7,516600,519276.5,121.690
scatter_page,virtual,cold,scattered,16,4096,65536,51,1.0000,3000,1184400,1189200,1196856.9,1241200,1253600,17270.6,1192300,1199882.4,52.556
lc_scatter,physical,cold,scattered,16,4096,65536,51,1.0000,0,493300,509300,509778.4,518100,600000,15907.1,509300,509778.4,122.717
scatter,virtual,cold,scattered,20,8,160,51,1.0000,4100,852100,855800,857037.3,864900,876000,4455.8,860200,861200.0,0.178
scatter,physical,cold,scattered,20,8,160,51,1.0000,4500,180300,181600,182903.9,185800,232100,7220.9,186100,187374.5,0.840
scatter_page,virtual,cold,scattered,20,8,160,51,1.0000,4200,1249900,1256300,1262137.3,1292800,1424700,25313.4,1260500,1266315.7,0.121
lc_scatter,physical,cold,scattered,20,8,160,51,1.0000,0,173500,175200,175476.5,177200,177600,1009.3,175200,175476.5,0.871
scatter,virtual,cold,scattered,20,16,320,51,1.0000,4300,851800,856000,858698.0,866800,928700,12869.7,860100,862943.1,0.357
scatter,physical,cold,scattered,20,16,320,51,1.0000,4500,180200,181900,182164.7,184300,190700,1864.3,186400,186707.8,1.678
lc_scatter,physical,cold,scattered,20,16,320,51,1.0000,0,173600,175500,175645.1,177300,179800,1091.7,175500,175645.1,1.739
scatter,virtual,cold,scattered,20,32,640,51,1.0000,4200,852600,856300,859149.0,873600,917000,11817.5,860500,863390.2,0.713
scatter,physical,cold,scattered,20,32,640,51,1.0000,4400,180200,182000,183854.9,187800,254700,10267.6,186300,188374.5,3.354
lc_scatter,physical,cold,scattered,20,32,640,51,1.0000,0,173400,175500,175884.3,179200,186200,2173.3,175500,175884.3,3.478
scatter,virtual,cold,scattered,20,64,1280,51,1.0000,4200,852400,856700,857366.7,863800,871700,3401.1,861000,861672.5,1.425
scatter,physical,cold,scattered,20,64,1280,51,1.0000,4400,180000,182100,182513.7,185600,195400,2276.1,186500,186996.1,6.703
lc_scatter,physical,cold,scattered,20,64,1280,51,1.0000,0,173200,175100,175505.9,178300,187900,2148.1,175100,175505.9,6.971
scatter,virtual,cold,scattered,20,128,2560,51,1.0000,4200,915100,919700,923882.4,934100,1088100,24124.0,924000,928141.2,2.655
scatter,physical,cold,scattered,20,128,2560,51,1.0000,4500,244300,246800,247211.8,252000,254200,2152.9,251400,251766.7,9.892
lc_scatter,physical,cold,scattered,20,128,2560,51,1.0000,0,173900,175500,175592.2,177700,178100,938.0,175500,175592.2,13.911
scatter,virtual,cold,scattered,20,256,5120,51,1.0000,4200,919800,924000,924715.7,931400,948300,4396.8,928200,928978.4,5.284
scatter,physical,cold,scattered,20,256,5120,51,1.0000,4500,248300,250800,250835.3,252800,258500,1525.9,255400,255413.7,19.469
lc_scatter,physical,cold,scattered,20,256,5120,51,1.0000,0,236800,239000,240072.5,246400,276800,5658.6,239000,240072.5,20.430
scatter,virtual,cold,scattered,20,512,10240,51,1.0000,4200,1054300,1061200,1062664.7,1071800,1087400,5479.8,1065500,1066998.0,9.202
scatter,physical,cold,scattered,20,512,10240,51,1.0000,4500,383700,387400,389405.9,406300,422700,6773.6,391800,393939.2,25.208
lc_scatter,physical,cold,scattered,20,512,10240,51,1.0000,0,297200,300300,301647.1,311900,324800,5279.5,300300,301647.1,32.520
scatter,virtual,cold,scattered,20,768,15360,51,1.0000,4200,1138100,1145400,1145805.9,1157100,1159500,4026.0,1149700,1150096.1,12.789
scatter,physical,cold,scattered,20,768,15360,51,1.0000,4500,467200,472000,473080.4,483800,487300,4395.0,476500,477619.6,31.035
lc_scatter,physical,cold,scattered,20,768,15360,51,1.0000,0,383600,386600,388478.4,399600,414300,6211.3,386600,388478.4,37.890
scatter,virtual,cold,scattered,20,1024,20480,51,1.0000,4200,1225800,1231400,1232256.9,1244900,1245900,4644.4,1235600,1236558.8,15.861
scatter,physical,cold,scattered,20,1024,20480,51,1.0000,4500,554300,558800,560017.6,568700,570100,4105.6,563300,564564.7,34.952
lc_scatter,physical,cold,scattered,20,1024,20480,51,1.0000,0,528700,535000,538360.8,555000,557600,8326.8,535000,538360.8,36.507
scatter,virtual,cold,scattered,20,2048,40960,51,1.0000,4200,1249800,1255100,1258549.0,1298500,1318400,12787.2,1259400,1262960.8,31.123
scatter,physical,cold,scattered,20,2048,40960,51,1.0000,4500,577800,584900,595835.3,667200,683600,28472.8,589400,600551.0,66.785
lc_scatter,physical,cold,scattered,20,2048,40960,51,1.0000,0,1096700,1105100,1110635.3,1149200,1173800,15847.2,1105100,1110635.3,35.347
scatter,virtual,cold,scattered,20,4096,81920,51,1.0000,3500,1251000,1256400,1259970.6,1299200,1309800,11872.3,1259800,1263554.9,62.182
scatter,physical,cold,scattered,20,4096,81920,51,1.0000,3500,577500,581100,582139.2,587900,620800,6312.0,584500,585723.5,134.443
scatter_page,virtual,cold,scattered,20,4096,81920,51,1.0000,3500,1248300,1254300,1257872.5,1291800,1302000,12203.5,1257700,1261382.4,62.286
lc_scatter,physical,cold,scattered,20,4096,81920,51,1.0000,0,569300,574200,577784.3,615300,672700,16550.4,574200,577784.3,136.059
scatter,virtual,cold,scattered,24,8,192,51,1.0000,4600,853200,857800,858637.3,866500,879100,4334.8,862400,863292.2,0.213
scatter,physical,cold,scattered,24,8,192,51,1.0000,4900,181700,183600,184186.3,191300,193800,2412.5,188500,189143.1,0.997
scatter_page,virtual,cold,scattered,24,8,192,51,1.0000,4600,1315900,1320400,1321252.9,1328900,1329700,3081.7,1325000,1326111.8,0.139
lc_scatter,physical,cold,scattered,24,8,192,51,1.0000,0,174700,176100,176766.7,179400,189300,2140.9,176100,176766.7,1.040
scatter,virtual,cold,scattered,24,16,384,51,1.0000,4700,854000,858800,859711.8,868500,870100,3377.5,863300,864466.7,0.426
scatter,physical,cold,scattered,24,16,384,51,1.0000,5000,182400,183700,184127.5,188000,190500,1529.8,188900,189160.8,1.994
lc_scatter,physical,cold,scattered,24,16,384,51,1.0000,0,174300,175900,181064.7,223700,227300,14196.3,175900,181064.7,2.082
scatter,virtual,cold,scattered,24,32,768,51,1.0000,4700,855400,858900,859547.1,867600,882700,4387.8,863600,864343.1,0.853
scatter,physical,cold,scattered,24,32,768,51,1.0000,4900,182300,183900,184200.0,188700,190900,1661.3,188900,189186.3,3.983
lc_scatter,physical,cold,scattered,24,32,768,51,1.0000,0,174600,175800,176025.5,178500,179700,1052.0,175800,176025.5,4.166
scatter,virtual,cold,scattered,24,64,1536,51,1.0000,4700,854200,857600,858876.5,867700,872500,3787.7,862400,863568.6,1.708
scatter,physical,cold,scattered,24,64,1536,51,1.0000,4900,181900,184100,186303.9,211500,220700,8004.1,189100,191447.1,7.957
lc_scatter,physical,cold,scattered,24,64,1536,51,1.0000,0,174800,176300,176833.3,179500,191000,2847.9,176300,176833.3,8.309
scatter,virtual,cold,scattered,24,128,3072,51,1.0000,4700,917600,922400,924625.5,931200,983100,10871.1,927200,929378.4,3.176
scatter,physical,cold,scattered,24,128,3072,51,1.0000,5000,246800,249000,249094.1,253000,253800,1389.3,254000,254154.9,11.766
lc_scatter,physical,cold,scattered,24,128,3072,51,1.0000,0,174100,175600,176396.1,183600,186300,2470.9,175600,176396.1,16.684
scatter,virtual,cold,scattered,24,256,6144,51,1.0000,4700,983900,989000,989835.3,1000500,1020300,5818.1,993700,994535.3,5.925
scatter,physical,cold,scattered,24,256,6144,51,1.0000,5000,311000,314700,315847.1,322600,347600,5368.1,319700,320860.8,18.619
lc_scatter,physical,cold,scattered,24,256,6144,51,1.0000,0,238500,240700,241437.3,246800,256600,3221.5,240700,241437.3,24.343
scatter,virtual,cold,scattered,24,512,12288,51,1.0000,4700,1065800,1072300,1073400.0,1082200,1097300,5862.6,1076900,1078186.3,10.929
scatter,physical,cold,scattered,24,512,12288,51,1.0000,5000,393000,396600,397323.5,402300,408300,2900.0,401600,402400.0,29.548
lc_scatter,physical,cold,scattered,24,512,12288,51,1.0000,0,368600,371300,371786.3,375900,385300,2954.9,371300,371786.3,31.561
scatter,virtual,cold,scattered,24,768,18432,51,1.0000,4700,1218000,1223800,1225056.9,1233000,1251200,5608.5,1228400,1229768.6,14.364
scatter,physical,cold,scattered,24,768,18432,51,1.0000,5000,545200,550100,551515.7,560400,571100,4686.0,555100,556654.9,31.954
lc_scatter,physical,cold,scattered,24,768,18432,51,1.0000,0,458800,463100,467586.3,483000,498500,8310.8,463100,467586.3,37.958
scatter,virtual,cold,scattered,24,1024,24576,51,1.0000,4700,1559400,1567600,1574313.7,1611400,1623600,16666.8,1572300,1579100.0,14.951
scatter,physical,cold,scattered,24,1024,24576,51,1.0000,5000,885200,892300,895584.3,935100,956300,12921.7,897300,900635.3,26.266
lc_scatter,physical,cold,scattered,24,1024,24576,51,1.0000,0,611600,627300,625302.0,633200,638300,6337.9,627300,625302.0,37.363
scatter,virtual,cold,scattered,24,2048,49152,51,1.0000,4700,1316100,1321200,1323721.6,1354000,1359000,8949.5,1325800,1328486.3,35.479
scatter,physical,cold,scattered,24,2048,49152,51,1.0000,5000,644900,648100,650994.1,678100,681900,8796.7,653100,656317.6,72.327
lc_scatter,physical,cold,scattered,24,2048,49152,51,1.0000,0,1259000,1272400,1279823.5,1331800,1450900,29115.5,1272400,1279823.5,36.840
scatter,virtual,cold,scattered,24,4096,98304,51,1.0000,3900,1311500,1319600,1322482.4,1351400,1363500,10700.3,1323600,1326609.8,71.044
scatter,physical,cold,scattered,24,4096,98304,51,1.0000,4000,642400,646500,647603.9,658500,677400,5677.8,650400,651680.4,145.012
scatter_page,virtual,cold,scattered,24,4096,98304,51,1.0000,3900,1313600,1319500,1322135.3,1333700,1380700,9649.7,1323600,1326090.2,71.050
lc_scatter,physical,cold,scattered,24,4096,98304,51,1.0000,0,633900,637300,639262.7,650200,673800,7171.0,637300,639262.7,147.105
scatter,virtual,cold,scattered,26,8,208,51,1.0000,4900,854600,858400,859133.3,868800,869600,3184.8,863200,864360.8,0.231
scatter,physical,cold,scattered,26,8,208,51,1.0000,5200,182800,184700,185180.4,191700,193300,2099.1,189800,190368.6,1.074
scatter_page,virtual,cold,scattered,26,8,208,51,1.0000,4900,1421600,1427600,1430049.0,1445400,1475200,8377.0,1432400,1434917.6,0.139
lc_scatter,physical,cold,scattered,26,8,208,51,1.0000,0,174600,176300,177309.8,181200,197200,3968.2,176300,177309.8,1.125
scatter,virtual,cold,scattered,26,16,416,51,1.0000,4900,855400,858400,860594.1,871100,905600,7488.2,863400,865556.9,0.462
scatter,physical,cold,scattered,26,16,416,51,1.0000,5200,183000,184500,187429.4,192900,262200,12294.7,189900,192772.5,2.150
lc_scatter,physical,cold,scattered,26,16,416,51,1.0000,0,174500,176000,176221.6,178700,180000,1182.4,176000,176221.6,2.254
scatter,virtual,cold,scattered,26,32,832,51,1.0000,4900,854300,858800,859613.7,868300,877900,4054.1,863900,864576.5,0.924
scatter,physical,cold,scattered,26,32,832,51,1.0000,5100,182700,184400,184900.0,190800,197600,2491.9,189700,190100.0,4.303
lc_scatter,physical,cold,scattered,26,32,832,51,1.0000,0,175000,176300,176668.6,180400,182700,1529.9,176300,176668.6,4.501
scatter,virtual,cold,scattered,26,64,1664,51,1.0000,4900,855000,859400,861364.7,871000,891100,6337.2,864600,866427.5,1.847
scatter,physical,cold,scattered,26,64,1664,51,1.0000,5200,183200,185000,186005.9,192600,215200,4857.3,190200,191211.8,8.578
lc_scatter,physical,cold,scattered,26,64,1664,51,1.0000,0,175100,176400,176560.8,178400,181900,1188.8,176400,176560.8,8.996
scatter,virtual,cold,scattered,26,128,3328,51,1.0000,4900,919800,924400,925613.7,932500,954800,5014.7,929300,930627.5,3.433
scatter,physical,cold,scattered,26,128,3328,51,1.0000,5200,248300,250500,251103.9,257500,263000,2686.6,255700,256382.4,12.670
lc_scatter,physical,cold,scattered,26,128,3328,51,1.0000,0,174500,175800,177905.9,196400,214700,7670.9,175800,177905.9,18.054
scatter,virtual,cold,scattered,26,256,6656,51,1.0000,5000,985800,990600,992572.5,1003300,1032400,7192.1,995600,997629.4,6.408
scatter,physical,cold,scattered,26,256,6656,51,1.0000,5200,313300,315400,315937.3,319300,323500,1963.8,320600,321188.2,20.126
lc_scatter,physical,cold,scattered,26,256,6656,51,1.0000,0,238700,241400,242456.9,252000,255800,3812.8,241400,242456.9,26.295
scatter,virtual,cold,scattered,26,512,13312,51,1.0000,4900,1135000,1142600,1145113.7,1166200,1179500,9250.5,1147500,1150278.4,11.111
scatter,physical,cold,scattered,26,512,13312,51,1.0000,5200,462400,467700,469602.0,479600,526600,9175.6,472900,474864.7,27.144
lc_scatter,physical,cold,scattered,26,512,13312,51,1.0000,0,372600,376400,377388.2,388500,398300,4602.0,376400,377388.2,33.728
scatter,virtual,cold,scattered,26,768,19968,51,1.0000,5000,1226900,1235200,1241454.9,1277600,1366200,22253.0,1240100,1246574.5,15.417
scatter,physical,cold,scattered,26,768,19968,51,1.0000,5200,554200,560900,561733.3,569800,579800,4551.3,566100,567056.9,33.951
lc_scatter,physical,cold,scattered,26,768,19968,51,1.0000,0,525200,541200,539572.5,554800,588800,12132.0,541200,539572.5,35.187
scatter,virtual,cold,scattered,26,1024,26624,51,1.0000,5000,1621500,1628300,1631072.5,1643700,1685800,11551.0,1633300,1636194.1,15.593
scatter,physical,cold,scattered,26,1024,26624,51,1.0000,5300,948500,955300,960025.5,997200,1016200,14426.7,960700,965343.1,26.579
lc_scatter,physical,cold,scattered,26,1024,26624,51,1.0000,0,870200,878400,895839.2,959000,1033700,33524.3,878400,895839.2,28.906
scatter,virtual,cold,scattered,26,2048,53248,51,1.0000,5000,1423800,1428600,1431988.2,1449300,1473700,10342.3,1433700,1437164.7,35.546
scatter,physical,cold,scattered,26,2048,53248,51,1.0000,5200,751500,757100,762084.3,796900,868800,18472.0,762300,767327.5,67.073
lc_scatter,physical,cold,scattered,26,2048,53248,51,1.0000,0,1349900,1358200,1362764.7,1398100,1401500,12222.4,1358200,1362764.7,37.389
scatter,virtual,cold,scattered,26,4096,106496,51,1.0000,4100,1421300,1425000,1425735.3,1433100,1444300,3816.6,1429100,1430003.9,71.272
scatter,physical,cold,scattered,26,4096,106496,51,1.0000,4200,750000,752800,755143.1,763600,802800,9888.9,757100,759449.0,134.913
scatter_page,virtual,cold,scattered,26,4096,106496,51,1.0000,4200,1419900,1425900,1429598.0,1469300,1479800,13324.3,1430200,1433794.1,71.227
lc_scatter,physical,cold,scattered,26,4096,106496,51,1.0000,0,727800,732800,735680.4,749900,785600,9746.3,732800,735680.4,138.595
scatter,virtual,cold,scattered,27,8,216,51,1.0000,5000,855900,859000,859860.8,870200,877200,4057.3,864000,864913.7,0.240
scatter,physical,cold,scattered,27,8,216,51,1.0000,5300,182700,184600,185039.2,187600,197000,2024.7,189900,190366.7,1.116
scatter_page,virtual,cold,scattered,27,8,216,51,1.0000,5000,1425500,1430600,1432900.0,1457800,1478300,9596.9,1435600,1437903.9,0.144
lc_scatter,physical,cold,scattered,27,8,216,51,1.0000,0,174200,176300,176643.1,182000,186500,2233.4,176300,176643.1,1.168
scatter,virtual,cold,scattered,27,16,432,51,1.0000,5100,855100,858900,860331.4,872100,878400,4971.4,864100,865676.5,0.480
scatter,physical,cold,scattered,27,16,432,51,1.0000,5400,182700,184800,185758.8,190300,213600,4432.0,190100,191151.0,2.229
lc_scatter,physical,cold,scattered,27,16,432,51,1.0000,0,174700,176000,176313.7,178500,184400,1497.5,176000,176313.7,2.341
scatter,virtual,cold,scattered,27,32,864,51,1.0000,5000,855400,858300,859252.9,866300,877200,3596.1,863300,864303.9,0.960
scatter,physical,cold,scattered,27,32,864,51,1.0000,5300,183500,185200,185690.2,191500,193100,1949.3,190500,191121.6,4.449
lc_scatter,physical,cold,scattered,27,32,864,51,1.0000,0,175100,176600,176709.8,178900,180400,1032.3,176600,176709.8,4.666
scatter,virtual,cold,scattered,27,64,1728,51,1.0000,5000,853400,859000,860288.2,874300,875400,4686.3,864100,865592.2,1.918
scatter,physical,cold,scattered,27,64,1728,51,1.0000,5300,183200,185100,185429.4,187800,195900,1887.5,190500,190760.8,8.903
lc_scatter,physical,cold,scattered,27,64,1728,51,1.0000,0,175000,176600,176798.0,179900,180800,1283.5,176600,176798.0,9.332
scatter,virtual,cold,scattered,27,128,3456,51,1.0000,5100,919400,924700,926805.9,933800,1003900,11680.8,929800,932031.4,3.564
scatter,physical,cold,scattered,27,128,3456,51,1.0000,5300,249100,251600,252152.9,255700,273000,3398.8,257000,257551.0,13.100
lc_scatter,physical,cold,scattered,27,128,3456,51,1.0000,0,174200,175800,175996.1,177400,179400,958.3,175800,175996.1,18.748
scatter,virtual,cold,scattered,27,256,6912,51,1.0000,5100,983600,990200,991060.8,998400,1012100,4850.6,995400,996178.4,6.657
scatter,physical,cold,scattered,27,256,6912,51,1.0000,5400,310000,316200,316503.9,319600,326300,2319.3,321600,321911.8,20.847
lc_scatter,physical,cold,scattered,27,256,6912,51,1.0000,0,228700,241500,242143.1,250300,261200,4014.7,241500,242143.1,27.295
scatter,virtual,cold,scattered,27,512,13824,51,1.0000,5000,1137100,1143300,1144851.0,1159000,1170000,6471.4,1148400,1149996.1,11.531
scatter,physical,cold,scattered,27,512,13824,51,1.0000,5300,464400,469900,470719.6,480200,482200,3769.5,475200,476109.8,28.056
lc_scatter,physical,cold,scattered,27,512,13824,51,1.0000,0,375300,380000,381041.2,394700,411800,5847.2,380000,381041.2,34.694
scatter,virtual,cold,scattered,27,768,20736,51,1.0000,5100,1293000,1300300,1301533.3,1313700,1322200,5595.2,1305400,1306733.3,15.208
scatter,physical,cold,scattered,27,768,20736,51,1.0000,5300,618200,627800,630502.0,658500,687700,12689.4,633200,636054.9,31.500
lc_scatter,physical,cold,scattered,27,768,20736,51,1.0000,0,529300,537100,542098.0,553000,561500,8041.3,537100,542098.0,36.819
scatter,virtual,cold,scattered,27,1024,27648,51,1.0000,5000,1622800,1630800,1632705.9,1647000,1683800,10482.8,1635800,1637813.7,16.168
scatter,physical,cold,scattered,27,1024,27648,51,1.0000,5400,951700,957800,962903.9,1002500,1015500,15562.4,963300,968337.3,27.529
lc_scatter,physical,cold,scattered,27,1024,27648,51,1.0000,0,873300,880000,888951.0,949200,958100,22154.2,880000,888951.0,29.963
scatter,virtual,cold,scattered,27,2048,55296,51,1.0000,5000,1425700,1432400,1436864.7,1472300,1553800,19228.3,1437400,1442013.7,36.815
scatter,physical,cold,scattered,27,2048,55296,51,1.0000,5300,754800,759700,789166.7,880500,886100,47608.6,765400,794509.8,69.415
lc_scatter,physical,cold,scattered,27,2048,55296,51,1.0000,0,1543300,1552200,1558119.6,1605300,1612800,15355.6,1552200,1558119.6,33.974
scatter,virtual,cold,scattered,27,4096,110592,51,1.0000,4300,1422600,1428000,1434366.7,1482400,1495900,17113.1,1432400,1438817.6,73.858
scatter,physical,cold,scattered,27,4096,110592,51,1.0000,4300,750800,756200,756023.5,761100,765500,2716.5,760500,760498.0,139.472
scatter_page,virtual,cold,scattered,27,4096,110592,51,1.0000,4300,1421700,1428100,1430192.2,1448400,1487900,10999.0,1432400,1434490.2,73.852
lc_scatter,physical,cold,scattered,27,4096,110592,51,1.0000,0,729400,734700,739033.3,750500,781100,10141.6,734700,739033.3,143.553
scatter,virtual,cold,scattered,28,8,224,51,1.0000,5200,855200,859000,859684.3,867500,876400,3675.8,864300,864903.9,0.249
scatter,physical,cold,scattered,28,8,224,51,1.0000,5400,183400,184900,185556.9,191300,198100,2629.2,190300,191017.6,1.155
scatter_page,virtual,cold,scattered,28,8,224,51,1.0000,5100,1426600,1432200,1433558.8,1444300,1482500,8159.5,1437400,1438670.6,0.149
lc_scatter,physical,cold,scattered,28,8,224,51,1.0000,0,174800,176100,176156.9,177600,177700,850.0,176100,176156.9,1.213
scatter,virtual,cold,scattered,28,16,448,51,1.0000,5200,856000,859400,861525.5,868600,922100,9925.2,864600,866707.8,0.497
scatter,physical,cold,scattered,28,16,448,51,1.0000,5500,183300,185300,185666.7,189200,191800,1764.5,190700,191184.3,2.306
lc_scatter,physical,cold,scattered,28,16,448,51,1.0000,0,175000,176200,176733.3,180400,186200,1790.5,176200,176733.3,2.425
scatter,virtual,cold,scattered,28,32,896,51,1.0000,5200,854500,858400,859249.0,868900,873100,3879.1,863600,864462.7,0.995
scatter,physical,cold,scattered,28,32,896,51,1.0000,5400,184100,185300,185949.0,193800,196700,2547.0,190800,191413.7,4.611
lc_scatter,physical,cold,scattered,28,32,896,51,1.0000,0,175000,176500,177152.9,178800,197000,3414.6,176500,177152.9,4.841
scatter,virtual,cold,scattered,28,64,1792,51,1.0000,5200,855500,858700,862154.9,871600,948100,13177.5,863800,867596.1,1.990
scatter,physical,cold,scattered,28,64,1792,51,1.0000,5400,183400,185200,185705.9,190600,193800,1969.5,190700,191154.9,9.228
lc_scatter,physical,cold,scattered,28,64,1792,51,1.0000,0,175000,176900,178125.5,193000,197400,4459.7,176900,178125.5,9.661
scatter,virtual,cold,scattered,28,128,3584,51,1.0000,5300,922300,925900,926562.7,931600,938900,3003.5,931200,931913.7,3.692
scatter,physical,cold,scattered,28,128,3584,51,1.0000,5500,249600,251400,253690.2,264900,315100,9544.8,256900,259186.3,13.596
lc_scatter,physical,cold,scattered,28,128,3584,51,1.0000,0,174000,175900,176180.4,179800,185400,1801.3,175900,176180.4,19.431
scatter,virtual,cold,scattered,28,256,7168,51,1.0000,5200,986600,991100,992102.0,1001500,1010300,4164.6,996300,997339.2,6.897
scatter,physical,cold,scattered,28,256,7168,51,1.0000,5500,315000,317000,317880.4,323200,339200,4148.9,322400,323402.0,21.564
lc_scatter,physical,cold,scattered,28,256,7168,51,1.0000,0,227400,231600,236302.0,247400,255900,7909.0,231600,236302.0,29.516
scatter,virtual,cold,scattered,28,512,14336,51,1.0000,5200,1142000,1147900,1149847.1,1162200,1188100,7513.3,1153200,1155221.6,11.910
scatter,physical,cold,scattered,28,512,14336,51,1.0000,5400,468000,471300,473415.7,485100,487300,4688.9,476900,478896.1,29.009
lc_scatter,physical,cold,scattered,28,512,14336,51,1.0000,0,377400,381300,383454.9,397700,403700,5854.6,381300,383454.9,35.856
scatter,virtual,cold,scattered,28,768,21504,51,1.0000,5300,1297800,1304100,1307121.6,1319800,1373200,12553.4,1309300,1312488.2,15.726
scatter,physical,cold,scattered,28,768,21504,51,1.0000,5400,624200,629700,630549.0,643000,648800,5074.6,635100,636029.4,32.568
lc_scatter,physical,cold,scattered,28,768,21504,51,1.0000,0,532200,549000,547168.6,557800,575800,8229.1,549000,547168.6,37.355
scatter,virtual,cold,scattered,28,1024,28672,51,1.0000,5200,1622000,1633600,1638794.1,1679400,1680900,15715.0,1638700,1644082.4,16.738
scatter,physical,cold,scattered,28,1024,28672,51,1.0000,5400,951900,959400,962858.8,1006100,1021700,13392.2,964800,968360.8,28.501
lc_scatter,physical,cold,scattered,28,1024,28672,51,1.0000,0,871000,879400,885825.5,924400,1081900,30335.1,879400,885825.5,31.094
scatter,virtual,cold,scattered,28,2048,57344,51,1.0000,5200,1427900,1434700,1438023.5,1479600,1485500,12416.3,1439900,1443358.8,38.118
scatter,physical,cold,scattered,28,2048,57344,51,1.0000,5400,757400,760900,769802.0,843000,884500,27540.2,766400,775482.4,71.872
lc_scatter,physical,cold,scattered,28,2048,57344,51,1.0000,0,1607300,1615200,1619696.1,1639400,1666600,11519.3,1615200,1619696.1,33.858
scatter,virtual,cold,scattered,28,4096,114688,51,1.0000,4400,1424500,1429200,1431500.0,1440700,1484500,8782.7,1433700,1436049.0,76.529
scatter,physical,cold,scattered,28,4096,114688,51,1.0000,4400,753400,758000,767462.7,844300,873700,26977.9,762800,772021.6,144.294
scatter_page,virtual,cold,scattered,28,4096,114688,51,1.0000,4400,1425500,1430400,1433652.9,1473500,1476900,11088.8,1434800,1438100.0,76.465
lc_scatter,physical,cold,scattered,28,4096,114688,51,1.0000,0,733500,748800,757262.7,865400,871900,32427.0,748800,757262.7,146.067
scatter,virtual,cold,scattered,29,8,232,51,1.0000,5300,855900,858900,860323.5,873700,876500,4833.4,864000,865721.6,0.258
scatter,physical,cold,scattered,29,8,232,51,1.0000,5500,183200,185200,185662.7,190900,194200,2001.9,190700,191174.5,1.195
scatter_page,virtual,cold,scattered,29,8,232,51,1.0000,5300,1436900,1443300,1444856.9,1451800,1483400,7247.9,1448400,1450109.8,0.153
lc_scatter,physical,cold,scattered,29,8,232,51,1.0000,0,175100,176700,177531.4,183300,189300,2640.3,176700,177531.4,1.252
scatter,virtual,cold,scattered,29,16,464,51,1.0000,5400,855600,858700,860488.2,870700,882900,4853.6,864100,865925.5,0.515
scatter,physical,cold,scattered,29,16,464,51,1.0000,5500,183900,185200,185496.1,189700,190300,1430.7,190800,191088.2,2.389
lc_scatter,physical,cold,scattered,29,16,464,51,1.0000,0,174400,176000,176441.2,178300,186500,2158.6,176000,176441.2,2.514
scatter,virtual,cold,scattered,29,32,928,51,1.0000,5300,856700,858900,859964.7,865700,875100,3364.8,864200,865274.5,1.030
scatter,physical,cold,scattered,29,32,928,51,1.0000,5500,183500,185300,185896.1,189700,204200,2937.1,190700,191388.2,4.776
lc_scatter,physical,cold,scattered,29,32,928,51,1.0000,0,173800,175700,176360.8,178100,197200,3241.7,175700,176360.8,5.037
scatter,virtual,cold,scattered,29,64,1856,51,1.0000,5300,857300,859800,860572.5,867300,869900,2756.5,865100,865917.6,2.059
scatter,physical,cold,scattered,29,64,1856,51,1.0000,5500,184400,186100,186794.1,191000,205600,3036.8,191600,192319.6,9.511
lc_scatter,physical,cold,scattered,29,64,1856,51,1.0000,0,174800,176300,176856.9,180500,185700,1856.5,176300,176856.9,10.040
scatter,virtual,cold,scattered,29,128,3712,51,1.0000,5300,922000,927300,930049.0,936700,1035000,15518.0,932600,935466.7,3.818
scatter,physical,cold,scattered,29,128,3712,51,1.0000,5500,249500,252200,252766.7,256800,272900,3358.4,257700,258313.7,14.037
lc_scatter,physical,cold,scattered,29,128,3712,51,1.0000,0,174800,176300,176737.3,178600,190700,2302.3,176300,176737.3,20.080
scatter,virtual,cold,scattered,29,256,7424,51,1.0000,5300,989400,992800,994613.7,1008600,1027300,6432.0,998300,999945.1,7.131
scatter,physical,cold,scattered,29,256,7424,51,1.0000,5500,315200,318400,320413.7,323700,396800,11216.8,324000,326017.6,22.236
lc_scatter,physical,cold,scattered,29,256,7424,51,1.0000,0,227600,230300,233039.2,247700,251700,6300.3,230300,233039.2,30.743
scatter,virtual,cold,scattered,29,512,14848,51,1.0000,5300,1144000,1150100,1151088.2,1158700,1161800,3861.2,1155500,1156454.9,12.312
scatter,physical,cold,scattered,29,512,14848,51,1.0000,5500,470700,474700,475649.0,484500,484600,3275.4,480300,481264.7,29.830
lc_scatter,physical,cold,scattered,29,512,14848,51,1.0000,0,381900,385200,387849.0,399600,439000,9020.9,385200,387849.0,36.761
scatter,virtual,cold,scattered,29,768,22272,51,1.0000,5300,1554900,1564000,1568513.7,1614800,1621100,15113.2,1569200,1573876.5,13.581
scatter,physical,cold,scattered,29,768,22272,51,1.0000,5600,886100,891300,897507.8,940500,956700,16569.9,896900,903168.6,23.831
lc_scatter,physical,cold,scattered,29,768,22272,51,1.0000,0,537700,552900,551247.1,565400,569200,8399.3,552900,551247.1,38.416
scatter,virtual,cold,scattered,29,1024,29696,51,1.0000,5300,1683100,1696600,1700905.9,1748600,1758500,15310.3,1702000,1706325.5,16.692
scatter,physical,cold,scattered,29,1024,29696,51,1.0000,5500,1016600,1022400,1026109.8,1072200,1081600,14203.4,1027900,1031698.0,27.700
lc_scatter,physical,cold,scattered,29,1024,29696,51,1.0000,0,934200,940400,944645.1,985500,1009900,14306.6,940400,944645.1,30.115
scatter,virtual,cold,scattered,29,2048,59392,51,1.0000,5200,1438400,1445800,1448352.9,1460700,1495600,10134.4,1451100,1453711.8,39.176
scatter,physical,cold,scattered,29,2048,59392,51,1.0000,5500,768800,772500,776900.0,821600,826800,13038.1,778100,782511.8,73.321
lc_scatter,physical,cold,scattered,29,2048,59392,51,1.0000,0,1609900,1630500,1628709.8,1641900,1648400,9192.0,1630500,1628709.8,34.738
scatter,virtual,cold,scattered,29,4096,118784,51,1.0000,4500,1436200,1442200,1446360.8,1490700,1510100,14255.5,1447000,1451054.9,78.548
scatter,physical,cold,scattered,29,4096,118784,51,1.0000,4600,765500,769100,770737.3,779200,821000,7771.7,773900,775421.6,147.291
scatter_page,virtual,cold,scattered,29,4096,118784,51,1.0000,4500,1435100,1444100,1444905.9,1457000,1472700,6805.9,1448700,1449451.0,78.444
lc_scatter,physical,cold,scattered,29,4096,118784,51,1.0000,0,748000,759000,761533.3,774800,812000,11046.4,759000,761533.3,149.251
scatter,virtual,cold,scattered,30,8,240,51,1.0000,5400,856000,859600,860547.1,869200,877900,3996.3,864800,865884.3,0.266
scatter,physical,cold,scattered,30,8,240,51,1.0000,5600,183900,185500,185711.8,187800,192200,1394.8,191200,191331.4,1.234
scatter_page,virtual,cold,scattered,30,8,240,51,1.0000,5400,1452800,1459200,1460913.7,1478100,1505700,9607.3,1464700,1466303.9,0.157
lc_scatter,physical,cold,scattered,30,8,240,51,1.0000,0,175200,176600,177045.1,179900,185700,1739.5,176600,177045.1,1.296
scatter,virtual,cold,scattered,30,16,480,51,1.0000,5400,856500,860300,862700.0,869400,912600,9921.3,865900,868152.9,0.532
scatter,physical,cold,scattered,30,16,480,51,1.0000,5700,184500,186000,186335.3,188500,197000,1867.3,191900,192196.1,2.461
lc_scatter,physical,cold,scattered,30,16,480,51,1.0000,0,174900,176300,176576.5,178600,181400,1260.7,176300,176576.5,2.597
scatter,virtual,cold,scattered,30,32,960,51,1.0000,5400,856200,861200,863705.9,875900,880500,5937.8,866600,869296.1,1.063
scatter,physical,cold,scattered,30,32,960,51,1.0000,5600,185200,186700,187370.6,190700,200200,2830.4,192300,193135.3,4.904
lc_scatter,physical,cold,scattered,30,32,960,51,1.0000,0,175000,176600,176933.3,179000,185300,1553.5,176600,176933.3,5.184
scatter,virtual,cold,scattered,30,64,1920,51,1.0000,5400,857600,860600,861660.8,872800,880200,4250.4,866000,867096.1,2.128
scatter,physical,cold,scattered,30,64,1920,51,1.0000,5600,184500,186400,187360.8,193000,215500,4354.6,192000,193017.6,9.823
lc_scatter,physical,cold,scattered,30,64,1920,51,1.0000,0,174800,176700,176919.6,179200,184300,1455.9,176700,176919.6,10.363
scatter,virtual,cold,scattered,30,128,3840,51,1.0000,5400,921600,927000,927456.9,937200,949700,4593.8,932400,932923.5,3.950
scatter,physical,cold,scattered,30,128,3840,51,1.0000,5700,250400,252500,254256.9,257800,314200,8760.2,258300,259954.9,14.503
lc_scatter,physical,cold,scattered,30,128,3840,51,1.0000,0,174800,176500,176931.4,178800,185500,1867.9,176500,176931.4,20.748
scatter,virtual,cold,scattered,30,256,7680,51,1.0000,5500,987700,993200,994288.2,1003700,1013900,4792.5,998600,999829.4,7.374
scatter,physical,cold,scattered,30,256,7680,51,1.0000,5700,315800,319400,320143.1,326900,332000,3345.5,325000,325872.5,22.931
lc_scatter,physical,cold,scattered,30,256,7680,51,1.0000,0,228000,230500,232713.7,244400,247400,5224.1,230500,232713.7,31.775
scatter,virtual,cold,scattered,30,512,15360,51,1.0000,5400,1145700,1153100,1155176.5,1173400,1187400,7218.0,1158600,1160782.4,12.704
scatter,physical,cold,scattered,30,512,15360,51,1.0000,5700,473300,477700,478062.7,484000,493800,3484.8,483500,483860.8,30.665
lc_scatter,physical,cold,scattered,30,512,15360,51,1.0000,0,383500,386200,388794.1,406300,409400,6744.4,386200,388794.1,37.930
scatter,virtual,cold,scattered,30,768,23040,51,1.0000,5500,1556800,1565700,1567472.5,1579600,1624700,9766.8,1571400,1572996.1,14.034
scatter,physical,cold,scattered,30,768,23040,51,1.0000,5700,885500,892100,901725.5,948900,1012400,25095.3,897700,907649.0,24.630
lc_scatter,physical,cold,scattered,30,768,23040,51,1.0000,0,544400,558700,557939.2,568300,573800,5945.8,558700,557939.2,39.328
scatter,virtual,cold,scattered,30,1024,30720,51,1.0000,5500,1689400,1697800,1700823.5,1742400,1754800,13668.2,1703300,1706370.6,17.256
scatter,physical,cold,scattered,30,1024,30720,51,1.0000,5700,1018600,1024600,1028452.9,1070400,1080600,14027.7,1030500,1034166.7,28.593
lc_scatter,physical,cold,scattered,30,1024,30720,51,1.0000,0,935900,943500,950327.5,1003800,1013200,18936.4,943500,950327.5,31.051
scatter,virtual,cold,scattered,30,2048,61440,51,1.0000,5400,1455700,1462000,1471172.5,1519800,1642900,30976.9,1467400,1476833.3,40.078
scatter,physical,cold,scattered,30,2048,61440,51,1.0000,5700,783000,787700,789405.9,800600,835200,8277.0,793400,795123.5,74.386
lc_scatter,physical,cold,scattered,30,2048,61440,51,1.0000,0,1676900,1694500,1696492.2,1719200,1737800,12677.3,1694500,1696492.2,34.579
scatter,virtual,cold,scattered,30,4096,122880,51,1.0000,4700,1450100,1456900,1460911.8,1500100,1512800,12317.6,1461600,1465780.4,80.436
scatter,physical,cold,scattered,30,4096,122880,51,1.0000,4700,780400,784200,787156.9,804100,841600,10657.2,788900,791945.1,149.436
scatter_page,virtual,cold,scattered,30,4096,122880,51,1.0000,4600,1451100,1458400,1462280.4,1499200,1508800,12928.7,1463100,1466937.3,80.353
lc_scatter,physical,cold,scattered,30,4096,122880,51,1.0000,0,759400,774200,776060.8,786800,822400,9823.0,774200,776060.8,151.366
scatter,virtual,cold,scattered,32,8,256,51,1.0000,5500,915800,921800,924598.0,941900,989700,10814.9,927300,930107.8,0.265
scatter,physical,cold,scattered,32,8,256,51,1.0000,5800,244600,247100,247880.4,250800,267200,4041.9,252900,253770.6,0.988
scatter_page,virtual,cold,scattered,32,8,256,51,1.0000,5500,1486300,1494400,1498609.8,1539000,1573500,15739.4,1500000,1504105.9,0.163
lc_scatter,physical,cold,scattered,32,8,256,51,1.0000,0,234800,237100,237476.5,240700,242400,1612.0,237100,237476.5,1.030
scatter,virtual,cold,scattered,32,16,512,51,1.0000,5500,917600,922000,923900.0,942900,948100,6520.1,927800,929472.5,0.530
scatter,physical,cold,scattered,32,16,512,51,1.0000,5900,244500,247600,248733.3,254000,287700,6037.9,253400,254649.0,1.972
lc_scatter,physical,cold,scattered,32,16,512,51,1.0000,0,234800,236700,237209.8,240600,245600,1968.2,236700,237209.8,2.063
scatter,virtual,cold,scattered,32,32,1024,51,1.0000,5500,919100,921600,923800.0,935500,959000,7768.2,927100,929368.6,1.060
scatter,physical,cold,scattered,32,32,1024,51,1.0000,5800,245400,247100,247735.3,250400,268200,3219.6,253000,253598.0,3.952
lc_scatter,physical,cold,scattered,32,32,1024,51,1.0000,0,234900,237400,238876.5,247200,264500,5161.1,237400,238876.5,4.114
scatter,virtual,cold,scattered,32,64,2048,51,1.0000,5500,917600,921600,922570.6,928500,939100,3453.3,927100,928160.8,2.119
scatter,physical,cold,scattered,32,64,2048,51,1.0000,5800,245600,247500,248307.8,253800,268400,3453.6,253300,254168.6,7.891
lc_scatter,physical,cold,scattered,32,64,2048,51,1.0000,0,235400,237500,237945.1,240500,251800,2336.7,237500,237945.1,8.224
scatter,virtual,cold,scattered,32,128,4096,51,1.0000,5500,984600,990400,993158.8,1010600,1057200,11432.7,996500,998800.0,3.944
scatter,physical,cold,scattered,32,128,4096,51,1.0000,5900,311800,315800,315837.3,318600,329300,2883.2,321700,321780.4,12.369
lc_scatter,physical,cold,scattered,32,128,4096,51,1.0000,0,235400,237100,237778.4,239800,257400,3192.4,237100,237778.4,16.475
scatter,virtual,cold,scattered,32,256,8192,51,1.0000,5500,1047600,1058000,1060968.6,1074600,1140000,12678.0,1063600,1066590.2,7.384
scatter,physical,cold,scattered,32,256,8192,51,1.0000,5900,378500,382700,382878.4,387800,396700,2896.2,388600,388805.9,20.414
lc_scatter,physical,cold,scattered,32,256,8192,51,1.0000,0,289600,293100,295709.8,314100,321500,7777.9,293100,295709.8,26.655
scatter,virtual,cold,scattered,32,512,16384,51,1.0000,5500,1217000,1222100,1223805.9,1235900,1277500,8827.7,1227800,1229415.7,12.785
scatter,physical,cold,scattered,32,512,16384,51,1.0000,5900,542000,546700,547064.7,552000,558800,3059.7,552600,552992.2,28.581
lc_scatter,physical,cold,scattered,32,512,16384,51,1.0000,0,448100,453600,456929.4,472700,480800,7480.5,453600,456929.4,34.447
scatter,virtual,cold,scattered,32,768,24576,51,1.0000,5500,1557800,1567600,1574811.8,1622400,1642000,19965.0,1573100,1580441.2,14.951
scatter,physical,cold,scattered,32,768,24576,51,1.0000,5900,885300,892200,897096.1,939300,946800,13504.5,898100,903139.2,26.269
lc_scatter,physical,cold,scattered,32,768,24576,51,1.0000,0,613100,628500,628451.0,635500,651200,5602.3,628500,628451.0,37.291
scatter,virtual,cold,scattered,32,1024,32768,51,1.0000,5500,1704400,1711200,1717474.5,1771800,1776400,17940.6,1716900,1723098.0,18.262
scatter,physical,cold,scattered,32,1024,32768,51,1.0000,5900,1027500,1036300,1044070.6,1105200,1142500,23688.9,1042400,1050202.0,30.155
lc_scatter,physical,cold,scattered,32,1024,32768,51,1.0000,0,941300,946300,952611.8,988500,1015800,14941.3,946300,952611.8,33.023
scatter,virtual,cold,scattered,32,2048,65536,51,1.0000,5500,1489600,1495200,1497380.4,1511800,1539400,8950.1,1500800,1503045.1,41.800
scatter,physical,cold,scattered,32,2048,65536,51,1.0000,5900,816300,820100,821556.9,830800,863800,6749.7,826000,827545.1,76.210
lc_scatter,physical,cold,scattered,32,2048,65536,51,1.0000,0,1764800,1772400,1776390.2,1807400,1831800,12747.5,1772400,1776390.2,35.263
scatter,virtual,cold,scattered,32,4096,131072,51,1.0000,4900,1484700,1490200,1491349.0,1500500,1513300,5077.1,1495300,1496417.6,83.881
scatter,physical,cold,scattered,32,4096,131072,51,1.0000,4900,811200,816700,818535.3,829700,859000,8702.3,821600,823576.5,153.055
scatter_page,virtual,cold,scattered,32,4096,131072,51,1.0000,4900,1485200,1491400,1493107.8,1507800,1518900,6504.2,1496200,1498013.7,83.814
lc_scatter,physical,cold,scattered,32,4096,131072,51,1.0000,0,802600,807500,809882.4,846700,852400,10171.7,807500,809882.4,154.799
scatter,virtual,cold,scattered,36,8,288,51,1.0000,6300,919900,923300,924752.9,931200,963300,6147.1,929600,931054.9,0.297
scatter,physical,cold,scattered,36,8,288,51,1.0000,6100,247500,249800,250531.4,257300,272600,3756.0,255900,256692.2,1.100
scatter_page,virtual,cold,scattered,36,8,288,51,1.0000,6300,1551200,1558800,1563198.0,1580000,1716600,22822.6,1565100,1569496.1,0.176
lc_scatter,physical,cold,scattered,36,8,288,51,1.0000,0,237200,239500,239656.9,242300,253300,2304.5,239500,239656.9,1.147
scatter,virtual,cold,scattered,36,16,576,51,1.0000,6300,920100,925500,927170.6,944800,946500,5696.7,931900,933776.5,0.594
scatter,physical,cold,scattered,36,16,576,51,1.0000,6100,248000,250800,250756.9,253100,255500,1311.7,256900,256917.6,2.190
lc_scatter,physical,cold,scattered,36,16,576,51,1.0000,0,236500,239100,239284.3,242400,249900,2271.8,239100,239284.3,2.297
scatter,virtual,cold,scattered,36,32,1152,51,1.0000,6300,921200,925400,926060.8,932000,939800,3573.7,931900,932398.0,1.187
scatter,physical,cold,scattered,36,32,1152,51,1.0000,6100,248200,250100,251102.0,261600,264200,3417.0,256200,257264.7,4.393
lc_scatter,physical,cold,scattered,36,32,1152,51,1.0000,0,236900,240000,241454.9,246500,302900,9062.3,240000,241454.9,4.578
scatter,virtual,cold,scattered,36,64,2304,51,1.0000,6300,921700,925400,926380.4,935300,943200,4060.4,931800,932784.3,2.374
scatter,physical,cold,scattered,36,64,2304,51,1.0000,6100,248300,250400,250566.7,252900,257200,1725.4,256500,256703.9,8.775
lc_scatter,physical,cold,scattered,36,64,2304,51,1.0000,0,236300,238400,239602.0,247700,271300,5105.6,238400,239602.0,9.217
scatter,virtual,cold,scattered,36,128,4608,51,1.0000,6300,987300,992700,993033.3,1000500,1008900,3629.7,998900,999451.0,4.427
scatter,physical,cold,scattered,36,128,4608,51,1.0000,6100,314800,317700,318641.2,324800,346300,4704.1,323900,324847.1,13.832
lc_scatter,physical,cold,scattered,36,128,4608,51,1.0000,0,236500,239000,239562.7,247000,250700,2713.6,239000,239562.7,18.387
scatter,virtual,cold,scattered,36,256,9216,51,1.0000,6300,1058700,1064600,1065690.2,1075300,1097000,6119.2,1070900,1072098.0,8.256
scatter,physical,cold,scattered,36,256,9216,51,1.0000,6100,384700,389800,389935.3,396000,402600,3428.4,395900,396133.3,22.548
lc_scatter,physical,cold,scattered,36,256,9216,51,1.0000,0,290600,294500,296200.0,309500,311800,5409.1,294500,296200.0,29.844
scatter,virtual,cold,scattered,36,512,18432,51,1.0000,6400,1224700,1231100,1232509.8,1242000,1248500,5173.2,1237500,1239139.2,14.278
scatter,physical,cold,scattered,36,512,18432,51,1.0000,6100,553500,557000,558892.2,567600,619700,9217.8,563300,565125.5,31.559
lc_scatter,physical,cold,scattered,36,512,18432,51,1.0000,0,458800,462700,466945.1,481500,487200,7625.0,462700,466945.1,37.990
scatter,virtual,cold,scattered,36,768,27648,51,1.0000,6300,1625700,1633500,1637970.6,1680500,1689200,14121.9,1639800,1644439.2,16.142
scatter,physical,cold,scattered,36,768,27648,51,1.0000,6100,951600,958300,961129.4,973200,1021600,12425.7,964500,967305.9,27.515
lc_scatter,physical,cold,scattered,36,768,27648,51,1.0000,0,873000,879300,884721.6,932100,952500,16997.5,879300,884721.6,29.987
scatter,virtual,cold,scattered,36,1024,36864,51,1.0000,6400,1846900,1855400,1859086.3,1909400,1922800,14916.8,1861700,1865617.6,18.948
scatter,physical,cold,scattered,36,1024,36864,51,1.0000,6100,1169200,1180100,1184192.2,1223200,1239900,13767.0,1186500,1190376.5,29.791
lc_scatter,physical,cold,scattered,36,1024,36864,51,1.0000,0,1015300,1021500,1024992.2,1048400,1092600,13901.7,1021500,1024992.2,34.416
scatter,virtual,cold,scattered,36,2048,73728,51,1.0000,6400,1555100,1560700,1564984.3,1598300,1605500,11881.7,1567300,1571758.8,45.052
scatter,physical,cold,scattered,36,2048,73728,51,1.0000,6100,882700,887000,889821.6,917800,925800,9995.8,893300,896000.0,79.270
lc_scatter,physical,cold,scattered,36,2048,73728,51,1.0000,0,1928200,1939200,1942280.4,1961200,1989400,11654.3,1939200,1942280.4,36.259
scatter,virtual,cold,scattered,36,4096,147456,51,1.0000,5400,1550200,1556500,1559827.5,1591700,1599900,10320.8,1561900,1565447.1,90.347
scatter,physical,cold,scattered,36,4096,147456,51,1.0000,5400,879200,883300,891366.7,982900,1008000,26570.3,888800,896868.6,159.204
scatter_page,virtual,cold,scattered,36,4096,147456,51,1.0000,5300,1550700,1558400,1559788.2,1576700,1595900,8051.5,1563100,1565133.3,90.237
lc_scatter,physical,cold,scattered,36,4096,147456,51,1.0000,0,865100,871600,889600.0,987700,990000,36284.4,871600,889600.0,161.341
scatter,virtual,cold,scattered,40,8,320,51,1.0000,6400,922200,926600,927337.3,937500,944300,4431.6,932900,933798.0,0.329
scatter,physical,cold,scattered,40,8,320,51,1.0000,6600,248600,250700,251694.1,259400,282400,4956.0,257300,258341.2,1.217
scatter_page,virtual,cold,scattered,40,8,320,51,1.0000,6500,1676600,1681800,1684472.5,1703000,1728600,9692.0,1688300,1690952.9,0.181
lc_scatter,physical,cold,scattered,40,8,320,51,1.0000,0,236700,239600,240403.9,249500,260600,3965.2,239600,240403.9,1.274
scatter,virtual,cold,scattered,40,16,640,51,1.0000,6500,922200,926900,929890.2,940500,992700,11605.7,933400,936452.9,0.658
scatter,physical,cold,scattered,40,16,640,51,1.0000,6700,249200,252100,253419.6,262400,295800,6692.8,258800,260335.3,2.421
lc_scatter,physical,cold,scattered,40,16,640,51,1.0000,0,237000,239600,240886.3,255800,267300,5281.7,239600,240886.3,2.547
scatter,virtual,cold,scattered,40,32,1280,51,1.0000,6500,922700,926800,927586.3,940500,951000,4809.2,933300,934229.4,1.317
scatter,physical,cold,scattered,40,32,1280,51,1.0000,6600,249200,251600,251756.9,254700,257700,1440.2,258200,258417.6,4.852
lc_scatter,physical,cold,scattered,40,32,1280,51,1.0000,0,237300,239100,239741.2,245200,253300,2596.5,239100,239741.2,5.105
scatter,virtual,cold,scattered,40,64,2560,51,1.0000,6500,921400,926800,927588.2,935700,955700,5006.8,933300,934309.8,2.634
scatter,physical,cold,scattered,40,64,2560,51,1.0000,6700,248700,251100,251729.4,257100,262200,2419.5,257700,258392.2,9.723
lc_scatter,physical,cold,scattered,40,64,2560,51,1.0000,0,236000,238500,239319.6,248900,259200,3716.7,238500,239319.6,10.237
scatter,virtual,cold,scattered,40,128,5120,51,1.0000,6600,991900,996400,1001868.6,1045700,1060900,14822.9,1003000,1008611.8,4.900
scatter,physical,cold,scattered,40,128,5120,51,1.0000,6600,317500,320600,323045.1,328200,430300,15519.3,327200,329737.3,15.230
lc_scatter,physical,cold,scattered,40,128,5120,51,1.0000,0,237200,239700,255462.7,248900,1022000,109509.7,239700,255462.7,20.371
scatter,virtual,cold,scattered,40,256,10240,51,1.0000,6500,1065600,1074000,1075368.6,1086700,1102200,5846.4,1080500,1081990.2,9.093
scatter,physical,cold,scattered,40,256,10240,51,1.0000,6700,393300,397500,398488.2,407200,409700,3993.6,404200,405231.4,24.568
lc_scatter,physical,cold,scattered,40,256,10240,51,1.0000,0,296600,300000,301313.7,311200,317700,3950.9,300000,301313.7,32.552
scatter,virtual,cold,scattered,40,512,20480,51,1.0000,6500,1557000,1564500,1568594.1,1620600,1630600,15001.0,1570900,1575219.6,12.484
scatter,physical,cold,scattered,40,512,20480,51,1.0000,6600,884900,890200,896666.7,943900,945900,17013.0,896900,903325.5,21.940
lc_scatter,physical,cold,scattered,40,512,20480,51,1.0000,0,531900,546500,544637.3,552900,571900,7616.8,546500,544637.3,35.739
scatter,virtual,cold,scattered,40,768,30720,51,1.0000,6500,1696900,1705300,1709968.6,1753000,1774500,15665.3,1711800,1716658.8,17.180
scatter,physical,cold,scattered,40,768,30720,51,1.0000,6700,1022200,1029600,1034307.8,1083500,1090800,15666.3,1036400,1041074.5,28.455
lc_scatter,physical,cold,scattered,40,768,30720,51,1.0000,0,936800,944600,952452.9,1001400,1027500,20065.5,944600,952452.9,31.015
scatter,virtual,cold,scattered,40,1024,40960,51,1.0000,6600,1928500,1940100,1946629.4,1990700,1992400,16084.9,1946600,1953368.6,20.134
scatter,physical,cold,scattered,40,1024,40960,51,1.0000,6700,1253200,1263400,1264996.1,1278000,1314800,9090.3,1270100,1271723.5,30.919
lc_scatter,physical,cold,scattered,40,1024,40960,51,1.0000,0,1090900,1101800,1106172.5,1147000,1172000,15465.6,1101800,1106172.5,35.453
scatter,virtual,cold,scattered,40,2048,81920,51,1.0000,6500,1673400,1683400,1686743.1,1702800,1731000,10544.6,1689800,1693413.7,46.409
scatter,physical,cold,scattered,40,2048,81920,51,1.0000,6600,1003200,1009600,1011488.2,1035900,1053900,8828.8,1016400,1018192.2,77.382
lc_scatter,physical,cold,scattered,40,2048,81920,51,1.0000,0,2214000,2223400,2228374.5,2277000,2315500,17676.6,2223400,2228374.5,35.138
scatter,virtual,cold,scattered,40,4096,163840,51,1.0000,5900,1675900,1681100,1684019.6,1696700,1730600,10899.3,1687000,1690137.3,92.945
scatter,physical,cold,scattered,40,4096,163840,51,1.0000,6200,999700,1007300,1015713.7,1074800,1151000,29171.4,1013400,1021962.7,155.118
scatter_page,virtual,cold,scattered,40,4096,163840,51,1.0000,6000,1675500,1680400,1683592.2,1709200,1723000,10284.7,1686200,1689603.9,92.984
lc_scatter,physical,cold,scattered,40,4096,163840,51,1.0000,0,975900,983200,986645.1,997200,1022800,8655.3,983200,986645.1,158.920
scatter,virtual,cold,scattered,48,8,384,51,1.0000,7500,936400,941900,944302.0,950500,1007300,10336.2,949600,951878.4,0.389
scatter,physical,cold,scattered,48,8,384,51,1.0000,8300,251800,254700,254907.8,260200,263700,2182.8,263000,263392.2,1.438
scatter_page,virtual,cold,scattered,48,8,384,51,1.0000,7500,1801000,1807000,1809788.2,1827200,1844400,8643.9,1814500,1817317.6,0.203
lc_scatter,physical,cold,scattered,48,8,384,51,1.0000,0,238800,240800,240886.3,243000,245500,1257.1,240800,240886.3,1.521
scatter,virtual,cold,scattered,48,16,768,51,1.0000,7600,936700,942000,942703.9,950600,955400,3531.8,949800,950319.6,0.778
scatter,physical,cold,scattered,48,16,768,51,1.0000,8400,253400,255300,256537.3,272100,277400,4955.4,263700,265039.2,2.869
lc_scatter,physical,cold,scattered,48,16,768,51,1.0000,0,238300,240300,240600.0,244600,248300,1915.0,240300,240600.0,3.048
scatter,virtual,cold,scattered,48,32,1536,51,1.0000,7500,938900,943600,943935.3,954000,958200,4023.2,951100,951539.2,1.552
scatter,physical,cold,scattered,48,32,1536,51,1.0000,8400,252900,255800,256602.0,262500,266400,2698.8,264200,265141.2,5.727
lc_scatter,physical,cold,scattered,48,32,1536,51,1.0000,0,238800,240800,242570.6,250700,298300,8467.4,240800,242570.6,6.083
scatter,virtual,cold,scattered,48,64,3072,51,1.0000,7600,939400,945100,947523.5,959900,1003200,9877.9,952800,955151.0,3.100
scatter,physical,cold,scattered,48,64,3072,51,1.0000,8300,254000,256800,257400.0,263800,276400,3537.3,265100,265768.6,11.408
lc_scatter,physical,cold,scattered,48,64,3072,51,1.0000,0,238000,240800,241425.5,248100,258300,3088.9,240800,241425.5,12.166
scatter,virtual,cold,scattered,48,128,6144,51,1.0000,7600,1069700,1076400,1077064.7,1085600,1091500,4181.0,1084100,1084745.1,5.443
scatter,physical,cold,scattered,48,128,6144,51,1.0000,8400,384200,388600,389239.2,396900,418500,5345.7,397000,397700.0,15.078
lc_scatter,physical,cold,scattered,48,128,6144,51,1.0000,0,237700,240900,241141.2,244300,250100,2128.1,240900,241141.2,24.323
scatter,virtual,cold,scattered,48,256,12288,51,1.0000,7600,1156500,1162000,1163405.9,1172500,1205700,7436.3,1169600,1171158.8,10.085
scatter,physical,cold,scattered,48,256,12288,51,1.0000,8400,469600,475100,475641.2,485700,489000,4058.9,483700,484078.4,24.666
lc_scatter,physical,cold,scattered,48,256,12288,51,1.0000,0,368500,373500,376176.5,393700,397000,7141.1,373500,376176.5,31.376
scatter,virtual,cold,scattered,48,512,24576,51,1.0000,7600,1636800,1644800,1649070.6,1687900,1694800,12576.5,1652500,1656868.6,14.249
scatter,physical,cold,scattered,48,512,24576,51,1.0000,8400,949100,957400,961102.0,1001300,1007000,13655.0,965700,969623.5,24.480
lc_scatter,physical,cold,scattered,48,512,24576,51,1.0000,0,614000,628800,628517.6,635300,637700,3882.0,628800,628517.6,37.273
scatter,virtual,cold,scattered,48,768,36864,51,1.0000,7600,1865200,1876500,1881592.2,1924300,1938800,15060.9,1884300,1889307.8,18.735
scatter,physical,cold,scattered,48,768,36864,51,1.0000,8500,1178200,1187400,1191317.6,1222900,1242500,12100.9,1195900,1199835.3,29.608
lc_scatter,physical,cold,scattered,48,768,36864,51,1.0000,0,1017900,1024600,1035729.4,1111800,1168100,29245.9,1024600,1035729.4,34.312
scatter,virtual,cold,scattered,48,1024,49152,51,1.0000,7700,2293000,2305200,2309072.5,2340400,2366200,15498.8,2312900,2317037.3,20.334
scatter,physical,cold,scattered,48,1024,49152,51,1.0000,8500,1604300,1614300,1619225.5,1656000,1677900,15102.8,1622800,1627792.2,29.037
lc_scatter,physical,cold,scattered,48,1024,49152,51,1.0000,0,1265500,1277300,1287378.4,1357300,1423800,31165.6,1277300,1287378.4,36.699
scatter,virtual,cold,scattered,48,2048,98304,51,1.0000,7600,1805800,1812900,1816521.6,1843200,1886400,15448.2,1820400,1824372.5,51.713
scatter,physical,cold,scattered,48,2048,98304,51,1.0000,8400,1119300,1127500,1130558.8,1158600,1175600,10927.9,1135800,1139052.9,83.149
lc_scatter,physical,cold,scattered,48,2048,98304,51,1.0000,0,2518200,2533900,2536607.8,2557100,2589500,11957.3,2533900,2536607.8,36.998
scatter,virtual,cold,scattered,48,4096,196608,51,1.0000,7000,1798100,1804800,1808676.5,1833100,1901200,15223.4,1811800,1815843.1,103.890
scatter,physical,cold,scattered,48,4096,196608,51,1.0000,7900,1115100,1119400,1123690.2,1154000,1187300,13281.1,1127400,1131674.5,167.500
scatter_page,virtual,cold,scattered,48,4096,196608,51,1.0000,6900,1798500,1804900,1807856.9,1841000,1865800,11494.1,1812000,1814776.5,103.884
lc_scatter,physical,cold,scattered,48,4096,196608,51,1.0000,0,1098800,1103200,1104705.9,1115200,1141200,7033.4,1103200,1104705.9,169.960
scatter,virtual,cold,scattered,64,8,512,51,1.0000,10000,1023300,1028200,1029468.6,1037900,1058100,5463.5,1038200,1039527.5,0.475
scatter,physical,cold,scattered,64,8,512,51,1.0000,10600,297300,299400,301613.7,306700,375800,10977.1,310200,312254.9,1.631
scatter_page,virtual,cold,scattered,64,8,512,51,1.0000,10100,2209800,2218800,2225892.2,2264500,2307900,19248.6,2229300,2236107.8,0.220
lc_scatter,physical,cold,scattered,64,8,512,51,1.0000,0,301500,304900,305076.5,308300,318400,2705.1,304900,305076.5,1.601
scatter,virtual,cold,scattered,64,16,1024,51,1.0000,10000,1023600,1028200,1031198.0,1051200,1071900,9066.5,1038200,1041423.5,0.950
scatter,physical,cold,scattered,64,16,1024,51,1.0000,10000,299500,301900,302570.6,308800,311200,2653.3,311900,312590.2,3.235
lc_scatter,physical,cold,scattered,64,16,1024,51,1.0000,0,300800,304500,305582.4,312100,353200,7226.3,304500,305582.4,3.207
scatter,virtual,cold,scattered,64,32,2048,51,1.0000,10000,1024000,1029200,1033882.4,1040800,1168700,21941.7,1039300,1043998.0,1.898
scatter,physical,cold,scattered,64,32,2048,51,1.0000,9900,300100,303800,303805.9,306400,309700,1818.4,313700,313762.7,6.429
lc_scatter,physical,cold,scattered,64,32,2048,51,1.0000,0,298800,303000,303713.7,308900,317500,3000.4,303000,303713.7,6.446
scatter,virtual,cold,scattered,64,64,4096,51,1.0000,10000,1023800,1029400,1030921.6,1042100,1055700,5451.3,1039200,1040952.9,3.795
scatter,physical,cold,scattered,64,64,4096,51,1.0000,9600,308200,311000,312251.0,320600,323500,3734.8,320700,321994.1,12.560
lc_scatter,physical,cold,scattered,64,64,4096,51,1.0000,0,299900,303100,304274.5,313600,319700,3717.2,303100,304274.5,12.888
scatter,virtual,cold,scattered,64,128,8192,51,1.0000,10700,1162100,1169500,1172288.2,1186000,1227100,10193.8,1180300,1183417.6,6.680
scatter,physical,cold,scattered,64,128,8192,51,1.0000,9600,454400,457800,459209.8,470900,485100,5355.6,467600,468984.3,17.065
lc_scatter,physical,cold,scattered,64,128,8192,51,1.0000,0,288500,292100,293123.5,304700,305200,4190.3,292100,293123.5,26.746
scatter,virtual,cold,scattered,64,256,16384,51,1.0000,10600,1323000,1330300,1331764.7,1344300,1349700,6105.8,1341000,1342560.8,11.745
scatter,physical,cold,scattered,64,256,16384,51,1.0000,9600,609800,614600,615123.5,624200,627600,3548.0,624100,624790.2,25.423
lc_scatter,physical,cold,scattered,64,256,16384,51,1.0000,0,449300,453500,456166.7,469400,470400,6039.7,453500,456166.7,34.454
scatter,virtual,cold,scattered,64,512,32768,51,1.0000,10700,1810700,1820500,1826121.6,1869000,1881600,16287.9,1831700,1837143.1,17.166
scatter,physical,cold,scattered,64,512,32768,51,1.0000,9600,1087400,1093700,1097641.2,1143400,1146800,14104.8,1103300,1107366.7,28.573
lc_scatter,physical,cold,scattered,64,512,32768,51,1.0000,0,940500,946100,953105.9,999800,1016600,17575.4,946100,953105.9,33.030
scatter,virtual,cold,scattered,64,768,49152,51,1.0000,10900,2316600,2328400,2598756.9,5017200,5091400,809817.9,2340500,2610019.6,20.132
scatter,physical,cold,scattered,64,768,49152,51,1.0000,9600,1402300,1412100,1416774.5,1447800,1516200,17161.1,1421900,1426868.6,33.195
lc_scatter,physical,cold,scattered,64,768,49152,51,1.0000,0,1266600,1278100,1282523.5,1317300,1325500,12493.0,1278100,1282523.5,36.676
scatter,virtual,cold,scattered,64,1024,65536,51,1.0000,10800,2627600,2641600,2644068.6,2674000,2695800,12377.9,2652400,2655172.5,23.660
scatter,physical,cold,scattered,64,1024,65536,51,1.0000,9600,1820600,1832100,1835009.8,1855900,1889000,11836.5,1841800,1844772.5,34.114
lc_scatter,physical,cold,scattered,64,1024,65536,51,1.0000,0,1759600,1769800,1876490.2,1854200,4464500,519711.4,1769800,1876490.2,35.315
scatter,virtual,cold,scattered,64,2048,131072,51,1.0000,10500,2183700,2223700,2228525.5,2266800,2323600,19710.2,2234400,2239415.7,56.213
scatter,physical,cold,scattered,64,2048,131072,51,1.0000,9600,1355100,1362000,1364313.7,1382300,1395300,8482.8,1371900,1373992.2,91.777
lc_scatter,physical,cold,scattered,64,2048,131072,51,1.0000,0,3325500,3358400,3626735.3,6013000,8372000,929094.1,3358400,3626735.3,37.220
scatter,virtual,cold,scattered,64,4096,262144,51,1.0000,10000,2208300,2220500,2229472.5,2285000,2460300,37050.4,2230600,2239792.2,112.587
scatter,physical,cold,scattered,64,4096,262144,51,1.0000,8800,1352200,1359000,1362160.8,1390800,1429300,13233.9,1367700,1371268.6,183.959
scatter_page,virtual,cold,scattered,64,4096,262144,51,1.0000,9900,2209200,2216500,2230388.2,2259200,2698500,68555.2,2226600,2240407.8,112.790
lc_scatter,physical,cold,scattered,64,4096,262144,51,1.0000,0,1474900,1490300,1490005.9,1501100,1505400,5811.5,1490300,1490005.9,167.751
scatter,virtual,cold,scattered,96,8,768,51,0.9688,16600,1073900,1079600,1081584.3,1091100,1124300,7558.7,1096800,1098223.5,0.678
scatter,physical,cold,scattered,96,8,768,51,1.0000,14400,388700,392400,393390.2,401900,407400,3704.6,406700,407807.8,1.867
scatter_page,virtual,cold,scattered,96,8,768,51,0.9688,15600,2754300,2762700,2764317.6,2779200,2791500,7190.5,2778300,2779992.2,0.265
lc_scatter,physical,cold,scattered,96,8,768,51,1.0000,0,364800,370700,371421.6,380800,389800,4105.3,370700,371421.6,1.976
scatter,virtual,cold,scattered,96,16,1536,51,0.9688,15500,1073000,1079200,1081551.0,1093900,1143900,9913.1,1094800,1097113.7,1.357
scatter,physical,cold,scattered,96,16,1536,51,1.0000,13900,396000,399000,400676.5,415000,434000,6313.3,412900,414586.3,3.671
lc_scatter,physical,cold,scattered,96,16,1536,51,1.0000,0,366800,370400,371133.3,377600,398500,4699.9,370400,371133.3,3.955
scatter,virtual,cold,scattered,96,32,3072,51,0.9688,15500,1073500,1078800,1080060.8,1091400,1114400,6152.5,1094500,1096127.5,2.716
scatter,physical,cold,scattered,96,32,3072,51,1.0000,13900,396800,401500,404566.7,425900,441700,9003.5,415400,418625.5,7.297
lc_scatter,physical,cold,scattered,96,32,3072,51,1.0000,0,366900,370300,370733.3,376100,378600,2508.7,370300,370733.3,7.912
scatter,virtual,cold,scattered,96,64,6144,51,0.9688,15600,1074400,1080900,1083403.9,1099900,1119200,8402.9,1096700,1099392.2,5.421
scatter,physical,cold,scattered,96,64,6144,51,1.0000,13800,407200,410700,411811.8,423200,430900,4717.3,424500,425682.4,14.267
lc_scatter,physical,cold,scattered,96,64,6144,51,1.0000,0,354400,359700,364092.2,375700,383200,7358.2,359700,364092.2,16.290
scatter,virtual,cold,scattered,96,128,12288,51,0.9688,15500,1293900,1302100,1304356.9,1322900,1335900,8905.7,1317900,1320041.2,9.000
scatter,physical,cold,scattered,96,128,12288,51,1.0000,13900,629500,634700,635807.8,648300,663900,5875.1,648600,649717.6,18.463
lc_scatter,physical,cold,scattered,96,128,12288,51,1.0000,0,368500,372900,376033.3,391700,399700,7475.3,372900,376033.3,31.426
scatter,virtual,cold,scattered,96,256,24576,51,0.9688,15800,1763000,1772500,1777211.8,1804400,1839200,15171.9,1788300,1793207.8,13.223
scatter,physical,cold,scattered,96,256,24576,51,1.0000,14000,1091100,1099300,1106286.3,1150200,1157900,17378.3,1113500,1120505.9,21.320
lc_scatter,physical,cold,scattered,96,256,24576,51,1.0000,0,625100,629500,632202.0,651800,698700,11132.8,629500,632202.0,37.232
scatter,virtual,cold,scattered,96,512,49152,51,0.9688,15700,2422000,2430600,2434611.8,2472700,2486100,13396.6,2446700,2450694.1,19.285
scatter,physical,cold,scattered,96,512,49152,51,1.0000,14000,1686100,1695600,1698490.2,1714900,1742000,10776.1,1710400,1712594.1,27.645
lc_scatter,physical,cold,scattered,96,512,49152,51,1.0000,0,1316600,1338200,1344305.9,1379200,1412700,16888.2,1338200,1344305.9,35.028
scatter,virtual,cold,scattered,96,768,73728,51,0.9688,15800,3073500,3087000,3157325.5,3180500,5770700,377662.3,3103200,3173560.8,22.777
scatter,physical,cold,scattered,96,768,73728,51,1.0000,14000,2287000,2295300,2298441.2,2310400,2344800,9310.1,2309400,2312578.4,30.633
lc_scatter,physical,cold,scattered,96,768,73728,51,1.0000,0,1927500,1938800,1944000.0,1983000,2041200,18830.9,1938800,1944000.0,36.266
scatter,virtual,cold,scattered,96,1024,98304,51,0.9688,16000,3672700,3690400,3691872.5,3710400,3725300,11707.3,3706500,3708258.8,25.404
scatter,physical,cold,scattered,96,1024,98304,51,1.0000,14100,2668100,2684100,2689394.1,2724400,2802900,23005.5,2698500,2703902.0,34.928
lc_scatter,physical,cold,scattered,96,1024,98304,51,1.0000,0,2580300,2596000,2658929.4,2653100,5336900,383362.5,2596000,2658929.4,36.113
scatter,virtual,cold,scattered,96,2048,196608,51,0.9688,16100,2759800,2777200,2789494.1,2837800,2915900,32043.1,2793800,2806390.2,67.514
scatter,physical,cold,scattered,96,2048,196608,51,1.0000,14100,2006600,2019500,2028905.9,2078900,2200400,30495.9,2034200,2043435.3,92.845
lc_scatter,physical,cold,scattered,96,2048,196608,51,1.0000,0,5030500,5056100,5059937.3,5099800,5153500,24817.7,5056100,5059937.3,37.084
scatter,virtual,cold,scattered,96,4096,393216,51,0.9688,14900,2751900,2764400,2774009.8,2817800,2861200,21246.5,2779800,2789396.1,135.653
scatter,physical,cold,scattered,96,4096,393216,51,1.0000,13400,2000100,2010400,2013978.4,2033000,2105400,15527.5,2024200,2027670.6,186.530
scatter_page,virtual,cold,scattered,96,4096,393216,51,0.9688,15100,2753700,2768500,2774400.0,2810300,2873700,19190.4,2784000,2789690.2,135.452
lc_scatter,physical,cold,scattered,96,4096,393216,51,1.0000,0,2015400,2039300,2043492.2,2091900,2156600,21206.3,2039300,2043492.2,183.887
scatter,virtual,cold,scattered,128,8,1024,51,0.8828,20700,1248200,1256300,1260592.2,1284000,1313300,12527.8,1277000,1281652.9,0.777
scatter,physical,cold,scattered,128,8,1024,51,1.0000,18600,468300,473200,478337.3,488300,635700,24764.7,491700,496998.0,2.064
scatter_page,virtual,cold,scattered,128,8,1024,51,0.8828,19700,3228600,3236800,3240758.8,3256200,3312000,12959.0,3256500,3260321.6,0.302
lc_scatter,physical,cold,scattered,128,8,1024,51,1.0000,0,433300,437800,441470.6,454200,544500,15692.0,437800,441470.6,2.231
scatter,virtual,cold,scattered,128,16,2048,51,0.8828,19900,1247900,1254100,1257100.0,1273800,1323600,12580.0,1273800,1276968.6,1.557
scatter,physical,cold,scattered,128,16,2048,51,1.0000,18800,470200,477800,478945.1,487700,501800,5182.8,496600,497760.8,4.088
lc_scatter,physical,cold,scattered,128,16,2048,51,1.0000,0,432300,436400,436509.8,440100,442800,2243.4,436400,436509.8,4.476
scatter,virtual,cold,scattered,128,32,4096,51,0.8828,20000,1246000,1252400,1253343.1,1264900,1273800,5064.4,1272300,1273339.2,3.119
scatter,physical,cold,scattered,128,32,4096,51,1.0000,18600,477800,482500,483127.5,487700,507700,4224.6,501100,501817.6,8.096
lc_scatter,physical,cold,scattered,128,32,4096,51,1.0000,0,431500,435200,435415.7,438800,439400,1741.8,435200,435415.7,8.976
scatter,virtual,cold,scattered,128,64,8192,51,0.8828,20000,1251100,1256900,1258119.6,1271200,1281600,6010.2,1276800,1278076.5,6.216
scatter,physical,cold,scattered,128,64,8192,51,1.0000,18600,493400,497300,498627.5,503600,529000,5962.8,516200,517590.2,15.710
lc_scatter,physical,cold,scattered,128,64,8192,51,1.0000,0,425200,429400,430288.2,444400,447500,4816.0,429400,430288.2,18.194
scatter,virtual,cold,scattered,128,128,16384,51,0.8828,20100,1792800,1803200,1814741.2,1871200,1929800,26476.5,1823500,1835300.0,8.665
scatter,physical,cold,scattered,128,128,16384,51,1.0000,18800,1029300,1036400,1039941.2,1079800,1086600,13479.1,1055100,1058972.5,15.076
lc_scatter,physical,cold,scattered,128,128,16384,51,1.0000,0,451300,454800,459331.4,477900,480300,8281.9,454800,459331.4,34.356
scatter,virtual,cold,scattered,128,256,32768,51,0.8828,20000,2025300,2031700,2037329.4,2084400,2089500,14490.5,2051600,2057309.8,15.381
scatter,physical,cold,scattered,128,256,32768,51,1.0000,18800,1331700,1337800,1342051.0,1379100,1389000,12845.5,1356500,1360958.8,23.359
lc_scatter,physical,cold,scattered,128,256,32768,51,1.0000,0,940100,946200,956058.8,1010300,1091200,26447.2,946200,956058.8,33.027
scatter,virtual,cold,scattered,128,512,65536,51,0.8828,20000,2761800,2776000,2783013.7,2835200,2857700,20509.8,2796100,2803439.2,22.514
scatter,physical,cold,scattered,128,512,65536,51,1.0000,18900,2274400,2288700,2294260.8,2319300,2412300,20781.9,2307900,2313368.6,27.308
lc_scatter,physical,cold,scattered,128,512,65536,51,1.0000,0,1763500,1775300,1776343.1,1787500,1834200,10039.4,1775300,1776343.1,35.205
scatter,virtual,cold,scattered,128,768,98304,51,0.8828,20300,3699900,3720700,3949847.1,6331300,6395600,710462.1,3740900,3970333.3,25.197
scatter,physical,cold,scattered,128,768,98304,51,1.0000,19100,3008300,3025500,3038382.4,3124300,3162400,33669.9,3044400,3058017.6,30.987
lc_scatter,physical,cold,scattered,128,768,98304,51,1.0000,0,2588700,2598000,2605386.3,2658400,2688000,20480.3,2598000,2605386.3,36.085
scatter,virtual,cold,scattered,128,1024,131072,51,0.8828,20200,4370300,4386100,4390082.4,4425900,4474700,17891.4,4406300,4410564.7,28.499
scatter,physical,cold,scattered,128,1024,131072,51,1.0000,19000,3735000,3755600,3760296.1,3789500,3827700,17341.0,3774700,3779451.0,33.284
lc_scatter,physical,cold,scattered,128,1024,131072,51,1.0000,0,3516400,3542800,3659872.5,3912200,6337000,536722.9,3542800,3659872.5,35.283
scatter,virtual,cold,scattered,128,2048,262144,51,0.8828,20100,3239100,3247800,3252198.0,3293700,3331600,18157.8,3268100,3272552.9,76.975
scatter,physical,cold,scattered,128,2048,262144,51,1.0000,18900,2585200,2602200,2605515.7,2625500,2700700,17042.3,2621400,2624725.5,96.073
lc_scatter,physical,cold,scattered,128,2048,262144,51,1.0000,0,6611100,6635400,6754978.4,6753400,9596400,573779.1,6635400,6754978.4,37.677
scatter,virtual,cold,scattered,128,4096,524288,51,0.8828,19400,3225700,3236600,3239460.8,3267000,3285900,11634.2,3256000,3259258.8,154.483
scatter,physical,cold,scattered,128,4096,524288,51,1.0000,18100,2580700,2592100,2594782.4,2625100,2637800,11938.7,2610300,2613154.9,192.894
scatter_page,virtual,cold,scattered,128,4096,524288,51,0.8828,19400,3225300,3240200,3244619.6,3268600,3342200,18502.1,3260000,3264180.4,154.311
lc_scatter,physical,cold,scattered,128,4096,524288,51,1.0000,0,2679200,2719100,2719305.9,2734300,2744000,9684.2,2719100,2719305.9,183.884
scatter,virtual,cold,scattered,192,8,1536,51,0.9167,29000,1845300,1854300,1858758.8,1896700,1958800,17413.9,1883800,1888135.3,0.790
scatter,physical,cold,scattered,192,8,1536,51,1.0000,27600,656000,661300,663854.9,681200,714600,9222.1,688900,691529.4,2.215
lc_scatter,physical,cold,scattered,192,8,1536,51,1.0000,0,564800,569100,570415.7,573000,636800,9756.7,569100,570415.7,2.574
scatter,virtual,cold,scattered,192,16,3072,51,0.9167,28400,1849000,1857800,1860370.6,1873700,1941800,13115.3,1886400,1888990.2,1.577
scatter,physical,cold,scattered,192,16,3072,51,1.0000,27900,667600,672000,679752.9,713700,771700,19286.0,700000,708417.6,4.360
lc_scatter,physical,cold,scattered,192,16,3072,51,1.0000,0,562700,567900,568411.8,580100,583900,4063.7,567900,568411.8,5.159
scatter,virtual,cold,scattered,192,32,6144,51,0.9167,28600,1849500,1871300,1879609.8,1946800,1954800,27554.9,1899900,1908635.3,3.131
scatter,physical,cold,scattered,192,32,6144,51,1.0000,27500,674100,679700,688121.6,729900,752300,19039.5,707300,716376.5,8.621
lc_scatter,physical,cold,scattered,192,32,6144,51,1.0000,0,556900,562500,568215.7,607300,658600,18464.5,562500,568215.7,10.417
scatter,virtual,cold,scattered,192,64,12288,51,0.9167,28200,1870300,1883100,1892315.7,1931000,1965800,20830.8,1911500,1921009.8,6.223
scatter,physical,cold,scattered,192,64,12288,51,1.0000,28000,690000,697000,703158.8,753000,761700,16746.5,724900,731637.3,16.813
lc_scatter,physical,cold,scattered,192,64,12288,51,1.0000,0,574800,591300,599319.6,634400,992000,57704.1,591300,599319.6,19.819
scatter,virtual,cold,scattered,192,128,24576,51,0.9167,29000,2537500,2563700,2587409.8,2673300,3126100,85181.5,2592700,2616894.1,9.142
scatter,physical,cold,scattered,192,128,24576,51,1.0000,28000,1358500,1368400,1380478.4,1438400,1452600,24574.2,1395900,1408654.9,17.128
lc_scatter,physical,cold,scattered,192,128,24576,51,1.0000,0,625200,629500,632790.2,651400,723800,14082.4,629500,632790.2,37.232
scatter,virtual,cold,scattered,192,256,49152,51,0.9167,28700,3119800,3155500,3168270.6,3238800,3376600,44876.6,3185000,3197537.3,14.855
scatter,physical,cold,scattered,192,256,49152,51,1.0000,27500,1954500,1966700,1988417.6,2033300,2551100,83399.9,1994400,2016694.1,23.834
lc_scatter,physical,cold,scattered,192,256,49152,51,1.0000,0,1334900,1345500,1353331.4,1397700,1425100,19944.7,1345500,1353331.4,34.838
scatter,virtual,cold,scattered,192,512,98304,51,0.9167,29200,4375400,4417600,4436513.7,4545700,4877900,78475.2,4447400,4466607.8,21.222
scatter,physical,cold,scattered,192,512,98304,51,1.0000,27600,3186000,3202800,3214819.6,3292200,3338700,31552.7,3230400,3242807.8,29.271
lc_scatter,physical,cold,scattered,192,512,98304,51,1.0000,0,2583100,2599500,2609676.5,2646000,2920500,48134.8,2599500,2609676.5,36.065
scatter,virtual,cold,scattered,192,768,147456,51,0.9167,29200,5547000,5580900,5647951.0,5708300,8128800,362668.4,5610000,5677660.8,25.198
scatter,physical,cold,scattered,192,768,147456,51,1.0000,28200,4427000,4468500,4527756.9,4552400,7061400,366895.4,4496600,4557423.5,31.470
lc_scatter,physical,cold,scattered,192,768,147456,51,1.0000,0,3895800,3911400,3915141.2,3947100,3971400,14479.4,3911400,3915141.2,35.953
scatter,virtual,cold,scattered,192,1024,196608,51,0.9167,29200,6607700,6644300,6652607.8,6727100,6735800,33807.4,6673400,6682386.3,28.220
scatter,physical,cold,scattered,192,1024,196608,51,1.0000,28200,5627700,5649500,5661290.2,5715600,5899200,40338.8,5678000,5689766.7,33.189
lc_scatter,physical,cold,scattered,192,1024,196608,51,1.0000,0,5142400,5158300,5274960.8,5501200,7847100,524869.3,5158300,5274960.8,36.349
scatter,virtual,cold,scattered,192,2048,393216,51,0.9167,28800,4924000,4955000,4966260.8,5039700,5152800,40544.6,4984800,4995490.2,75.681
scatter,physical,cold,scattered,192,2048,393216,51,1.0000,28000,3802800,3825500,3837035.3,3929200,4016000,41158.6,3853600,3865509.8,98.026
lc_scatter,physical,cold,scattered,192,2048,393216,51,1.0000,0,9943200,9975200,10166900.0,13035700,13073500,729919.1,9975200,10166900.0,37.593
scatter,virtual,cold,scattered,192,4096,786432,51,0.9167,28100,4902400,4922200,4924954.9,4969800,4996600,18792.5,4949900,4953478.4,152.371
scatter,physical,cold,scattered,192,4096,786432,51,1.0000,27900,3786700,3797900,3807500.0,3844600,3935100,28391.2,3825900,3835676.5,197.478
lc_scatter,physical,cold,scattered,192,4096,786432,51,1.0000,0,3937000,3948900,3951417.6,3968300,4039600,14943.6,3948900,3951417.6,189.926
scatter,virtual,cold,scattered,256,8,2048,51,0.9258,111400,2785100,2834700,2848607.8,2960000,3061200,49798.1,2950800,2960470.6,0.689
scatter,physical,cold,scattered,256,8,2048,51,1.0000,35500,1081900,1087200,1093915.7,1137600,1159800,16950.5,1122900,1129764.7,1.796
lc_scatter,physical,cold,scattered,256,8,2048,51,1.0000,0,940100,945000,948300.0,961400,1005900,10015.1,945000,948300.0,2.067
scatter,virtual,cold,scattered,256,16,4096,51,0.9258,111600,2816300,2846300,2871115.7,3012100,3064600,60810.3,2959200,2985445.1,1.372
scatter,physical,cold,scattered,256,16,4096,51,1.0000,35800,1088600,1100500,1110880.4,1169700,1192200,22944.1,1136600,1147505.9,3.550
lc_scatter,physical,cold,scattered,256,16,4096,51,1.0000,0,937800,945900,949503.9,972600,990100,10417.5,945900,949503.9,4.130
scatter,virtual,cold,scattered,256,32,8192,51,0.9258,111000,2791100,2840000,2858260.8,2974100,2999200,49599.5,2953900,2972882.4,2.751
scatter,physical,cold,scattered,256,32,8192,51,1.0000,35500,1097900,1103900,1111411.8,1150300,1193900,17736.3,1139200,1147307.8,7.077
lc_scatter,physical,cold,scattered,256,32,8192,51,1.0000,0,944900,949900,956752.9,1019200,1040100,20035.4,949900,956752.9,8.225
scatter,virtual,cold,scattered,256,64,16384,51,0.9258,111300,2833200,2865700,2884776.5,2988400,3183000,58690.7,2980000,2998170.6,5.452
scatter,physical,cold,scattered,256,64,16384,51,1.0000,35600,1118900,1127200,1136456.9,1181700,1193500,19389.8,1163100,1172576.5,13.862
lc_scatter,physical,cold,scattered,256,64,16384,51,1.0000,0,960300,967800,974564.7,1032900,1038800,19841.3,967800,974564.7,16.145
scatter,virtual,cold,scattered,256,128,32768,51,0.9258,112300,3470300,3560800,3571227.5,3676000,3709800,46828.1,3673300,3684629.4,8.776
scatter,physical,cold,scattered,256,128,32768,51,1.0000,36000,1867900,1883000,1900858.8,1991800,2092700,47368.0,1918800,1937268.6,16.596
lc_scatter,physical,cold,scattered,256,128,32768,51,1.0000,0,1001900,1007600,1012670.6,1051400,1083100,15993.1,1007600,1012670.6,31.014
scatter,virtual,cold,scattered,256,256,65536,51,0.9258,108000,4269600,4326200,4339041.2,4437400,4444500,46566.5,4434500,4448109.8,14.447
scatter,physical,cold,scattered,256,256,65536,51,1.0000,36300,2619800,2640200,2665721.6,2866000,3077000,79804.8,2677400,2703437.3,23.672
lc_scatter,physical,cold,scattered,256,256,65536,51,1.0000,0,1765500,1778600,1781278.4,1811600,1824200,11525.0,1778600,1781278.4,35.140
scatter,virtual,cold,scattered,256,512,131072,51,0.9258,106800,5969300,6023300,6033800.0,6147200,6272500,56367.4,6128900,6142492.2,20.753
scatter,physical,cold,scattered,256,512,131072,51,1.0000,36700,4302900,4339300,4346090.2,4401600,4426200,28652.8,4377000,4383060.8,28.806
lc_scatter,physical,cold,scattered,256,512,131072,51,1.0000,0,3581500,3600900,3611541.2,3658600,3833100,38185.1,3600900,3611541.2,34.714
scatter,virtual,cold,scattered,256,768,196608,51,0.9258,103500,7430500,7515000,7981525.5,10291200,12430100,1133310.5,7616300,8086437.3,24.950
scatter,physical,cold,scattered,256,768,196608,51,1.0000,37100,5799200,5826100,6030721.6,8408100,10235700,794387.4,5862900,6068564.7,32.183
lc_scatter,physical,cold,scattered,256,768,196608,51,1.0000,0,5147400,5175000,5231041.2,5266200,7810700,369324.4,5175000,5231041.2,36.232
scatter,virtual,cold,scattered,256,1024,262144,51,0.9258,103100,8939900,8983400,8988058.8,9049300,9070300,33997.1,9085900,9092719.6,27.829
scatter,physical,cold,scattered,256,1024,262144,51,1.0000,38800,7291300,7343200,7386496.1,7561200,7702900,90307.1,7381000,7426562.7,34.045
lc_scatter,physical,cold,scattered,256,1024,262144,51,1.0000,0,6878300,6909300,6967684.3,6967600,9587000,374597.4,6909300,6967684.3,36.183
scatter,virtual,cold,scattered,256,2048,524288,51,0.9258,91700,6473000,6512200,6522633.3,6587000,6842000,56103.0,6608800,6617478.4,76.779
scatter,physical,cold,scattered,256,2048,524288,51,1.0000,37300,5031500,5064200,5066827.5,5128400,5141000,22984.8,5101500,5104382.4,98.732
lc_scatter,physical,cold,scattered,256,2048,524288,51,1.0000,0,13206200,13279000,13713362.7,16543900,16691100,1043065.0,13279000,13713362.7,37.653
scatter,virtual,cold,scattered,256,4096,1048576,51,0.9258,38900,6392700,6421600,6424580.4,6454700,6503400,21566.3,6460800,6465349.0,155.724
scatter,physical,cold,scattered,256,4096,1048576,51,1.0000,35900,5004200,5026400,5033800.0,5094900,5171200,31294.9,5062200,5070292.2,198.950
lc_scatter,physical,cold,scattered,256,4096,1048576,51,1.0000,0,5157600,5175600,5180088.2,5199700,5301000,20295.3,5175600,5180088.2,193.214
scatter,virtual,cold,scattered,384,8,3072,51,0.9479,176900,3603400,3694000,3710400.0,3852500,3970800,68371.8,3871000,3886488.2,0.793
scatter,physical,cold,scattered,384,8,3072,51,1.0000,147000,1689700,1742800,1753068.6,1815500,2062200,56922.0,1883000,1898272.5,1.681
lc_scatter,physical,cold,scattered,384,8,3072,51,1.0000,0,1205500,1224300,1234717.6,1301700,1355300,29501.3,1224300,1234717.6,2.393
scatter,virtual,cold,scattered,384,16,6144,51,0.9479,174900,3627500,3681900,3694270.6,3772400,3789900,42394.6,3856400,3869409.8,1.591
scatter,physical,cold,scattered,384,16,6144,51,1.0000,148600,1706000,1759600,1776258.8,1861100,2133800,61910.9,1907600,1924190.2,3.330
lc_scatter,physical,cold,scattered,384,16,6144,51,1.0000,0,1202700,1221800,1235484.3,1395900,1429700,50927.3,1221800,1235484.3,4.796
scatter,virtual,cold,scattered,384,32,12288,51,0.9479,171000,3628300,3665700,3695154.9,3844500,3966400,74299.0,3836900,3866841.2,3.197
scatter,physical,cold,scattered,384,32,12288,51,1.0000,140300,1718800,1761400,1776345.1,1853900,1945900,44766.7,1908700,1917862.7,6.653
lc_scatter,physical,cold,scattered,384,32,12288,51,1.0000,0,1212200,1231500,1236213.7,1292500,1326100,20946.9,1231500,1236213.7,9.516
scatter,virtual,cold,scattered,384,64,24576,51,0.9479,167100,3674700,3719000,3736294.1,3818300,3895600,47537.1,3891400,3905076.5,6.302
scatter,physical,cold,scattered,384,64,24576,51,1.0000,140300,1766100,1803900,1820315.7,1895500,2115000,63912.7,1943400,1961762.7,12.993
lc_scatter,physical,cold,scattered,384,64,24576,51,1.0000,0,1255400,1269500,1274611.8,1329900,1395600,22423.6,1269500,1274611.8,18.462
scatter,virtual,cold,scattered,384,128,49152,51,0.9479,166100,4836600,4916800,4928480.4,5007200,5323500,81490.3,5082600,5096790.2,9.534
scatter,physical,cold,scattered,384,128,49152,51,1.0000,148000,2911200,3002600,3001111.8,3087500,3098200,48718.5,3152300,3147843.1,15.611
lc_scatter,physical,cold,scattered,384,128,49152,51,1.0000,0,1335900,1346200,1352870.6,1399100,1494700,24372.9,1346200,1352870.6,34.820
scatter,virtual,cold,scattered,384,256,98304,51,0.9479,158500,6009000,6084500,6104782.4,6283500,6447500,81520.7,6246500,6266270.6,15.408
scatter,physical,cold,scattered,384,256,98304,51,1.0000,132700,4178200,4245900,4247798.0,4296700,4325700,33077.6,4377300,4383378.4,22.080
lc_scatter,physical,cold,scattered,384,256,98304,51,1.0000,0,2587900,2605100,2611227.5,2648800,2705000,20775.0,2605100,2611227.5,35.987
scatter,virtual,cold,scattered,384,512,196608,51,0.9479,153100,8568500,8636000,8645270.6,8728300,8774800,45134.9,8790500,8798921.6,21.711
scatter,physical,cold,scattered,384,512,196608,51,1.0000,137100,6692000,6759000,6763692.2,6872500,6898000,47181.5,6895500,6900966.7,27.741
lc_scatter,physical,cold,scattered,384,512,196608,51,1.0000,0,5226800,5243300,5245876.5,5271900,5300500,14301.6,5243300,5245876.5,35.760
scatter,virtual,cold,scattered,384,768,294912,51,0.9479,151700,10901300,11000200,11370100.0,13644600,13850000,847965.6,11149700,11526688.2,25.568
scatter,physical,cold,scattered,384,768,294912,51,1.0000,134200,9007200,9074100,9139360.8,9165000,11833500,387153.9,9209300,9274976.5,30.995
lc_scatter,physical,cold,scattered,384,768,294912,51,1.0000,0,7774900,7813000,7828600.0,7932600,8331800,85255.8,7813000,7828600.0,35.998
scatter,virtual,cold,scattered,384,1024,393216,51,0.9479,149900,13321800,13414800,13418396.1,13511800,13768100,66707.8,13561800,13570466.7,27.954
scatter,physical,cold,scattered,384,1024,393216,51,1.0000,130500,11427600,11515000,11576058.8,11758500,14075000,365982.6,11643900,11707905.9,32.566
lc_scatter,physical,cold,scattered,384,1024,393216,51,1.0000,0,10266200,10306400,10608194.1,13095400,13220200,837893.3,10306400,10608194.1,36.385
scatter,virtual,cold,scattered,384,2048,786432,51,0.9245,133500,9243700,9306400,9309423.5,9386900,9397000,39708.8,9439700,9445298.0,80.590
scatter,physical,cold,scattered,384,2048,786432,51,1.0000,127700,7648900,7702000,7707545.1,7775600,7859100,34788.2,7828600,7835160.8,97.377
lc_scatter,physical,cold,scattered,384,2048,786432,51,1.0000,0,19807500,19881600,20429523.5,23123200,23651500,1215127.3,19881600,20429523.5,37.723
scatter,virtual,cold,scattered,384,4096,1572864,51,0.9245,54200,9090900,9138000,9149419.6,9236300,9376300,50175.2,9192300,9205670.6,164.150
scatter,physical,cold,scattered,384,4096,1572864,51,1.0000,50400,7518000,7564300,7572488.2,7638100,7707900,32239.2,7615500,7625107.8,198.300
lc_scatter,physical,cold,scattered,384,4096,1572864,51,1.0000,0,7606900,7644200,7644786.3,7676000,7780900,25728.8,7644200,7644786.3,196.227
scatter,virtual,cold,scattered,512,8,4096,51,0.9355,224600,5053800,5126300,5148354.9,5329600,5370100,75406.0,5354400,5371017.6,0.762
scatter,physical,cold,scattered,512,8,4096,51,1.0000,201600,2335600,2434200,2442772.5,2562200,2606500,59356.2,2632100,2642180.4,1.605
lc_scatter,physical,cold,scattered,512,8,4096,51,1.0000,0,1687700,1693600,1699252.9,1747300,1754500,15172.2,1693600,1699252.9,2.306
scatter,virtual,cold,scattered,512,16,8192,51,0.9355,224700,5070100,5145800,5156551.0,5267100,5284100,55686.8,5370900,5384315.7,1.518
scatter,physical,cold,scattered,512,16,8192,51,1.0000,203300,2389800,2459600,2472578.4,2557000,2659900,51796.6,2663400,2674713.7,3.176
lc_scatter,physical,cold,scattered,512,16,8192,51,1.0000,0,1683500,1694900,1706672.5,1727400,2150700,64491.0,1694900,1706672.5,4.609
scatter,virtual,cold,scattered,512,32,16384,51,0.9355,221400,5080400,5158000,5167568.6,5314800,5326800,59430.6,5381600,5391219.6,3.029
scatter,physical,cold,scattered,512,32,16384,51,1.0000,206000,2399400,2466900,2488715.7,2533700,2932400,97680.3,2676100,2694674.5,6.334
lc_scatter,physical,cold,scattered,512,32,16384,51,1.0000,0,1693700,1702500,1705933.3,1749000,1773700,14674.1,1702500,1705933.3,9.178
scatter,virtual,cold,scattered,512,64,32768,51,0.9355,221900,5121000,5203700,5206582.4,5293400,5327100,48071.7,5425500,5432164.7,6.005
scatter,physical,cold,scattered,512,64,32768,51,1.0000,207100,2445200,2522200,2528060.8,2606300,2671500,48567.3,2731100,2737658.8,12.390
lc_scatter,physical,cold,scattered,512,64,32768,51,1.0000,0,1736200,1745500,1748460.8,1787000,1800400,13423.5,1745500,1748460.8,17.903
scatter,virtual,cold,scattered,512,128,65536,51,0.9355,213600,6587400,6681700,6688445.1,6769700,6953000,61297.2,6896500,6905535.3,9.354
scatter,physical,cold,scattered,512,128,65536,51,1.0000,207800,4050300,4210500,4243903.9,4340900,5397800,202240.8,4411400,4453094.1,14.844
lc_scatter,physical,cold,scattered,512,128,65536,51,1.0000,0,1834500,1844100,1847878.4,1885700,1895400,13179.9,1844100,1847878.4,33.892
scatter,virtual,cold,scattered,512,256,131072,51,0.9355,205800,8237300,8320000,8355419.6,8551700,8858100,109402.0,8527800,8563129.4,15.024
scatter,physical,cold,scattered,512,256,131072,51,1.0000,185800,5558700,5637200,5633649.0,5685200,5715100,36867.0,5821500,5820278.4,22.174
lc_scatter,physical,cold,scattered,512,256,131072,51,1.0000,0,3596600,3609200,3612086.3,3635500,3663100,13414.0,3609200,3612086.3,34.634
scatter,virtual,cold,scattered,512,512,262144,51,0.9355,204800,11496800,11593400,11593986.3,11712300,11755100,63905.6,11800300,11801094.1,21.564
scatter,physical,cold,scattered,512,512,262144,51,1.0000,183800,8878200,8965000,9015549.0,9188800,10258900,205239.2,9156000,9202092.2,27.886
lc_scatter,physical,cold,scattered,512,512,262144,51,1.0000,0,6971900,6999800,7004625.5,7051300,7080700,23648.2,6999800,7004625.5,35.715
scatter,virtual,cold,scattered,512,768,393216,51,0.9355,203200,14753300,14963700,15674627.5,17803900,17954600,1215787.6,15163700,15879103.9,25.061
scatter,physical,cold,scattered,512,768,393216,51,1.0000,178700,12176200,12295200,12519068.6,14941200,15057900,723209.5,12470900,12699045.1,30.500
lc_scatter,physical,cold,scattered,512,768,393216,51,1.0000,0,10362300,10403200,10460184.3,10493300,13059900,372832.5,10403200,10460184.3,36.047
scatter,virtual,cold,scattered,512,1024,524288,51,0.9355,199100,17742600,17818000,17909731.4,18244500,20377200,395332.9,18016800,18111688.2,28.062
scatter,physical,cold,scattered,512,1024,524288,51,1.0000,172900,15434800,15512800,15630272.5,15771000,18372300,553511.8,15684500,15804366.7,32.231
lc_scatter,physical,cold,scattered,512,1024,524288,51,1.0000,0,13651900,13708700,14281260.8,16780700,18635300,1221657.8,13708700,14281260.8,36.473
scatter,virtual,cold,scattered,512,2048,1048576,51,0.9355,166800,12581000,12652700,12654398.0,12700100,12740100,33709.8,12820700,12822964.7,79.035
scatter,physical,cold,scattered,512,2048,1048576,51,1.0000,167800,10253600,10311900,10350543.1,10461200,11898000,225126.5,10479200,10523039.2,96.975
lc_scatter,physical,cold,scattered,512,2048,1048576,51,1.0000,0,26403300,26481300,27075033.3,30316100,30724300,1357820.0,26481300,27075033.3,37.762
scatter,virtual,cold,scattered,512,4096,2097152,51,0.9355,72300,12443400,12523200,12535411.8,12642000,13095200,93234.6,12594900,12610172.5,159.704
scatter,physical,cold,scattered,512,4096,2097152,51,1.0000,75900,10091000,10148200,10155064.7,10244500,10266200,41700.1,10224100,10234594.1,197.079
lc_scatter,physical,cold,scattered,512,4096,2097152,51,1.0000,0,10060300,10107900,10111768.6,10164500,10265300,31296.1,10107900,10111768.6,197.865
scatter,virtual,warm,contiguous,1,8,8,51,1.0000,1000,159300,166500,167113.7,168200,189100,3738.1,167500,168154.9,0.046
scatter,physical,warm,contiguous,1,8,8,51,1.0000,1100,160100,166600,166503.9,168100,168300,1122.5,167600,167588.2,0.046
scatter_page,virtual,warm,contiguous,1,8,8,51,1.0000,200,500,600,603.9,900,1300,141.4,800,851.0,12.716
scalar,virtual,warm,contiguous,1,8,8,51,1.0000,0,600,700,786.3,1000,3500,402.0,700,786.3,10.899
scatter,virtual,warm,contiguous,1,16,16,51,1.0000,900,157900,166700,166586.3,167700,167900,1377.5,167600,167492.2,0.092
scatter,physical,warm,contiguous,1,16,16,51,1.0000,1100,158200,166400,166427.5,168300,170600,1566.3,167500,167519.6,0.092
scatter,virtual,warm,contiguous,1,32,32,51,1.0000,900,158300,166700,186415.7,177700,1135700,135692.0,167600,187351.0,0.183
scatter,physical,warm,contiguous,1,32,32,51,1.0000,1100,157700,166400,166456.9,170500,172600,1980.5,167500,167545.1,0.183
scatter,virtual,warm,contiguous,1,64,64,51,1.0000,900,165300,166300,166603.9,168000,170200,887.2,167300,167517.6,0.367
scatter,physical,warm,contiguous,1,64,64,51,1.0000,1100,156400,166500,166649.0,168100,174300,2092.5,167600,167721.6,0.367
scatter,virtual,warm,contiguous,1,128,128,51,1.0000,900,156800,166600,166905.9,169300,185600,3279.2,167600,167839.2,0.733
scatter,physical,warm,contiguous,1,128,128,51,1.0000,1100,158200,166400,167137.3,167800,207100,5850.8,167400,168202.0,0.734
scatter,virtual,warm,contiguous,1,256,256,51,1.0000,900,160500,166600,166782.4,169900,174200,1663.8,167500,167694.1,1.465
scatter,physical,warm,contiguous,1,256,256,51,1.0000,1100,165600,166400,166574.5,167600,170500,785.1,167500,167633.3,1.467
scatter,virtual,warm,contiguous,1,512,512,51,1.0000,900,161600,166600,166856.9,168400,178300,1866.6,167500,167766.7,2.931
scatter,physical,warm,contiguous,1,512,512,51,1.0000,1100,159000,166200,166560.8,169100,175200,2088.5,167200,167635.3,2.938
scatter,virtual,warm,contiguous,1,768,768,51,1.0000,900,160600,166800,166949.0,168000,176700,1769.0,167700,167890.2,4.391
scatter,physical,warm,contiguous,1,768,768,51,1.0000,1100,159100,166400,169943.1,176200,282400,17508.4,167400,171029.4,4.402
scatter,virtual,warm,contiguous,1,1024,1024,51,1.0000,900,160100,166800,167056.9,169400,176500,1954.5,167700,167990.2,5.855
scatter,physical,warm,contiguous,1,1024,1024,51,1.0000,1100,159500,166300,170323.5,198300,262400,17524.1,167400,171405.9,5.872
scatter,virtual,warm,contiguous,1,2048,2048,51,1.0000,200,500,600,615.7,900,1200,115.5,800,858.8,3255.208
scatter,physical,warm,contiguous,1,2048,2048,51,1.0000,300,300,300,321.6,400,600,54.1,600,619.6,6510.417
scatter,virtual,warm,contiguous,1,4096,4096,51,1.0000,200,500,500,533.3,700,1100,99.3,700,766.7,7812.500
scatter,physical,warm,contiguous,1,4096,4096,51,1.0000,300,200,200,245.1,300,500,70.2,500,539.2,19531.250
scatter_page,virtual,warm,contiguous,1,4096,4096,51,1.0000,200,500,500,537.3,600,1000,87.1,700,772.5,7812.500
scalar,virtual,warm,contiguous,1,4096,4096,51,1.0000,0,600,700,776.5,1100,2000,205.5,700,776.5,5580.357
scatter,virtual,warm,contiguous,2,8,16,51,1.0000,1100,157900,166600,166443.1,167800,172600,1853.9,167700,167594.1,0.092
scatter,physical,warm,contiguous,2,8,16,51,1.0000,1200,157200,166300,166554.9,171300,179200,2806.8,167500,167792.2,0.092
scatter_page,virtual,warm,contiguous,2,8,16,51,1.0000,400,800,900,945.1,1000,2500,253.2,1300,1335.3,16.954
scalar,virtual,warm,contiguous,2,8,16,51,1.0000,0,1300,1300,1341.2,1400,2200,129.9,1300,1341.2,11.738
scatter,virtual,warm,contiguous,2,16,32,51,1.0000,1200,158400,166300,166409.8,169500,173100,1849.4,167400,167576.5,0.184
scatter,physical,warm,contiguous,2,16,32,51,1.0000,1200,159300,166300,166713.7,171700,176600,2247.1,167500,167943.1,0.184
scatter,virtual,warm,contiguous,2,32,64,51,1.0000,1100,157200,166500,166768.6,168800,180600,2587.2,167600,167915.7,0.367
scatter,physical,warm,contiguous,2,32,64,51,1.0000,1200,157100,166300,166221.6,167200,167700,1399.8,167600,167447.1,0.367
scatter,virtual,warm,contiguous,2,64,128,51,1.0000,1100,165300,166300,166447.1,167900,170300,831.5,167400,167588.2,0.734
scatter,physical,warm,contiguous,2,64,128,51,1.0000,1200,157700,166600,166400.0,167600,167700,1343.1,167800,167623.5,0.733
scatter,virtual,warm,contiguous,2,128,256,51,1.0000,1200,161300,166500,167002.0,169900,197700,4647.5,167600,168174.5,1.466
scatter,physical,warm,contiguous,2,128,256,51,1.0000,1200,158100,166200,167711.8,169500,230800,9192.7,167400,168935.3,1.469
scatter,virtual,warm,contiguous,2,256,512,51,1.0000,1100,160800,166500,166456.9,167600,167800,983.3,167700,167611.8,2.933
scatter,physical,warm,contiguous,2,256,512,51,1.0000,1200,165400,166300,166964.7,174400,178000,2468.8,167600,168182.4,2.936
scatter,virtual,warm,contiguous,2,512,1024,51,1.0000,1100,165400,166400,166388.2,167200,168000,543.2,167500,167513.7,5.869
scatter,physical,warm,contiguous,2,512,1024,51,1.0000,1200,160100,166400,166494.1,167300,174900,1980.8,167600,167711.8,5.869
scatter,virtual,warm,contiguous,2,768,1536,51,1.0000,1200,160900,166700,166654.9,168000,175500,1808.7,167800,167815.7,8.787
scatter,physical,warm,contiguous,2,768,1536,51,1.0000,1200,160100,166400,167688.2,168400,238900,10238.5,167600,168903.9,8.803
scatter,virtual,warm,contiguous,2,1024,2048,51,1.0000,1100,162600,166600,166598.0,168700,169600,1187.5,167700,167751.0,11.723
scatter,physical,warm,contiguous,2,1024,2048,51,1.0000,1200,160100,166400,166615.7,168300,174700,1954.8,167700,167843.1,11.738
scatter,virtual,warm,contiguous,2,2048,4096,51,1.0000,300,900,1000,1003.9,1200,1700,124.8,1300,1368.6,3906.250
scatter,physical,warm,contiguous,2,2048,4096,51,1.0000,400,500,600,572.5,700,900,77.7,1000,1025.5,6510.417
scatter,virtual,warm,contiguous,2,4096,8192,51,1.0000,300,700,800,829.4,900,1500,131.6,1100,1192.2,9765.625
scatter,physical,warm,contiguous,2,4096,8192,51,1.0000,400,400,400,429.4,500,800,83.2,800,874.5,19531.250
scatter_page,virtual,warm,contiguous,2,4096,8192,51,1.0000,300,700,800,831.4,900,1600,119.1,1200,1196.1,9765.625
scalar,virtual,warm,contiguous,2,4096,8192,51,1.0000,0,1300,1400,1464.7,1600,2600,219.8,1400,1464.7,5580.357
scatter,virtual,warm,contiguous,4,8,32,51,1.0000,1700,165000,166000,166503.9,171800,174000,1825.2,167700,168237.3,0.184
scatter,physical,warm,contiguous,4,8,32,51,1.0000,1900,164300,165800,166286.3,170800,173300,1682.6,167700,168190.2,0.184
scatter_page,virtual,warm,contiguous,4,8,32,51,1.0000,600,1500,1600,1645.1,1800,2300,146.0,2300,2325.5,19.073
scalar,virtual,warm,contiguous,4,8,32,51,1.0000,0,2400,2600,2980.4,4400,5200,635.9,2600,2980.4,11.738
scatter,virtual,warm,contiguous,4,16,64,51,1.0000,1700,162300,166200,166486.3,168000,176600,2101.6,168000,168235.3,0.367
scatter,physical,warm,contiguous,4,16,64,51,1.0000,1900,162700,165900,166327.5,169600,179400,2376.2,167700,168217.6,0.368
scatter,virtual,warm,contiguous,4,32,128,51,1.0000,1700,163100,166100,168692.2,172900,285800,16833.1,167800,170476.5,0.735
scatter,physical,warm,contiguous,4,32,128,51,1.0000,1900,164900,166200,166531.4,171100,172800,1592.8,168200,168421.6,0.734
scatter,virtual,warm,contiguous,4,64,256,51,1.0000,1700,161800,166200,166349.0,167700,174100,1410.2,168000,168123.5,1.469
scatter,physical,warm,contiguous,4,64,256,51,1.0000,1900,161300,165700,165900.0,169400,170700,1581.0,167600,167770.6,1.473
scatter,virtual,warm,contiguous,4,128,512,51,1.0000,1700,160900,166000,166194.1,167600,172900,1376.1,167800,167952.9,2.941
scatter,physical,warm,contiguous,4,128,512,51,1.0000,1900,160700,166000,166215.7,167800,184800,2872.4,167800,168098.0,2.941
scatter,virtual,warm,contiguous,4,256,1024,51,1.0000,1700,163100,166300,166454.9,167500,178300,1833.7,168000,168211.8,5.872
scatter,physical,warm,contiguous,4,256,1024,51,1.0000,1900,164600,166200,166245.1,167100,170000,881.7,168000,168125.5,5.876
scatter,virtual,warm,contiguous,4,512,2048,51,1.0000,1700,165000,166500,166919.6,171300,175800,2106.9,168200,168698.0,11.730
scatter,physical,warm,contiguous,4,512,2048,51,1.0000,1900,162500,166200,168356.9,175200,259100,13172.0,168000,170233.3,11.752
scatter,virtual,warm,contiguous,4,768,3072,51,1.0000,1700,165800,166700,167492.2,171900,188300,3464.7,168500,169268.6,17.575
scatter,physical,warm,contiguous,4,768,3072,51,1.0000,1900,164300,166000,166566.7,171100,179700,2508.8,167900,168445.1,17.649
scatter,virtual,warm,contiguous,4,1024,4096,51,1.0000,1700,226500,229000,229082.4,230900,237600,1591.8,230700,230831.4,17.058
scatter,physical,warm,contiguous,4,1024,4096,51,1.0000,1900,226900,228800,228941.2,231600,236200,1579.4,230600,230809.8,17.073
scatter,virtual,warm,contiguous,4,2048,8192,51,1.0000,700,1700,1800,1843.1,1900,2600,125.3,2500,2537.3,4340.278
scatter,physical,warm,contiguous,4,2048,8192,51,1.0000,800,1100,1200,1196.1,1300,1700,97.9,1900,1982.4,6510.417
scatter,virtual,warm,contiguous,4,4096,16384,51,1.0000,600,1300,1300,1351.0,1400,2100,127.1,1900,1954.9,12019.231
scatter,physical,warm,contiguous,4,4096,16384,51,1.0000,700,700,800,817.6,900,1100,65.4,1500,1525.5,19531.250
scatter_page,virtual,warm,contiguous,4,4096,16384,51,1.0000,600,1300,1300,1343.1,1400,2000,104.4,1900,1941.2,12019.231
scalar,virtual,warm,contiguous,4,4096,16384,51,1.0000,0,2600,2700,2778.4,3100,4500,267.8,2700,2778.4,5787.037
scatter,virtual,warm,contiguous,8,8,64,51,1.0000,2300,165200,166200,167056.9,176200,178000,2772.5,168500,169384.3,0.367
scatter,physical,warm,contiguous,8,8,64,51,1.0000,2300,162600,166000,166284.3,168400,186400,3140.5,168300,168670.6,0.368
scatter_page,virtual,warm,contiguous,8,8,64,51,1.0000,1200,2700,2900,2868.6,3000,3600,125.7,4000,4058.8,21.047
scalar,virtual,warm,contiguous,8,8,64,51,1.0000,0,4700,4900,4945.1,5300,6800,294.8,4900,4945.1,12.456
scatter,virtual,warm,contiguous,8,16,128,51,1.0000,2300,164500,166200,167084.3,168300,197700,5013.2,168400,169400.0,0.734
scatter,physical,warm,contiguous,8,16,128,51,1.0000,2400,163300,166100,166413.7,169800,175100,1789.1,168500,169049.0,0.735
scatter,virtual,warm,contiguous,8,32,256,51,1.0000,2300,164800,166300,166931.4,170700,180400,2385.7,168600,169284.3,1.468
scatter,physical,warm,contiguous,8,32,256,51,1.0000,2300,165100,166100,166266.7,167700,173700,1249.7,168500,168615.7,1.470
scatter,virtual,warm,contiguous,8,64,512,51,1.0000,2300,163900,166100,166896.1,173600,180500,2884.5,168400,169192.2,2.940
scatter,physical,warm,contiguous,8,64,512,51,1.0000,2400,163200,166000,166419.6,168700,176500,2000.7,168300,168807.8,2.941
scatter,virtual,warm,contiguous,8,128,1024,51,1.0000,2300,165300,166600,167078.4,174300,178500,2505.6,168900,169380.4,5.862
scatter,physical,warm,contiguous,8,128,1024,51,1.0000,2400,164800,166300,167266.7,177500,191200,4178.9,168600,169680.4,5.872
scatter,virtual,warm,contiguous,8,256,2048,51,1.0000,2300,166000,167400,167896.1,169300,180100,2453.1,169700,170213.7,11.667
scatter,physical,warm,contiguous,8,256,2048,51,1.0000,2400,164500,166300,166831.4,169900,181000,2345.8,168600,169239.2,11.745
scatter,virtual,warm,contiguous,8,512,4096,51,1.0000,2300,229300,231700,232325.5,240400,245300,3248.9,234000,234633.3,16.859
scatter,physical,warm,contiguous,8,512,4096,51,1.0000,2400,227800,230300,230827.5,234700,241200,2494.5,232700,233213.7,16.962
scatter,virtual,warm,contiguous,8,768,6144,51,1.0000,2300,232100,234600,235239.2,243000,247300,2858.7,236900,237574.5,24.976
scatter,physical,warm,contiguous,8,768,6144,51,1.0000,2400,231200,233100,233776.5,238300,251400,3171.2,235500,236172.5,25.137
scatter,virtual,warm,contiguous,8,1024,8192,51,1.0000,2300,295900,299400,299586.3,303600,311900,2726.1,301700,301903.9,26.094
scatter,physical,warm,contiguous,8,1024,8192,51,1.0000,2400,294200,297400,300249.0,310000,411900,16328.4,299700,302649.0,26.269
scatter,virtual,warm,contiguous,8,2048,16384,51,1.0000,1200,3100,3200,3260.8,3400,4200,165.0,4400,4476.5,4882.812
scatter,physical,warm,contiguous,8,2048,16384,51,1.0000,1300,2300,2400,2500.0,3000,4500,345.8,3700,3988.2,6510.417
scatter,virtual,warm,contiguous,8,4096,32768,51,1.0000,1100,2300,2400,2407.8,2600,3100,135.4,3400,3494.1,13020.833
scatter,physical,warm,contiguous,8,4096,32768,51,1.0000,1200,1500,1600,1598.0,1600,2000,67.8,2800,2835.3,19531.250
scatter_page,virtual,warm,contiguous,8,4096,32768,51,1.0000,1000,2300,2400,2421.6,2500,3100,125.4,3400,3492.2,13020.833
scalar,virtual,warm,contiguous,8,4096,32768,51,1.0000,0,5300,5400,5502.0,5800,7300,288.1,5400,5502.0,5787.037
scatter,virtual,warm,contiguous,12,8,96,51,1.0000,2800,166200,167800,167886.3,169600,171000,969.5,170600,170700.0,0.546
scatter,physical,warm,contiguous,12,8,96,51,1.0000,2900,128300,165800,165747.1,170700,183500,6123.7,168700,168735.3,0.552
scatter_page,virtual,warm,contiguous,12,8,96,51,1.0000,1700,3900,4100,4225.5,5400,5600,425.1,5800,6043.1,22.330
scalar,virtual,warm,contiguous,12,8,96,51,1.0000,0,7200,7300,7378.4,7500,8800,218.5,7300,7378.4,12.541
scatter,virtual,warm,contiguous,12,16,192,51,1.0000,2800,165900,168200,169031.4,179800,182600,3508.6,171000,171866.7,1.089
scatter,physical,warm,contiguous,12,16,192,51,1.0000,2900,165700,166600,166621.6,167500,168500,517.8,169500,169570.6,1.099
scatter,virtual,warm,contiguous,12,32,384,51,1.0000,2800,165500,168100,168694.1,175400,191500,3804.4,170800,171513.7,2.179
scatter,physical,warm,contiguous,12,32,384,51,1.0000,2900,164800,166100,167186.3,173500,201200,5229.3,169100,170149.0,2.205
scatter,virtual,warm,contiguous,12,64,768,51,1.0000,2800,166800,167800,170092.2,169100,280500,15782.3,170700,172923.5,4.365
scatter,physical,warm,contiguous,12,64,768,51,1.0000,2900,164300,166000,166558.8,170000,176400,1956.8,169000,169505.9,4.412
scatter,virtual,warm,contiguous,12,128,1536,51,1.0000,2800,169200,170400,172878.4,202200,216600,9911.5,173300,175729.4,8.597
scatter,physical,warm,contiguous,12,128,1536,51,1.0000,3000,167200,169300,169984.3,174500,181900,2762.3,172400,172992.2,8.652
scatter,virtual,warm,contiguous,12,256,3072,51,1.0000,2900,231800,234800,235345.1,240900,250600,3276.1,237700,238341.2,12.477
scatter,physical,warm,contiguous,12,256,3072,51,1.0000,3000,230100,233200,234086.3,240800,254700,3745.1,236200,237082.4,12.563
scatter,virtual,warm,contiguous,12,512,6144,51,1.0000,2800,236500,238000,238745.1,246800,250700,2775.3,240900,241625.5,24.619
scatter,physical,warm,contiguous,12,512,6144,51,1.0000,3000,234900,237000,237864.7,245100,265300,4491.9,239900,240876.5,24.723
scatter,virtual,warm,contiguous,12,768,9216,51,1.0000,2800,301100,304800,306011.8,314800,324300,4211.4,307600,308903.9,28.836
scatter,physical,warm,contiguous,12,768,9216,51,1.0000,3000,299500,303500,303707.8,306500,311200,1846.0,306600,306682.4,28.959
scatter,virtual,warm,contiguous,12,1024,12288,51,1.0000,2900,376800,381200,382135.3,390700,392200,3719.6,384100,385002.0,30.742
scatter,physical,warm,contiguous,12,1024,12288,51,1.0000,3000,376400,379100,379839.2,388900,392200,3100.6,382200,382811.8,30.912
scatter,virtual,warm,contiguous,12,2048,24576,51,1.0000,1700,4600,4700,4937.3,5900,8200,635.0,6400,6745.1,4986.702
scatter,physical,warm,contiguous,12,2048,24576,51,1.0000,1800,3300,3400,3458.8,3600,4000,132.9,5300,5309.8,6893.382
scatter,virtual,warm,contiguous,12,4096,49152,51,1.0000,1500,3300,3400,3480.4,3600,4500,215.4,5000,5043.1,13786.765
scatter,physical,warm,contiguous,12,4096,49152,51,1.0000,1700,2300,2400,2384.3,2500,2800,78.4,4100,4111.8,19531.250
scatter_page,virtual,warm,contiguous,12,4096,49152,51,1.0000,1500,3200,3300,3343.1,3500,4400,211.0,4800,4864.7,14204.545
scalar,virtual,warm,contiguous,12,4096,49152,51,1.0000,0,7800,8000,8166.7,9300,10200,468.5,8000,8166.7,5859.375
scatter,virtual,warm,contiguous,16,8,128,51,1.0000,3400,170300,171700,172307.8,176600,189800,2854.1,175100,175725.5,0.711
scatter,physical,warm,contiguous,16,8,128,51,1.0000,3500,166900,168900,169592.2,178900,184000,3219.2,172400,173092.2,0.723
scatter_page,virtual,warm,contiguous,16,8,128,51,1.0000,2200,5300,5400,5470.6,5600,6300,150.1,7700,7725.5,22.606
scalar,virtual,warm,contiguous,16,8,128,51,1.0000,0,9600,9800,9852.9,10200,11700,293.5,9800,9852.9,12.456
scatter,virtual,warm,contiguous,16,16,256,51,1.0000,3400,169700,171900,172282.4,179500,184100,2723.9,175300,175725.5,1.420
scatter,physical,warm,contiguous,16,16,256,51,1.0000,3600,168600,169500,169794.1,171100,178300,1465.9,173000,173368.6,1.440
scatter,virtual,warm,contiguous,16,32,512,51,1.0000,3400,169700,172000,172588.2,181100,195600,3958.7,175300,175976.5,2.839
scatter,physical,warm,contiguous,16,32,512,51,1.0000,3500,167600,169200,169709.8,174700,180100,2225.0,172600,173245.1,2.886
scatter,virtual,warm,contiguous,16,64,1024,51,1.0000,3400,170300,171400,171464.7,172300,173800,623.8,174800,174856.9,5.698
scatter,physical,warm,contiguous,16,64,1024,51,1.0000,3500,166700,169000,169847.1,178000,189000,3514.3,172500,173364.7,5.778
scatter,virtual,warm,contiguous,16,128,2048,51,1.0000,3400,231600,233800,236394.1,243300,342200,15352.3,237100,239807.8,8.354
scatter,physical,warm,contiguous,16,128,2048,51,1.0000,3500,230300,232200,232554.9,235200,240100,1806.4,235700,236164.7,8.411
scatter,virtual,warm,contiguous,16,256,4096,51,1.0000,3500,234600,238100,241133.3,245400,350900,16995.4,241600,244592.2,16.406
scatter,physical,warm,contiguous,16,256,4096,51,1.0000,3600,233200,235500,235651.0,238500,241400,1543.4,239000,239339.2,16.587
scatter,virtual,warm,contiguous,16,512,8192,51,1.0000,3500,301800,304200,304745.1,310300,313500,2386.3,307800,308217.6,25.682
scatter,physical,warm,contiguous,16,512,8192,51,1.0000,3500,299200,304000,305311.8,317100,338400,5967.3,307500,308896.1,25.699
scatter,virtual,warm,contiguous,16,768,12288,51,1.0000,3400,381600,385200,385974.5,396500,400000,3762.5,388600,389419.6,30.423
scatter,physical,warm,contiguous,16,768,12288,51,1.0000,3600,380000,383500,385249.0,399200,412000,6152.7,387000,388852.9,30.557
scatter,virtual,warm,contiguous,16,1024,16384,51,1.0000,3500,461000,468000,468431.4,477100,481200,3784.3,471500,471909.8,33.387
scatter,physical,warm,contiguous,16,1024,16384,51,1.0000,3600,462000,466300,467213.7,477200,488000,4477.0,469900,470856.9,33.508
scatter,virtual,warm,contiguous,16,2048,32768,51,1.0000,2200,6100,6200,6209.8,6400,7200,205.2,8400,8470.6,5040.323
scatter,physical,warm,contiguous,16,2048,32768,51,1.0000,2400,4400,4500,4554.9,4700,5100,123.8,6900,6992.2,6944.444
scatter,virtual,warm,contiguous,16,4096,65536,51,1.0000,2000,4400,4500,4576.5,4700,5400,159.5,6600,6617.6,13888.889
scatter,physical,warm,contiguous,16,4096,65536,51,1.0000,2200,3000,3100,3100.0,3100,3500,66.3,5300,5317.6,20161.290
scatter_page,virtual,warm,contiguous,16,4096,65536,51,1.0000,2000,4400,4500,4566.7,4800,5400,171.7,6500,6603.9,13888.889
scalar,virtual,warm,contiguous,16,4096,65536,51,1.0000,0,10700,11000,11011.8,11300,13200,343.9,11000,11011.8,5681.818
scatter,virtual,warm,contiguous,20,8,160,51,1.0000,4000,172900,174300,174684.3,177700,187200,2121.6,178300,178737.3,0.875
scatter,physical,warm,contiguous,20,8,160,51,1.0000,4000,169500,171500,171870.6,173300,193100,3236.0,175600,175925.5,0.890
scatter_page,virtual,warm,contiguous,20,8,160,51,1.0000,2700,6400,6600,6688.2,7200,10000,526.7,9300,9554.9,23.119
scalar,virtual,warm,contiguous,20,8,160,51,1.0000,0,12000,12300,12411.8,12700,17500,773.7,12300,12411.8,12.406
scatter,virtual,warm,contiguous,20,16,320,51,1.0000,4000,172500,174000,174603.9,177700,187300,2743.1,178100,178649.0,1.754
scatter,physical,warm,contiguous,20,16,320,51,1.0000,4100,170600,171800,173252.9,172700,250600,11066.0,175800,177392.2,1.776
scatter,virtual,warm,contiguous,20,32,640,51,1.0000,4000,171700,173200,173884.3,178300,194200,3294.9,177200,177909.8,3.524
scatter,physical,warm,contiguous,20,32,640,51,1.0000,4000,169000,170400,170956.9,173800,182300,2488.8,174400,175002.0,3.582
scatter,virtual,warm,contiguous,20,64,1280,51,1.0000,4000,170900,173200,173639.2,177400,183900,1877.5,177300,177664.7,7.048
scatter,physical,warm,contiguous,20,64,1280,51,1.0000,4000,168900,171400,171556.9,173200,186100,2356.4,175400,175602.0,7.122
scatter,virtual,warm,contiguous,20,128,2560,51,1.0000,4100,236600,238800,239749.0,247800,261800,3988.6,242900,243837.3,10.224
scatter,physical,warm,contiguous,20,128,2560,51,1.0000,4100,233900,236700,240439.2,249200,344100,16440.7,240900,244588.2,10.314
scatter,virtual,warm,contiguous,20,256,5120,51,1.0000,4100,240700,242800,243239.2,245800,252800,2102.3,246900,247380.4,20.110
scatter,physical,warm,contiguous,20,256,5120,51,1.0000,4200,238100,240300,240572.5,241700,251900,1833.5,244500,244762.7,20.320
scatter,virtual,warm,contiguous,20,512,10240,51,1.0000,4100,374400,378400,378833.3,382900,396100,3153.6,382500,382921.6,25.808
scatter,physical,warm,contiguous,20,512,10240,51,1.0000,4100,371800,376500,377705.9,387900,406200,5672.3,380700,381937.3,25.938
scatter,virtual,warm,contiguous,20,768,15360,51,1.0000,4100,459700,464700,465211.8,474000,476900,3858.9,468800,469321.6,31.522
scatter,physical,warm,contiguous,20,768,15360,51,1.0000,4200,458500,462000,462643.1,465100,492300,4566.8,466300,466827.5,31.707
scatter,virtual,warm,contiguous,20,1024,20480,51,1.0000,4000,546600,551400,552437.3,563500,569500,4543.1,555400,556513.7,35.421
scatter,physical,warm,contiguous,20,1024,20480,51,1.0000,4100,543300,548800,549441.2,558400,560600,3681.0,552900,553607.8,35.589
scatter,virtual,warm,contiguous,20,2048,40960,51,1.0000,2800,7600,7700,7756.9,8000,8900,207.1,10500,10649.0,5073.052
scatter,physical,warm,contiguous,20,2048,40960,51,1.0000,3000,5700,5900,5905.9,6100,6400,117.3,8900,8925.5,6620.763
scatter,virtual,warm,contiguous,20,4096,81920,51,1.0000,2500,5700,5700,5768.6,5900,6700,147.6,8300,8327.5,13706.140
scatter,physical,warm,contiguous,20,4096,81920,51,1.0000,2700,3900,3900,3970.6,4100,4800,152.7,6600,6696.1,20032.051
scatter_page,virtual,warm,contiguous,20,4096,81920,51,1.0000,2500,5600,5700,5762.7,6000,6600,172.0,8300,8317.6,13706.140
scalar,virtual,warm,contiguous,20,4096,81920,51,1.0000,0,13500,13800,13882.4,14200,15600,336.3,13800,13882.4,5661.232
scatter,virtual,warm,contiguous,24,8,192,51,1.0000,4500,174900,177100,178884.3,180300,254700,11036.2,181600,183423.5,1.034
scatter,physical,warm,contiguous,24,8,192,51,1.0000,4600,172500,174500,176762.7,182900,252800,11296.6,179000,181447.1,1.049
scatter_page,virtual,warm,contiguous,24,8,192,51,1.0000,3300,7700,7800,7821.6,7900,9200,210.1,11100,11168.6,23.475
scalar,virtual,warm,contiguous,24,8,192,51,1.0000,0,14400,14600,14662.7,15100,16500,314.3,14600,14662.7,12.541
scatter,virtual,warm,contiguous,24,16,384,51,1.0000,4600,175500,177800,178215.7,182300,187700,2019.2,182300,182851.0,2.060
scatter,physical,warm,contiguous,24,16,384,51,1.0000,4600,171700,174400,175139.2,185800,191300,3411.9,179000,179870.6,2.100
scatter,virtual,warm,contiguous,24,32,768,51,1.0000,4500,175300,177000,178035.3,187400,203300,4304.4,181500,182649.0,4.138
scatter,physical,warm,contiguous,24,32,768,51,1.0000,4500,172700,174600,180931.4,203800,362200,28478.7,179300,185560.8,4.195
scatter,virtual,warm,contiguous,24,64,1536,51,1.0000,4500,175500,177100,177602.0,179300,192500,2320.4,181700,182158.8,8.271
scatter,physical,warm,contiguous,24,64,1536,51,1.0000,4600,173100,175000,175437.3,179800,188400,2290.5,179500,180058.8,8.371
scatter,virtual,warm,contiguous,24,128,3072,51,1.0000,4700,239600,241400,241658.8,243800,246000,1371.2,246200,246356.9,12.136
scatter,physical,warm,contiguous,24,128,3072,51,1.0000,4700,237000,239300,239549.0,241800,248400,1792.7,243900,244249.0,12.243
scatter,virtual,warm,contiguous,24,256,6144,51,1.0000,4600,303800,307900,308441.2,313300,335900,4637.8,312500,313100.0,19.030
scatter,physical,warm,contiguous,24,256,6144,51,1.0000,4700,303200,305600,305941.2,307900,316700,2392.4,310300,310637.3,19.173
scatter,virtual,warm,contiguous,24,512,12288,51,1.0000,4600,387900,392400,394458.8,405600,410200,5146.3,396900,399082.4,29.864
scatter,physical,warm,contiguous,24,512,12288,51,1.0000,4700,385200,390400,391905.9,403500,440400,7748.2,395100,396682.4,30.017
scatter,virtual,warm,contiguous,24,768,18432,51,1.0000,4700,537400,543000,543596.1,550700,555300,3311.4,547700,548247.1,32.372
scatter,physical,warm,contiguous,24,768,18432,51,1.0000,4700,536100,540900,541805.9,549600,557600,4053.8,546000,546666.7,32.498
scatter,virtual,warm,contiguous,24,1024,24576,51,1.0000,4600,879700,885800,889203.9,934600,941000,12859.8,890400,893817.6,26.459
scatter,physical,warm,contiguous,24,1024,24576,51,1.0000,4600,877500,883000,887490.2,936800,940300,15070.7,887700,892145.1,26.543
scatter,virtual,warm,contiguous,24,2048,49152,51,1.0000,3400,9100,9300,9300.0,9500,10400,186.5,12700,12749.0,5040.323
scatter,physical,warm,contiguous,24,2048,49152,51,1.0000,3400,6800,7000,7058.8,7400,7600,174.6,10500,10751.0,6696.429
scatter,virtual,warm,contiguous,24,4096,98304,51,1.0000,3100,6900,7000,7039.2,7300,8000,198.1,10100,10141.2,13392.857
scatter,physical,warm,contiguous,24,4096,98304,51,1.0000,3100,4600,4800,5194.1,6500,19600,2112.3,7900,8937.3,19531.250
scatter_page,virtual,warm,contiguous,24,4096,98304,51,1.0000,3000,6700,6800,6878.4,7000,7800,192.2,9800,9903.9,13786.765
scalar,virtual,warm,contiguous,24,4096,98304,51,1.0000,0,16500,16800,17135.3,17500,29500,1793.6,16800,17135.3,5580.357
scatter,virtual,warm,contiguous,26,8,208,51,1.0000,4800,177200,178700,179243.1,181400,190700,2275.5,183500,184129.4,1.110
scatter,physical,warm,contiguous,26,8,208,51,1.0000,4800,173000,175300,175819.6,180200,194000,3010.3,180100,180841.2,1.132
scatter_page,virtual,warm,contiguous,26,8,208,51,1.0000,3600,8700,8800,8829.4,9000,10000,184.7,12400,12470.6,22.541
scalar,virtual,warm,contiguous,26,8,208,51,1.0000,0,15700,15900,16049.0,16300,20400,649.7,15900,16049.0,12.476
scatter,virtual,warm,contiguous,26,16,416,51,1.0000,4900,176600,178700,179907.8,188600,206900,4719.2,183600,184796.1,2.220
scatter,physical,warm,contiguous,26,16,416,51,1.0000,4900,173800,175500,175854.9,177200,192100,2497.5,180400,180772.5,2.261
scatter,virtual,warm,contiguous,26,32,832,51,1.0000,4700,176200,178100,178574.5,186600,189100,2616.9,182800,183380.4,4.455
scatter,physical,warm,contiguous,26,32,832,51,1.0000,4800,172600,174600,174570.6,176100,176800,877.1,179500,179433.3,4.544
scatter,virtual,warm,contiguous,26,64,1664,51,1.0000,4800,176000,178200,178570.6,180800,189900,2024.1,183000,183386.3,8.905
scatter,physical,warm,contiguous,26,64,1664,51,1.0000,4800,173900,175400,176394.1,185200,199300,4067.3,180200,181264.7,9.047
scatter,virtual,warm,contiguous,26,128,3328,51,1.0000,4900,242100,244700,245186.3,253700,256700,2954.3,249600,250115.7,12.970
scatter,physical,warm,contiguous,26,128,3328,51,1.0000,4900,238800,241600,242360.8,247500,259600,3235.9,246500,247300.0,13.137
scatter,virtual,warm,contiguous,26,256,6656,51,1.0000,4900,306000,310000,310168.6,316200,319100,2367.4,314900,315103.9,20.476
scatter,physical,warm,contiguous,26,256,6656,51,1.0000,4900,304500,307300,307407.8,309200,317300,2287.0,312200,312354.9,20.656
scatter,virtual,warm,contiguous,26,512,13312,51,1.0000,4900,455200,460800,463621.6,477100,519000,9671.2,465600,468509.8,27.551
scatter,physical,warm,contiguous,26,512,13312,51,1.0000,4900,453700,458400,458872.5,463900,474300,3004.3,463300,463807.8,27.695
scatter,virtual,warm,contiguous,26,768,19968,51,1.0000,4900,549400,554300,554927.5,561100,566600,3341.9,559100,559831.4,34.355
scatter,physical,warm,contiguous,26,768,19968,51,1.0000,4900,548500,551100,553243.1,563400,607200,8664.3,556100,558196.1,34.554
scatter,virtual,warm,contiguous,26,1024,26624,51,1.0000,4900,942800,950000,951835.3,964600,975100,5728.3,955000,956754.9,26.727
scatter,physical,warm,contiguous,26,1024,26624,51,1.0000,4900,943800,948900,954386.3,1000600,1050500,18538.0,953900,959327.5,26.758
scatter,virtual,warm,contiguous,26,2048,53248,51,1.0000,3700,10300,10400,10437.3,10600,12200,266.8,14100,14192.2,4882.812
scatter,physical,warm,contiguous,26,2048,53248,51,1.0000,3800,7700,7900,8113.7,8000,19100,1572.5,11700,11958.8,6428.006
scatter,virtual,warm,contiguous,26,4096,106496,51,1.0000,3300,7600,7700,7739.2,8000,8600,176.7,11000,11098.0,13189.935
scatter,physical,warm,contiguous,26,4096,106496,51,1.0000,3500,5200,5400,5390.2,5600,6300,160.3,8800,8888.2,18807.870
scatter_page,virtual,warm,contiguous,26,4096,106496,51,1.0000,3400,7600,7700,7719.6,8000,8600,185.5,11100,11129.4,13189.935
scalar,virtual,warm,contiguous,26,4096,106496,51,1.0000,0,18100,18400,18464.7,18800,21700,551.3,18400,18464.7,5519.701
scatter,virtual,warm,contiguous,27,8,216,51,1.0000,4900,177900,179200,179645.1,181300,188400,1638.3,184200,184600.0,1.150
scatter,physical,warm,contiguous,27,8,216,51,1.0000,5000,174000,175600,175984.3,178800,184600,1707.0,180600,181013.7,1.173
scatter_page,virtual,warm,contiguous,27,8,216,51,1.0000,3700,8900,9100,9117.6,9300,10300,219.7,12800,12866.7,22.637
scalar,virtual,warm,contiguous,27,8,216,51,1.0000,0,16200,16500,17198.0,22100,22800,1792.9,16500,17198.0,12.484
scatter,virtual,warm,contiguous,27,16,432,51,1.0000,5000,177400,179400,179609.8,181900,188700,1915.8,184400,184621.6,2.296
scatter,physical,warm,contiguous,27,16,432,51,1.0000,5100,174500,177000,178113.7,184200,210300,5062.9,182100,183202.0,2.328
scatter,virtual,warm,contiguous,27,32,864,51,1.0000,5000,177500,178800,178898.0,180500,181300,896.5,183700,184011.8,4.608
scatter,physical,warm,contiguous,27,32,864,51,1.0000,5000,174400,176300,177043.1,179900,212900,5320.6,181300,182078.4,4.674
scatter,virtual,warm,contiguous,27,64,1728,51,1.0000,4900,176400,178300,179227.5,187200,204500,4328.9,183200,184198.0,9.243
scatter,physical,warm,contiguous,27,64,1728,51,1.0000,5000,174100,175700,175847.1,177500,178000,977.8,180700,180847.1,9.379
scatter,virtual,warm,contiguous,27,128,3456,51,1.0000,5100,241900,244600,245190.2,252200,264500,3654.7,249800,250382.4,13.475
scatter,physical,warm,contiguous,27,128,3456,51,1.0000,5000,238800,242200,242919.6,252400,263600,4125.0,247200,247962.7,13.608
scatter,virtual,warm,contiguous,27,256,6912,51,1.0000,5100,309000,311400,311827.5,316500,323000,2520.6,316400,316894.1,21.168
scatter,physical,warm,contiguous,27,256,6912,51,1.0000,5100,305800,309200,309605.9,315500,320600,2649.7,314200,314707.8,21.319
scatter,virtual,warm,contiguous,27,512,13824,51,1.0000,5000,459500,464400,465164.7,474900,489000,4742.5,469400,470194.1,28.388
scatter,physical,warm,contiguous,27,512,13824,51,1.0000,5100,456700,461000,461570.6,469100,478400,3673.0,466100,466690.2,28.598
scatter,virtual,warm,contiguous,27,768,20736,51,1.0000,5100,614100,620700,621892.2,630000,641700,4934.3,625700,626990.2,31.860
scatter,physical,warm,contiguous,27,768,20736,51,1.0000,5100,612800,617500,618402.0,628600,631700,4090.1,622800,623537.3,32.025
scatter,virtual,warm,contiguous,27,1024,27648,51,1.0000,5000,945300,951600,956247.1,1005100,1011900,14890.7,956700,961272.5,27.708
scatter,physical,warm,contiguous,27,1024,27648,51,1.0000,5100,942000,948400,954286.3,1003300,1008600,17092.7,953700,959388.2,27.802
scatter,virtual,warm,contiguous,27,2048,55296,51,1.0000,3800,10600,10800,10866.7,11100,12200,225.1,14600,14700.0,4882.812
scatter,physical,warm,contiguous,27,2048,55296,51,1.0000,3800,8000,8100,8258.8,8700,12600,649.1,12000,12147.1,6510.417
scatter,virtual,warm,contiguous,27,4096,110592,51,1.0000,3400,7900,8000,8080.4,8500,9200,220.9,11500,11552.9,13183.594
scatter,physical,warm,contiguous,27,4096,110592,51,1.0000,3600,5400,5600,5603.9,5800,6400,149.6,9200,9202.0,18833.705
scatter_page,virtual,warm,contiguous,27,4096,110592,51,1.0000,3400,7900,8000,8245.1,11700,12600,984.9,11400,11747.1,13183.594
scalar,virtual,warm,contiguous,27,4096,110592,51,1.0000,0,18800,19100,19205.9,19800,21800,527.0,19100,19205.9,5521.924
scatter,virtual,warm,contiguous,28,8,224,51,1.0000,5000,178700,180800,181433.3,189400,192100,2748.0,185800,186502.0,1.182
scatter,physical,warm,contiguous,28,8,224,51,1.0000,5100,174700,176700,178452.9,180500,255800,11147.1,181700,183578.4,1.209
scatter_page,virtual,warm,contiguous,28,8,224,51,1.0000,3900,9400,9500,9502.0,9600,10600,223.2,13300,13427.5,22.487
scalar,virtual,warm,contiguous,28,8,224,51,1.0000,0,16800,17200,17274.5,18000,20000,534.4,17200,17274.5,12.420
scatter,virtual,warm,contiguous,28,16,448,51,1.0000,5100,178600,180000,180174.5,181800,182100,907.9,185100,185282.4,2.374
scatter,physical,warm,contiguous,28,16,448,51,1.0000,5100,174200,175800,176621.6,178800,198300,3538.8,181100,181817.6,2.430
scatter,virtual,warm,contiguous,28,32,896,51,1.0000,5100,177700,179400,180176.5,190100,192000,2938.3,184600,185319.6,4.763
scatter,physical,warm,contiguous,28,32,896,51,1.0000,5100,174900,176700,179223.5,178500,300000,17285.1,181800,184323.5,4.836
scatter,virtual,warm,contiguous,28,64,1792,51,1.0000,5000,176900,179300,180280.4,188900,198000,3804.3,184300,185452.9,9.531
scatter,physical,warm,contiguous,28,64,1792,51,1.0000,5100,174800,176700,177362.7,179300,191500,2815.1,181800,182460.8,9.672
scatter,virtual,warm,contiguous,28,128,3584,51,1.0000,5100,243200,245300,245592.2,247700,258900,2164.9,250400,250696.1,13.934
scatter,physical,warm,contiguous,28,128,3584,51,1.0000,5200,239200,242500,243037.3,248600,255100,2702.7,247700,248202.0,14.095
scatter,virtual,warm,contiguous,28,256,7168,51,1.0000,5100,308200,312300,312923.5,318800,323400,2914.4,317400,318078.4,21.889
scatter,physical,warm,contiguous,28,256,7168,51,1.0000,5200,305200,308800,309300.0,316200,323300,2883.2,314000,314782.4,22.137
scatter,virtual,warm,contiguous,28,512,14336,51,1.0000,5200,461100,466200,466923.5,477800,481100,4421.1,471300,472143.1,29.326
scatter,physical,warm,contiguous,28,512,14336,51,1.0000,5200,459600,463700,465725.5,472700,540700,11182.7,468900,471080.4,29.484
scatter,virtual,warm,contiguous,28,768,21504,51,1.0000,5200,618800,624700,626188.2,637700,655400,5998.0,630200,631388.2,32.828
scatter,physical,warm,contiguous,28,768,21504,51,1.0000,5200,614900,621100,621766.7,631200,635700,4037.7,626300,626976.5,33.019
scatter,virtual,warm,contiguous,28,1024,28672,51,1.0000,5100,948400,953800,956166.7,966700,1007400,10904.3,958900,961319.6,28.668
scatter,physical,warm,contiguous,28,1024,28672,51,1.0000,5200,947600,951300,956307.8,1002300,1014500,14983.0,956300,961541.2,28.744
scatter,virtual,warm,contiguous,28,2048,57344,51,1.0000,4000,11100,11300,11300.0,11500,13000,266.8,15200,15309.8,4839.602
scatter,physical,warm,contiguous,28,2048,57344,51,1.0000,4000,8400,8500,8545.1,8700,9000,110.1,12500,12570.6,6433.824
scatter,virtual,warm,contiguous,28,4096,114688,51,1.0000,3600,8200,8300,8372.5,8600,9300,190.9,11900,12007.8,13177.711
scatter,physical,warm,contiguous,28,4096,114688,51,1.0000,3700,5700,5800,5845.1,6100,7200,219.4,9500,9551.0,18857.759
scatter_page,virtual,warm,contiguous,28,4096,114688,51,1.0000,3500,8000,8200,8196.1,8500,9200,193.9,11600,11711.8,13338.415
scalar,virtual,warm,contiguous,28,4096,114688,51,1.0000,0,19700,19900,19974.5,20500,23300,553.1,19900,19974.5,5496.231
scatter,virtual,warm,contiguous,29,8,232,51,1.0000,5200,178200,181500,181807.8,186300,190600,2313.5,186700,187035.3,1.219
scatter,physical,warm,contiguous,29,8,232,51,1.0000,5200,175400,177500,177903.9,179600,198000,3436.8,182700,183094.1,1.246
scatter_page,virtual,warm,contiguous,29,8,232,51,1.0000,4000,9600,9800,10021.6,11700,13600,740.9,13800,14152.9,22.577
scalar,virtual,warm,contiguous,29,8,232,51,1.0000,0,17500,17800,17962.7,18600,24400,988.7,17800,17962.7,12.430
scatter,virtual,warm,contiguous,29,16,464,51,1.0000,5300,178700,181000,181868.6,192100,202300,4615.3,186200,187160.8,2.445
scatter,physical,warm,contiguous,29,16,464,51,1.0000,5300,175000,177200,179121.6,194900,195000,5372.5,182400,184647.1,2.497
scatter,virtual,warm,contiguous,29,32,928,51,1.0000,5200,178400,180000,180802.0,189300,192800,2888.1,185200,186035.3,4.917
scatter,physical,warm,contiguous,29,32,928,51,1.0000,5200,174400,177300,177305.9,179400,185800,1942.2,182500,182505.9,4.992
scatter,virtual,warm,contiguous,29,64,1856,51,1.0000,5200,178000,179900,180335.3,182900,190600,2279.3,185200,185592.2,9.839
scatter,physical,warm,contiguous,29,64,1856,51,1.0000,5200,175600,177300,177649.0,180200,185800,1589.5,182600,182970.6,9.983
scatter,virtual,warm,contiguous,29,128,3712,51,1.0000,5300,244500,246900,247952.9,258600,266600,4215.7,252200,253268.6,14.338
scatter,physical,warm,contiguous,29,128,3712,51,1.0000,5300,241700,244600,245203.9,247000,262400,3446.9,249800,250480.4,14.473
scatter,virtual,warm,contiguous,29,256,7424,51,1.0000,5300,310200,314800,324586.3,328500,730100,58238.7,320100,329949.0,22.491
scatter,physical,warm,contiguous,29,256,7424,51,1.0000,5300,308000,311400,311811.8,319900,326300,3170.4,316800,317160.8,22.736
scatter,virtual,warm,contiguous,29,512,14848,51,1.0000,5300,465500,470000,472209.8,483800,532700,9609.8,475200,477537.3,30.128
scatter,physical,warm,contiguous,29,512,14848,51,1.0000,5300,463300,467000,467751.0,474000,486100,3573.4,472400,473143.1,30.322
scatter,virtual,warm,contiguous,29,768,22272,51,1.0000,5300,878500,885300,889533.3,937400,953100,14623.5,890600,894837.3,23.992
scatter,physical,warm,contiguous,29,768,22272,51,1.0000,5300,877800,883000,883529.4,892900,901500,4285.7,888300,888815.7,24.055
scatter,virtual,warm,contiguous,29,1024,29696,51,1.0000,5300,1006900,1016800,1023000.0,1068100,1069600,17756.3,1021900,1028311.8,27.852
scatter,physical,warm,contiguous,29,1024,29696,51,1.0000,5300,1007300,1013600,1019760.8,1066300,1091800,17422.6,1018900,1025172.5,27.940
scatter,virtual,warm,contiguous,29,2048,59392,51,1.0000,4100,11400,11600,11713.7,12000,14100,362.8,15700,15902.0,4882.812
scatter,physical,warm,contiguous,29,2048,59392,51,1.0000,4100,8600,8800,8802.0,9000,9500,137.8,12800,12911.8,6436.435
scatter,virtual,warm,contiguous,29,4096,118784,51,1.0000,3700,8500,8600,8790.2,9400,15100,919.8,12300,12535.3,13172.238
scatter,physical,warm,contiguous,29,4096,118784,51,1.0000,3800,5900,6000,6045.1,6200,6800,162.9,9800,9860.8,18880.208
scatter_page,virtual,warm,contiguous,29,4096,118784,51,1.0000,3700,8500,8600,8680.4,8900,9700,196.0,12300,12423.5,13172.238
scalar,virtual,warm,contiguous,29,4096,118784,51,1.0000,0,20400,20600,20937.3,21000,32800,1741.6,20600,20937.3,5499.090
scatter,virtual,warm,contiguous,30,8,240,51,1.0000,5200,179000,181400,182105.9,190200,198300,3267.3,186700,187427.5,1.262
scatter,physical,warm,contiguous,30,8,240,51,1.0000,5300,175800,177800,178768.6,182600,206900,4424.5,183100,184149.0,1.287
scatter_page,virtual,warm,contiguous,30,8,240,51,1.0000,4100,10000,10200,10200.0,10400,11700,243.3,14300,14372.5,22.439
scalar,virtual,warm,contiguous,30,8,240,51,1.0000,0,18200,18400,18521.6,19100,20700,440.6,18400,18521.6,12.439
scatter,virtual,warm,contiguous,30,16,480,51,1.0000,5400,178800,181500,182309.8,185000,214800,4922.4,186900,187666.7,2.522
scatter,physical,warm,contiguous,30,16,480,51,1.0000,5400,176400,178100,179080.4,187100,194000,3465.1,183500,184490.2,2.570
scatter,virtual,warm,contiguous,30,32,960,51,1.0000,5300,179600,181400,181737.3,183800,189600,1573.8,186600,187100.0,5.047
scatter,physical,warm,contiguous,30,32,960,51,1.0000,5300,175500,178000,178821.6,183000,200400,4291.8,183300,184372.5,5.143
scatter,virtual,warm,contiguous,30,64,1920,51,1.0000,5300,178600,180700,181088.2,186200,188400,1875.6,185900,186425.5,10.133
scatter,physical,warm,contiguous,30,64,1920,51,1.0000,5300,176600,178100,178117.6,179500,179900,784.3,183500,183466.7,10.281
scatter,virtual,warm,contiguous,30,128,3840,51,1.0000,5400,244700,247300,248190.2,258800,272600,4450.0,252700,253568.6,14.808
scatter,physical,warm,contiguous,30,128,3840,51,1.0000,5400,242100,244000,244888.2,251500,260300,3206.5,249400,250319.6,15.009
scatter,virtual,warm,contiguous,30,256,7680,51,1.0000,5400,310500,313600,314186.3,317900,324400,2426.4,319100,319603.9,23.355
scatter,physical,warm,contiguous,30,256,7680,51,1.0000,5500,308000,310800,311258.8,316300,327200,2992.9,316300,316737.3,23.566
scatter,virtual,warm,contiguous,30,512,15360,51,1.0000,5400,467700,474300,475090.2,485600,498500,5312.4,479600,480537.3,30.884
scatter,physical,warm,contiguous,30,512,15360,51,1.0000,5500,467700,471900,472856.9,481800,487000,3918.4,477300,478370.6,31.041
scatter,virtual,warm,contiguous,30,768,23040,51,1.0000,5300,880100,886400,890303.9,939500,962200,15274.1,891700,895700.0,24.789
scatter,physical,warm,contiguous,30,768,23040,51,1.0000,5400,876800,882400,889258.8,937300,947600,17826.0,887800,894762.7,24.901
scatter,virtual,warm,contiguous,30,1024,30720,51,1.0000,5400,1014900,1018700,1022649.0,1067400,1083800,14040.9,1024500,1028168.6,28.759
scatter,physical,warm,contiguous,30,1024,30720,51,1.0000,5500,1009900,1017900,1020131.4,1059400,1063400,11282.0,1023500,1025617.6,28.782
scatter,virtual,warm,contiguous,30,2048,61440,51,1.0000,4200,12000,12100,12380.4,12400,23000,1543.1,16300,16574.5,4842.459
scatter,physical,warm,contiguous,30,2048,61440,51,1.0000,4200,9000,9100,9880.4,12800,27400,2758.6,13300,14305.9,6438.874
scatter,virtual,warm,contiguous,30,4096,122880,51,1.0000,3900,8900,9000,9378.4,11500,14300,1039.9,12900,13403.9,13020.833
scatter,physical,warm,contiguous,30,4096,122880,51,1.0000,4000,6300,6400,6392.2,6600,7200,165.9,10300,10384.3,18310.547
scatter_page,virtual,warm,contiguous,30,4096,122880,51,1.0000,3900,8900,9000,9045.1,9100,10100,170.1,12900,12966.7,13020.833
scalar,virtual,warm,contiguous,30,4096,122880,51,1.0000,0,21100,21400,21676.5,21800,33000,1652.5,21400,21676.5,5476.051
scatter,virtual,warm,contiguous,32,8,256,51,1.0000,5200,241300,243400,244227.5,247900,260700,2957.2,248800,249505.9,1.003
scatter,physical,warm,contiguous,32,8,256,51,1.0000,5500,237300,239900,241335.3,250900,266900,5043.8,245500,246960.8,1.018
scatter_page,virtual,warm,contiguous,32,8,256,51,1.0000,4400,11100,11200,11276.5,11500,12600,221.4,15600,15713.7,21.798
scalar,virtual,warm,contiguous,32,8,256,51,1.0000,0,19200,19600,19733.3,20100,22900,502.7,19600,19733.3,12.456
scatter,virtual,warm,contiguous,32,16,512,51,1.0000,5300,242000,244300,244598.0,248600,252800,1949.0,249600,249933.3,1.999
scatter,physical,warm,contiguous,32,16,512,51,1.0000,5600,236900,239400,240184.3,243900,261700,3793.9,245100,245825.5,2.040
scatter,virtual,warm,contiguous,32,32,1024,51,1.0000,5300,240900,243100,243602.0,249200,252600,2302.7,248500,248919.6,4.017
scatter,physical,warm,contiguous,32,32,1024,51,1.0000,5500,237000,240000,240584.3,247900,253700,2910.5,245600,246239.2,4.069
scatter,virtual,warm,contiguous,32,64,2048,51,1.0000,5300,241700,243500,244252.9,247300,259000,2696.2,248800,249547.1,8.021
scatter,physical,warm,contiguous,32,64,2048,51,1.0000,5500,237700,240000,240578.4,246200,252700,2832.7,245600,246302.0,8.138
scatter,virtual,warm,contiguous,32,128,4096,51,1.0000,5400,309200,311900,313294.1,325100,338800,5415.5,317300,318758.8,12.524
scatter,physical,warm,contiguous,32,128,4096,51,1.0000,5700,303400,307900,308490.2,313700,336200,4874.4,313700,314203.9,12.687
scatter,virtual,warm,contiguous,32,256,8192,51,1.0000,5500,376700,379300,380135.3,389500,392200,3138.7,384800,385600.0,20.597
scatter,physical,warm,contiguous,32,256,8192,51,1.0000,5700,370700,376100,377841.2,388200,389000,4543.3,381800,383558.8,20.772
scatter,virtual,warm,contiguous,32,512,16384,51,1.0000,5400,538500,543500,543623.5,551100,556800,3351.1,549000,549100.0,28.749
scatter,physical,warm,contiguous,32,512,16384,51,1.0000,5700,533900,539300,540402.0,549700,575200,7341.8,544800,546062.7,28.973
scatter,virtual,warm,contiguous,32,768,24576,51,1.0000,5400,884500,889700,891227.5,901000,948100,8797.1,895200,896684.3,26.343
scatter,physical,warm,contiguous,32,768,24576,51,1.0000,5700,880200,886100,891268.6,937700,943300,14739.8,891900,897002.0,26.450
scatter,virtual,warm,contiguous,32,1024,32768,51,1.0000,5400,1026100,1033100,1037362.7,1084300,1094600,14943.0,1038500,1042802.0,30.249
scatter,physical,warm,contiguous,32,1024,32768,51,1.0000,5700,1023600,1028100,1032370.6,1074000,1085200,13304.1,1034000,1038121.6,30.396
scatter,virtual,warm,contiguous,32,2048,65536,51,1.0000,4400,13100,13300,13405.9,13700,15400,422.1,17800,17886.3,4699.248
scatter,physical,warm,contiguous,32,2048,65536,51,1.0000,4400,9600,9800,9817.6,10000,10400,117.8,14200,14270.6,6377.551
scatter,virtual,warm,contiguous,32,4096,131072,51,1.0000,4100,9900,10100,10151.0,10600,11200,213.0,14200,14272.5,12376.238
scatter,physical,warm,contiguous,32,4096,131072,51,1.0000,4200,6700,6900,6872.5,7000,7600,121.8,11000,11072.5,18115.942
scatter_page,virtual,warm,contiguous,32,4096,131072,51,1.0000,4100,10000,10100,10127.5,10500,11200,208.9,14200,14247.1,12376.238
scalar,virtual,warm,contiguous,32,4096,131072,51,1.0000,0,22600,22900,23205.9,24900,32400,1447.1,22900,23205.9,5458.515
scatter,virtual,warm,contiguous,36,8,288,51,1.0000,5800,245700,248300,248527.5,250300,264300,2583.9,254300,254402.0,1.106
scatter,physical,warm,contiguous,36,8,288,51,1.0000,6000,240600,243300,245411.8,257300,308400,9625.3,249300,251482.4,1.129
scatter_page,virtual,warm,contiguous,36,8,288,51,1.0000,4900,12600,12900,13625.5,18000,24600,2111.5,17800,18733.3,21.291
scalar,virtual,warm,contiguous,36,8,288,51,1.0000,0,22000,22200,22458.8,22600,34800,1793.2,22200,22458.8,12.372
scatter,virtual,warm,contiguous,36,16,576,51,1.0000,5900,245700,248300,249829.4,259500,287700,6754.2,254200,255780.4,2.212
scatter,physical,warm,contiguous,36,16,576,51,1.0000,6200,242200,244100,245333.3,254800,271700,4830.0,250300,251513.7,2.250
scatter,virtual,warm,contiguous,36,32,1152,51,1.0000,5800,244100,247700,247803.9,250700,255400,1772.8,253500,253696.1,4.435
scatter,physical,warm,contiguous,36,32,1152,51,1.0000,6000,241100,243400,244084.3,244800,286000,6060.5,249500,250133.3,4.514
scatter,virtual,warm,contiguous,36,64,2304,51,1.0000,5800,244900,247700,248280.4,249800,264700,3354.3,253600,254151.0,8.871
scatter,physical,warm,contiguous,36,64,2304,51,1.0000,6100,240700,244300,245896.1,263100,265600,5730.0,250300,252227.5,8.994
scatter,virtual,warm,contiguous,36,128,4608,51,1.0000,6000,311800,316300,317468.6,331100,348900,6242.6,322400,323970.6,13.894
scatter,physical,warm,contiguous,36,128,4608,51,1.0000,6200,308300,311200,312107.8,323400,329300,4234.0,317300,318309.8,14.121
scatter,virtual,warm,contiguous,36,256,9216,51,1.0000,6000,383100,388700,389915.7,398700,404500,4703.8,394600,395958.8,22.611
scatter,physical,warm,contiguous,36,256,9216,51,1.0000,6200,377500,384000,385333.3,392900,412100,5833.3,390400,391594.1,22.888
scatter,virtual,warm,contiguous,36,512,18432,51,1.0000,6000,551100,555200,556794.1,564800,596200,6786.1,561200,562786.3,31.661
scatter,physical,warm,contiguous,36,512,18432,51,1.0000,6200,545600,551000,553278.4,561900,616800,9931.9,557200,559472.5,31.902
scatter,virtual,warm,contiguous,36,768,27648,51,1.0000,6000,951600,957700,962486.3,1000900,1009100,12842.4,963900,968700.0,27.532
scatter,physical,warm,contiguous,36,768,27648,51,1.0000,6200,945800,953700,958384.3,999700,1011100,14079.7,959900,964574.5,27.647
scatter,virtual,warm,contiguous,36,1024,36864,51,1.0000,6000,1167100,1176200,1179252.9,1194700,1226900,11070.7,1182100,1185245.1,29.890
scatter,physical,warm,contiguous,36,1024,36864,51,1.0000,6300,1164900,1173000,1177127.5,1224000,1291500,20680.8,1179300,1183413.7,29.971
scatter,virtual,warm,contiguous,36,2048,73728,51,1.0000,5000,15000,15200,15349.0,15800,18000,499.3,20200,20376.5,4625.822
scatter,physical,warm,contiguous,36,2048,73728,51,1.0000,4900,11200,11300,11343.1,11500,12000,118.8,16200,16309.8,6222.345
scatter,virtual,warm,contiguous,36,4096,147456,51,1.0000,4600,11300,11500,11962.7,13100,27200,2366.3,16100,16752.9,12228.261
scatter,physical,warm,contiguous,36,4096,147456,51,1.0000,4700,7800,8000,8005.9,8200,8700,156.7,12700,12754.9,17578.125
scatter_page,virtual,warm,contiguous,36,4096,147456,51,1.0000,4600,11400,11500,11841.2,15200,16700,1131.0,16100,16570.6,12228.261
scalar,virtual,warm,contiguous,36,4096,147456,51,1.0000,0,25600,25900,26158.8,26300,39300,1890.7,25900,26158.8,5429.537
scatter,virtual,warm,contiguous,40,8,320,51,1.0000,6300,247400,251200,252974.5,270700,278900,6026.3,257600,259335.3,1.215
scatter,physical,warm,contiguous,40,8,320,51,1.0000,6500,243100,247200,247876.5,257500,260300,3347.4,253800,254492.2,1.235
scatter_page,virtual,warm,contiguous,40,8,320,51,1.0000,5400,14200,14400,14476.5,14900,16400,310.9,19800,20190.2,21.193
scalar,virtual,warm,contiguous,40,8,320,51,1.0000,0,24500,24700,25078.4,25100,36400,1760.8,24700,25078.4,12.355
scatter,virtual,warm,contiguous,40,16,640,51,1.0000,6400,247700,250900,250947.1,253100,262400,2029.0,257400,257382.4,2.433
scatter,physical,warm,contiguous,40,16,640,51,1.0000,6600,243100,245600,246366.7,250600,265400,3495.3,252200,253013.7,2.485
scatter,virtual,warm,contiguous,40,32,1280,51,1.0000,6300,247300,250300,254537.3,262600,444700,27338.1,256600,260939.2,4.877
scatter,physical,warm,contiguous,40,32,1280,51,1.0000,6500,242800,245800,246480.4,257600,264300,4026.1,252300,253117.6,4.966
scatter,virtual,warm,contiguous,40,64,2560,51,1.0000,6300,248400,250700,251096.1,253200,264700,2346.0,257000,257460.8,9.738
scatter,physical,warm,contiguous,40,64,2560,51,1.0000,6500,243600,246100,246490.2,250200,255700,2222.8,252700,253137.3,9.920
scatter,virtual,warm,contiguous,40,128,5120,51,1.0000,6500,314800,318500,319168.6,327400,343700,4592.4,324900,325651.0,15.331
scatter,physical,warm,contiguous,40,128,5120,51,1.0000,6700,311300,314900,315494.1,322900,331200,3548.5,321400,322184.3,15.506
scatter,virtual,warm,contiguous,40,256,10240,51,1.0000,6500,394100,397900,398260.8,402700,410800,2885.5,404300,404772.5,24.543
scatter,physical,warm,contiguous,40,256,10240,51,1.0000,6700,388800,393800,395280.4,406200,413100,5114.9,400700,402056.9,24.798
scatter,virtual,warm,contiguous,40,512,20480,51,1.0000,6500,881500,888900,896039.2,945600,962800,19556.2,895400,902558.8,21.972
scatter,physical,warm,contiguous,40,512,20480,51,1.0000,6700,876800,885000,888856.9,934900,938800,14263.7,891600,895539.2,22.069
scatter,virtual,warm,contiguous,40,768,30720,51,1.0000,6500,1020400,1027400,1032933.3,1082700,1088100,16497.2,1034400,1039629.4,28.516
scatter,physical,warm,contiguous,40,768,30720,51,1.0000,6700,1016400,1022900,1030937.3,1080000,1118700,20377.3,1029900,1037713.7,28.641
scatter,virtual,warm,contiguous,40,1024,40960,51,1.0000,6500,1254200,1262400,1264237.3,1280800,1307000,9563.5,1269000,1270758.8,30.943
scatter,physical,warm,contiguous,40,1024,40960,51,1.0000,6800,1249000,1259100,1273352.9,1402000,1446700,41498.4,1265900,1280211.8,31.024
scatter,virtual,warm,contiguous,40,2048,81920,51,1.0000,5500,16800,17000,17117.6,17400,20500,579.9,22500,22621.6,4595.588
scatter,physical,warm,contiguous,40,2048,81920,51,1.0000,5400,12800,12900,13025.5,13200,16300,486.6,18300,18451.0,6056.202
scatter,virtual,warm,contiguous,40,4096,163840,51,1.0000,5200,12900,13000,13278.4,13900,25100,1700.2,18200,18527.5,12019.231
scatter,physical,warm,contiguous,40,4096,163840,51,1.0000,5200,9100,9200,9225.5,9400,10000,150.8,14400,14482.4,16983.696
scatter_page,virtual,warm,contiguous,40,4096,163840,51,1.0000,5200,12800,13000,13107.8,13400,18200,755.7,18200,18509.8,12019.231
scalar,virtual,warm,contiguous,40,4096,163840,51,1.0000,0,28600,28800,28990.2,29200,35100,909.6,28800,28990.2,5425.347
scatter,virtual,warm,contiguous,48,8,384,51,1.0000,7300,253000,257600,260109.8,277600,280500,6725.4,264900,267580.4,1.422
scatter,physical,warm,contiguous,48,8,384,51,1.0000,7500,248500,251500,252617.6,264000,274400,4695.8,259300,260180.4,1.456
scatter_page,virtual,warm,contiguous,48,8,384,51,1.0000,6500,17600,17700,17849.0,18000,23200,818.4,24200,24443.1,20.690
scalar,virtual,warm,contiguous,48,8,384,51,1.0000,0,29400,29800,30264.7,33500,40800,1783.6,29800,30264.7,12.289
scatter,virtual,warm,contiguous,48,16,768,51,1.0000,7500,254700,256700,257021.6,259400,266900,1973.4,264200,264568.6,2.853
scatter,physical,warm,contiguous,48,16,768,51,1.0000,7700,249200,251100,251990.2,262200,270200,3583.9,258800,259692.2,2.917
scatter,virtual,warm,contiguous,48,32,1536,51,1.0000,7400,252700,255700,270094.1,281900,894100,89397.3,263000,277576.5,5.729
scatter,physical,warm,contiguous,48,32,1536,51,1.0000,7500,248600,251100,252264.7,261300,274700,4070.8,258800,259907.8,5.834
scatter,virtual,warm,contiguous,48,64,3072,51,1.0000,7400,253700,256300,256880.4,259700,273900,3133.9,263800,264331.4,11.431
scatter,physical,warm,contiguous,48,64,3072,51,1.0000,7600,247900,251100,251349.0,258500,265100,3010.9,258600,259076.5,11.667
scatter,virtual,warm,contiguous,48,128,6144,51,1.0000,7600,384700,389000,390170.6,396100,415000,4769.6,396500,397770.6,15.063
scatter,physical,warm,contiguous,48,128,6144,51,1.0000,7800,375800,383700,389060.8,438600,496200,20798.5,391400,396968.6,15.271
scatter,virtual,warm,contiguous,48,256,12288,51,1.0000,7600,471100,475700,477590.2,487100,510500,6133.6,483400,485225.5,24.635
scatter,physical,warm,contiguous,48,256,12288,51,1.0000,7800,466400,469800,470372.5,479800,481600,2999.0,477600,478188.2,24.944
scatter,virtual,warm,contiguous,48,512,24576,51,1.0000,7600,951500,958800,963952.9,1020500,1026900,16922.0,966300,971513.7,24.445
scatter,physical,warm,contiguous,48,512,24576,51,1.0000,7800,947500,953700,956825.5,997400,1018400,13499.7,961300,964864.7,24.575
scatter,virtual,warm,contiguous,48,768,36864,51,1.0000,7600,1181000,1188500,1194039.2,1229100,1285500,18759.5,1196000,1201651.0,29.580
scatter,physical,warm,contiguous,48,768,36864,51,1.0000,7800,1174500,1184100,1192278.4,1241100,1392300,32608.8,1191800,1200164.7,29.690
scatter,virtual,warm,contiguous,48,1024,49152,51,1.0000,7600,1605400,1619100,1621103.9,1634900,1682200,11273.1,1627100,1628705.9,28.951
scatter,physical,warm,contiguous,48,1024,49152,51,1.0000,7800,1604200,1614900,1618749.0,1644300,1685900,14847.9,1622600,1626590.2,29.027
scatter,virtual,warm,contiguous,48,2048,98304,51,1.0000,6400,20500,20800,21262.7,25900,27400,1563.5,27100,27892.2,4507.212
scatter,physical,warm,contiguous,48,2048,98304,51,1.0000,6500,16000,16100,16133.3,16300,16600,114.3,22600,23058.8,5822.981
scatter,virtual,warm,contiguous,48,4096,196608,51,1.0000,6000,15400,15600,15680.4,15900,17600,334.7,21700,21768.6,12019.231
scatter,physical,warm,contiguous,48,4096,196608,51,1.0000,6100,11100,11300,11805.9,13900,29200,2641.7,17400,18123.5,16592.920
scatter_page,virtual,warm,contiguous,48,4096,196608,51,1.0000,6100,15300,15700,16188.2,16800,36700,3046.7,21800,22666.7,11942.675
scalar,virtual,warm,contiguous,48,4096,196608,51,1.0000,0,34300,34600,34715.7,35100,36800,439.7,34600,34715.7,5419.075
scatter,virtual,warm,contiguous,64,8,512,51,1.0000,9000,326700,332900,362778.4,439100,494200,47380.2,341800,371743.1,1.467
scatter,physical,warm,contiguous,64,8,512,51,1.0000,9100,321300,323800,326013.7,334800,398000,10821.4,333000,335162.7,1.508
scatter_page,virtual,warm,contiguous,64,8,512,51,1.0000,8300,24500,24700,25102.0,26200,39500,2144.6,33000,33407.8,19.768
scalar,virtual,warm,contiguous,64,8,512,51,1.0000,0,38700,40200,40727.5,43900,52100,2397.7,40200,40727.5,12.146
scatter,virtual,warm,contiguous,64,16,1024,51,1.0000,9100,326800,331200,333149.0,348600,390400,9302.6,340300,342531.4,2.949
scatter,physical,warm,contiguous,64,16,1024,51,1.0000,9200,319900,324500,325972.5,335800,351200,5488.4,333800,335292.2,3.009
scatter,virtual,warm,contiguous,64,32,2048,51,1.0000,9100,325200,330600,331476.5,345000,353100,5273.4,339700,340807.8,5.908
scatter,physical,warm,contiguous,64,32,2048,51,1.0000,9100,319900,324500,325792.2,335200,351700,5197.8,333700,335056.9,6.019
scatter,virtual,warm,contiguous,64,64,4096,51,1.0000,9000,326800,330700,331592.2,340900,349300,4086.0,339700,340607.8,11.812
scatter,physical,warm,contiguous,64,64,4096,51,1.0000,9100,321800,325100,326131.4,338100,347800,4700.7,334700,335313.7,12.016
scatter,virtual,warm,contiguous,64,128,8192,51,1.0000,9100,463500,469500,472621.6,486800,526100,9778.2,478500,481774.5,16.640
scatter,physical,warm,contiguous,64,128,8192,51,1.0000,9300,457500,461900,462654.9,468800,484000,4239.5,471100,472035.3,16.914
scatter,virtual,warm,contiguous,64,256,16384,51,1.0000,9100,625400,630900,631333.3,639400,657700,4758.6,640200,640527.5,24.766
scatter,physical,warm,contiguous,64,256,16384,51,1.0000,9300,618100,624600,625770.6,633500,644500,4557.9,633800,635098.0,25.016
scatter,virtual,warm,contiguous,64,512,32768,51,1.0000,9100,1176100,1183300,1193733.3,1246900,1314900,25872.1,1192400,1203147.1,26.409
scatter,physical,warm,contiguous,64,512,32768,51,1.0000,9400,1170700,1177600,1182437.3,1220300,1251300,15754.0,1187100,1191945.1,26.537
scatter,virtual,warm,contiguous,64,768,49152,51,1.0000,9100,1618300,1628300,1630070.6,1651100,1670700,9938.1,1637400,1639296.1,28.788
scatter,physical,warm,contiguous,64,768,49152,51,1.0000,9400,1612600,1621400,1626111.8,1656800,1671600,12813.2,1630800,1635525.5,28.910
scatter,virtual,warm,contiguous,64,1024,65536,51,1.0000,9100,1931500,1943200,1945733.3,1969000,1975000,8875.3,1952400,1955113.7,32.163
scatter,physical,warm,contiguous,64,1024,65536,51,1.0000,9300,1922800,1938000,1944982.4,1984700,2008800,18166.0,1947400,1954531.4,32.250
scatter,virtual,warm,contiguous,64,2048,131072,51,1.0000,8300,28500,28700,28937.3,30200,36200,1099.3,37100,37303.9,4355.401
scatter,physical,warm,contiguous,64,2048,131072,51,1.0000,7900,22300,22500,22519.6,22600,24500,315.6,30400,30749.0,5555.556
scatter,virtual,warm,contiguous,64,4096,262144,51,1.0000,8200,21600,21800,21829.4,22000,23700,311.3,30000,30090.2,11467.890
scatter,physical,warm,contiguous,64,4096,262144,51,1.0000,7900,15300,15500,15521.6,15600,17500,296.2,23300,23664.7,16129.032
scatter_page,virtual,warm,contiguous,64,4096,262144,51,1.0000,8500,21500,21700,22078.4,25700,28000,1245.4,30200,30796.1,11520.737
scalar,virtual,warm,contiguous,64,4096,262144,51,1.0000,0,46100,46400,46586.3,47800,51200,778.5,46400,46586.3,5387.931
scatter,virtual,warm,contiguous,96,8,768,51,1.0000,13200,423800,431400,479060.8,587300,594000,66961.7,444700,492405.9,1.698
scatter,physical,warm,contiguous,96,8,768,51,1.0000,13800,414800,419200,419145.1,422500,429000,2635.8,432800,432907.8,1.747
scatter_page,virtual,warm,contiguous,96,8,768,51,1.0000,12200,36800,37000,37456.9,42000,47800,1860.2,49200,49723.5,19.795
scalar,virtual,warm,contiguous,96,8,768,51,1.0000,0,59500,60000,60335.3,62300,70100,1614.2,60000,60335.3,12.207
scatter,virtual,warm,contiguous,96,16,1536,51,1.0000,13000,417500,429300,429282.4,437200,442100,3794.0,442400,442276.5,3.412
scatter,physical,warm,contiguous,96,16,1536,51,1.0000,13900,402900,409300,413784.3,430900,468800,10970.5,423100,428072.5,3.579
scatter,virtual,warm,contiguous,96,32,3072,51,1.0000,12900,411900,428900,429654.9,441200,446800,4881.4,442100,442788.2,6.831
scatter,physical,warm,contiguous,96,32,3072,51,1.0000,13700,401800,407800,409394.1,421000,426500,5091.7,421600,423309.8,7.184
scatter,virtual,warm,contiguous,96,64,6144,51,1.0000,12900,412800,418400,421662.7,432500,472100,9221.9,431500,436611.8,14.004
scatter,physical,warm,contiguous,96,64,6144,51,1.0000,13800,403400,409300,411096.1,426800,433700,6303.4,423100,424923.5,14.316
scatter,virtual,warm,contiguous,96,128,12288,51,1.0000,13000,632800,639700,642980.4,657600,682200,9576.3,652800,656119.6,18.319
scatter,physical,warm,contiguous,96,128,12288,51,1.0000,14000,625700,631800,633784.3,645200,692100,10915.1,645900,647876.5,18.548
scatter,virtual,warm,contiguous,96,256,24576,51,1.0000,13100,1039800,1048700,1052856.9,1096000,1123200,16585.8,1061700,1066015.7,22.349
scatter,physical,warm,contiguous,96,256,24576,51,1.0000,14000,1032900,1038900,1046623.5,1098500,1110900,19529.3,1053000,1060666.7,22.560
scatter,virtual,warm,contiguous,96,512,49152,51,1.0000,13100,1693700,1709600,1716984.3,1768200,1793000,19610.2,1722800,1730117.6,27.419
scatter,physical,warm,contiguous,96,512,49152,51,1.0000,14000,1689000,1699600,1704311.8,1731200,1774200,14997.9,1713500,1718325.5,27.580
scatter,virtual,warm,contiguous,96,768,73728,51,1.0000,13200,2351100,2376100,2384039.2,2450100,2576900,36414.0,2390300,2397366.7,29.592
scatter,physical,warm,contiguous,96,768,73728,51,1.0000,14100,2345900,2358200,2362551.0,2393900,2412500,13571.1,2372200,2377135.3,29.816
scatter,virtual,warm,contiguous,96,1024,98304,51,1.0000,13000,3005600,3032900,3040764.7,3107700,3164800,29018.4,3046000,3054000.0,30.911
scatter,physical,warm,contiguous,96,1024,98304,51,1.0000,14100,3004800,3019400,3024574.5,3053800,3117600,18697.8,3033600,3038717.6,31.049
scatter,virtual,warm,contiguous,96,2048,196608,51,1.0000,12500,42900,43100,43694.1,45100,54900,2283.9,55600,56205.9,4350.348
scatter,physical,warm,contiguous,96,2048,196608,51,1.0000,12600,33500,33700,34119.6,34600,51400,2487.4,46300,46966.7,5563.798
scatter,virtual,warm,contiguous,96,4096,393216,51,1.0000,11700,32000,32300,32321.6,32400,34300,350.0,43900,44098.0,11609.907
scatter,physical,warm,contiguous,96,4096,393216,51,1.0000,12200,24100,24200,25421.6,36600,44200,4280.1,36400,37711.8,15495.868
scatter_page,virtual,warm,contiguous,96,4096,393216,51,1.0000,12300,33000,33300,33360.8,33600,34500,201.1,45600,45751.0,11261.261
scalar,virtual,warm,contiguous,96,4096,393216,51,1.0000,0,68600,69000,69456.9,72400,80600,1800.6,69000,69456.9,5434.783
scatter,virtual,warm,contiguous,128,8,1024,51,1.0000,17400,510800,516100,568284.3,765200,852000,95379.9,533700,585649.0,1.892
scatter,physical,warm,contiguous,128,8,1024,51,1.0000,17800,499000,503800,504360.8,512100,514100,2898.3,521600,522184.3,1.938
scatter_page,virtual,warm,contiguous,128,8,1024,51,1.0000,16700,48100,48400,48721.6,50500,55600,1270.2,65100,65419.6,20.177
scalar,virtual,warm,contiguous,128,8,1024,51,1.0000,0,77300,79800,81649.0,102000,108400,7126.7,79800,81649.0,12.238
scatter,virtual,warm,contiguous,128,16,2048,51,1.0000,17500,511300,516000,516321.6,519200,534800,3752.1,533600,533841.2,3.785
scatter,physical,warm,contiguous,128,16,2048,51,1.0000,18000,500600,505100,505537.3,508800,521500,3570.3,523200,523580.4,3.867
scatter,virtual,warm,contiguous,128,32,4096,51,1.0000,17600,510300,516100,516356.9,523000,538600,4246.6,533700,534047.1,7.569
scatter,physical,warm,contiguous,128,32,4096,51,1.0000,17800,498700,504300,505782.4,516100,545500,7070.6,522100,523692.2,7.746
scatter,virtual,warm,contiguous,128,64,8192,51,1.0000,17600,516200,521500,522382.4,528700,560300,6197.9,538900,540031.4,14.981
scatter,physical,warm,contiguous,128,64,8192,51,1.0000,17700,504800,510100,511162.7,520100,530100,4494.6,527900,529115.7,15.316
scatter,virtual,warm,contiguous,128,128,16384,51,1.0000,17600,993300,1001200,1005794.1,1044600,1101700,19860.0,1018800,1023437.3,15.606
scatter,physical,warm,contiguous,128,128,16384,51,1.0000,18100,984700,990100,998527.5,1043800,1153600,26908.2,1008200,1016617.6,15.781
scatter,virtual,warm,contiguous,128,256,32768,51,1.0000,17700,1364800,1373600,1380768.6,1431400,1471700,20492.6,1391200,1398727.5,22.750
scatter,physical,warm,contiguous,128,256,32768,51,1.0000,18200,1354500,1363400,1368368.6,1409600,1412400,15238.9,1381600,1387064.7,22.921
scatter,virtual,warm,contiguous,128,512,65536,51,1.0000,17600,2306700,2319100,2323741.2,2368000,2417100,18806.9,2337100,2341672.5,26.950
scatter,physical,warm,contiguous,128,512,65536,51,1.0000,18200,2292500,2308400,2311243.1,2330400,2369800,12856.1,2326500,2329498.0,27.075
scatter,virtual,warm,contiguous,128,768,98304,51,1.0000,17700,3105300,3126700,3127852.9,3158100,3187200,16561.0,3144400,3145551.0,29.984
scatter,physical,warm,contiguous,128,768,98304,51,1.0000,18200,3092100,3116600,3117621.6,3138200,3171300,12173.6,3135000,3135835.3,30.081
scatter,virtual,warm,contiguous,128,1024,131072,51,1.0000,17800,3926400,3945200,3952066.7,3998000,4058700,23370.7,3963100,3969888.2,31.684
scatter,physical,warm,contiguous,128,1024,131072,51,1.0000,18200,3920600,3940100,3945672.5,3999900,4067200,24310.5,3958400,3964013.7,31.725
scatter,virtual,warm,contiguous,128,2048,262144,51,1.0000,16300,56300,56500,57358.8,62300,78900,3426.2,72800,74062.7,4424.779
scatter,physical,warm,contiguous,128,2048,262144,51,1.0000,16800,45600,46800,46464.7,47400,49200,738.1,63700,63782.4,5341.880
scatter,virtual,warm,contiguous,128,4096,524288,51,1.0000,16900,44600,44800,44917.6,46100,47200,463.3,61700,61847.1,11160.714
scatter,physical,warm,contiguous,128,4096,524288,51,1.0000,16300,32900,33100,33543.1,34800,50800,2511.4,49400,50494.1,15105.740
scatter_page,virtual,warm,contiguous,128,4096,524288,51,1.0000,16200,44100,44400,44682.4,45900,53900,1383.9,60600,61115.7,11261.261
scalar,virtual,warm,contiguous,128,4096,524288,51,1.0000,0,89400,92500,93158.8,103100,114300,4125.2,92500,93158.8,5405.405
scatter,virtual,warm,contiguous,192,8,1536,51,1.0000,26300,678100,687900,783688.2,1022600,1105800,140196.3,714300,809868.6,2.129
scatter,physical,warm,contiguous,192,8,1536,51,1.0000,26600,663300,669600,671141.2,683400,720600,8580.9,696300,698500.0,2.188
scatter,virtual,warm,contiguous,192,16,3072,51,1.0000,25300,681600,685900,689923.5,708000,780600,15323.3,711400,715249.0,4.271
scatter,physical,warm,contiguous,192,16,3072,51,1.0000,26800,664800,670200,670935.3,680900,685800,4208.1,697000,698002.0,4.371
scatter,virtual,warm,contiguous,192,32,6144,51,1.0000,25400,683000,690100,690664.7,699900,701600,3592.2,715800,716378.4,8.491
scatter,physical,warm,contiguous,192,32,6144,51,1.0000,26500,667700,676000,677400.0,692700,700000,6108.6,702600,704039.2,8.668
scatter,virtual,warm,contiguous,192,64,12288,51,1.0000,25300,703900,710400,711323.5,722300,728700,5239.9,735700,736756.9,16.496
scatter,physical,warm,contiguous,192,64,12288,51,1.0000,26700,687900,696200,699111.8,714100,781100,12911.6,722900,725851.0,16.832
scatter,virtual,warm,contiguous,192,128,24576,51,1.0000,25400,1382000,1392200,1405454.9,1446100,1573700,31860.0,1417700,1431698.0,16.835
scatter,physical,warm,contiguous,192,128,24576,51,1.0000,27000,1365900,1376000,1377286.3,1391500,1416200,8378.7,1403500,1404633.3,17.033
scatter,virtual,warm,contiguous,192,256,49152,51,1.0000,25300,1972300,1983700,1986829.4,2006000,2060700,14683.2,2009300,2012302.0,23.630
scatter,physical,warm,contiguous,192,256,49152,51,1.0000,27100,1961300,1970300,1976468.6,2018100,2095200,22080.7,1997500,2003980.4,23.791
scatter,virtual,warm,contiguous,192,512,98304,51,1.0000,25500,3290800,3306100,3377278.4,3601100,5928200,370564.6,3331700,3403284.3,28.357
scatter,physical,warm,contiguous,192,512,98304,51,1.0000,27200,3273800,3292600,3525035.3,5948100,6945100,801402.2,3319700,3552300.0,28.473
scatter,virtual,warm,contiguous,192,768,147456,51,1.0000,25500,4607600,4638400,4892751.0,7278600,8524500,818049.5,4664000,4918394.1,30.318
scatter,physical,warm,contiguous,192,768,147456,51,1.0000,27300,4592500,4611900,4881941.2,7466300,8786600,929864.0,4639100,4909243.1,30.492
scatter,virtual,warm,contiguous,192,1024,196608,51,1.0000,25700,5867000,5888800,6106545.1,8588300,8633800,731911.8,5915000,6132329.4,31.840
scatter,physical,warm,contiguous,192,1024,196608,51,1.0000,27300,5841900,5876100,6321809.8,8638200,10783300,1101609.5,5903400,6349154.9,31.909
scatter,virtual,warm,contiguous,192,2048,393216,51,1.0000,24000,83600,85800,87000.0,90500,125500,7471.3,109800,111219.6,4370.629
scatter,physical,warm,contiguous,192,2048,393216,51,1.0000,25100,68500,70400,71070.6,76700,93900,3746.7,95600,96798.0,5326.705
scatter,virtual,warm,contiguous,192,4096,786432,51,1.0000,24300,66200,67900,68541.2,72100,80100,2250.0,92100,93254.9,11045.655
scatter,physical,warm,contiguous,192,4096,786432,51,1.0000,25100,50500,51700,53174.5,64200,87800,6684.7,76800,78417.6,14506.770
scatter,virtual,warm,contiguous,256,8,2048,51,1.0000,107800,1316600,1361700,1443586.3,1765100,1882000,159881.3,1479000,1553539.2,1.434
scatter,physical,warm,contiguous,256,8,2048,51,1.0000,116600,1281200,1334800,1366968.6,1606500,1669500,94198.5,1449000,1484356.9,1.463
scatter,virtual,warm,contiguous,256,16,4096,51,1.0000,105000,1298000,1368400,1399456.9,1588000,1624400,86236.7,1478300,1507482.4,2.855
scatter,physical,warm,contiguous,256,16,4096,51,1.0000,116400,1293000,1346400,1404774.5,1617800,1700900,115485.8,1468200,1522549.0,2.901
scatter,virtual,warm,contiguous,256,32,8192,51,1.0000,109300,1306400,1354400,1358176.5,1421900,1488600,33960.8,1464000,1468625.5,5.768
scatter,physical,warm,contiguous,256,32,8192,51,1.0000,117500,1291100,1346800,1366380.4,1600600,1635800,75388.1,1462400,1484294.1,5.801
scatter,virtual,warm,contiguous,256,64,16384,51,1.0000,106200,1295500,1399500,1464651.0,1648500,1688500,126479.5,1511200,1571402.0,11.165
scatter,physical,warm,contiguous,256,64,16384,51,1.0000,117900,1287600,1341800,1347641.2,1399500,1586100,45415.3,1462100,1466545.1,11.645
scatter,virtual,warm,contiguous,256,128,32768,51,1.0000,105200,2011700,2098200,2097615.7,2180600,2199700,49490.3,2204900,2201731.4,14.894
scatter,physical,warm,contiguous,256,128,32768,51,1.0000,118300,2013800,2093200,2098317.6,2153000,2516800,71060.3,2209000,2215582.4,14.929
scatter,virtual,warm,contiguous,256,256,65536,51,1.0000,96900,2812800,2869900,2935102.0,2954400,5487400,369771.4,2968800,3031629.4,21.778
scatter,physical,warm,contiguous,256,256,65536,51,1.0000,109200,2811500,2858100,2859911.8,2918400,2943900,31422.3,2965400,2968266.7,21.868
scatter,virtual,warm,contiguous,256,512,131072,51,1.0000,89600,4620200,4686700,5063725.5,7358500,7435700,925235.7,4779500,5154890.2,26.671
scatter,physical,warm,contiguous,256,512,131072,51,1.0000,104800,4625700,4679100,5156429.4,7445200,7537000,1046132.5,4784000,5261700.0,26.715
scatter,virtual,warm,contiguous,256,768,196608,51,1.0000,86100,6359900,6419300,6740480.4,9205200,11422500,1003914.2,6504900,6827321.6,29.209
scatter,physical,warm,contiguous,256,768,196608,51,1.0000,100400,6377800,6424900,6920382.4,9108500,9216300,1014315.0,6529400,7022129.4,29.183
scatter,virtual,warm,contiguous,256,1024,262144,51,1.0000,86400,7946600,8028800,8838027.5,11140100,13000400,1384501.3,8118400,8925929.4,31.138
scatter,physical,warm,contiguous,256,1024,262144,51,1.0000,98500,7921200,7997300,8694551.0,10938200,10992800,1186756.5,8094000,8794290.2,31.261
scatter,virtual,warm,contiguous,256,2048,524288,51,1.0000,76400,247900,260500,267615.7,315600,331700,18685.2,338100,344386.3,1919.386
scatter,physical,warm,contiguous,256,2048,524288,51,1.0000,90100,234300,247900,250784.3,278300,310600,12419.6,338500,342878.4,2016.942
scatter,virtual,warm,contiguous,256,4096,1048576,51,1.0000,32100,89300,91700,92215.7,102100,112800,4186.5,123800,124352.9,10905.125
scatter,physical,warm,contiguous,256,4096,1048576,51,1.0000,34400,68000,70000,71102.0,81100,97400,4746.3,104500,105502.0,14285.714
scatter,virtual,warm,contiguous,384,8,3072,51,1.0000,163600,1780200,1871200,2070017.6,2696400,2804100,322308.3,2040100,2234423.5,1.566
scatter,physical,warm,contiguous,384,8,3072,51,1.0000,157600,1764600,1803100,1810707.8,1859700,1894000,28012.9,1964300,1970217.6,1.625
scatter,virtual,warm,contiguous,384,16,6144,51,1.0000,157800,1727000,1845600,1846674.5,1911100,1929300,38872.1,2003500,2007290.2,3.175
scatter,physical,warm,contiguous,384,16,6144,51,1.0000,165300,1738700,1813400,1817807.8,1883400,1891600,35095.7,1978300,1983390.2,3.231
scatter,virtual,warm,contiguous,384,32,12288,51,1.0000,160200,1789000,1843300,1844549.0,1907400,1926800,31050.5,2003300,2007625.5,6.357
scatter,physical,warm,contiguous,384,32,12288,51,1.0000,166500,1765000,1828900,1832647.1,1907400,1972800,42716.4,1989500,1999268.6,6.408
scatter,virtual,warm,contiguous,384,64,24576,51,1.0000,162400,1804900,1874300,2109737.3,4496800,4973800,749975.4,2039100,2273025.5,12.505
scatter,physical,warm,contiguous,384,64,24576,51,1.0000,164800,1739900,1841500,1843998.0,1917900,1976500,43806.4,2003200,2009276.5,12.727
scatter,virtual,warm,contiguous,384,128,49152,51,1.0000,156100,3014200,3084500,3207668.6,3267000,5891600,541815.2,3239000,3365264.7,15.197
scatter,physical,warm,contiguous,384,128,49152,51,1.0000,160300,2920900,3050000,3115225.5,3272800,5753100,386026.9,3217800,3275968.6,15.369
scatter,virtual,warm,contiguous,384,256,98304,51,1.0000,141900,4262500,4338300,4500003.9,6949900,7063000,631140.1,4482400,4641272.5,21.610
scatter,physical,warm,contiguous,384,256,98304,51,1.0000,151500,4227100,4294500,4568054.9,7067600,7089800,825013.1,4446700,4719292.2,21.830
scatter,virtual,warm,contiguous,384,512,196608,51,1.0000,141200,6776100,6949600,7773770.6,9668100,12068600,1341390.1,7094700,7916366.7,26.980
scatter,physical,warm,contiguous,384,512,196608,51,1.0000,145000,6738900,7144800,8210309.8,11731300,11818400,1578228.7,7290600,8355821.6,26.243
scatter,virtual,warm,contiguous,384,768,294912,51,1.0000,129800,9323200,9425100,10377388.2,12311200,12659400,1310946.5,9556400,10507841.2,29.841
scatter,physical,warm,contiguous,384,768,294912,51,1.0000,142500,9301600,9390200,10456364.7,12890300,14245500,1515421.9,9553800,10600417.6,29.951
scatter,virtual,warm,contiguous,384,1024,393216,51,1.0000,125100,11897100,14607100,14021756.9,16802500,17021100,1519874.3,14731600,14147631.4,25.672
scatter,physical,warm,contiguous,384,1024,393216,51,1.0000,137900,11839600,14597800,14038784.3,15939600,18337000,1484969.5,14732900,14178058.8,25.689
scatter,virtual,warm,contiguous,384,2048,786432,51,1.0000,114100,374400,401100,405482.4,440500,482900,18896.7,515100,522147.1,1869.858
scatter,physical,warm,contiguous,384,2048,786432,51,1.0000,124100,339400,359400,366182.4,396600,422600,16731.7,486700,494676.5,2086.811
scatter,virtual,warm,contiguous,384,4096,1572864,51,1.0000,49000,135000,136500,138294.1,144800,155800,3977.0,185300,188719.6,10989.011
scatter,physical,warm,contiguous,384,4096,1572864,51,1.0000,48500,103000,104600,106019.6,118200,127300,4553.0,153100,156231.4,14340.344
scatter,virtual,warm,contiguous,512,8,4096,51,1.0000,216900,2427500,2511700,2769633.3,3714100,5098400,511501.9,2739800,2989264.7,1.555
scatter,physical,warm,contiguous,512,8,4096,51,1.0000,214600,2380400,3123100,2940384.3,3342900,5944500,565952.6,3337300,3158870.6,1.251
scatter,virtual,warm,contiguous,512,16,8192,51,1.0000,214700,2442800,2506800,2662225.5,5101300,5233800,630776.2,2724600,2877003.9,3.117
scatter,physical,warm,contiguous,512,16,8192,51,1.0000,216700,2351000,2457600,2507002.0,2583600,5032100,364845.4,2673500,2724482.4,3.179
scatter,virtual,warm,contiguous,512,32,16384,51,1.0000,213800,2434200,2516100,2623329.4,2963500,5284300,529406.2,2728500,2840337.3,6.210
scatter,physical,warm,contiguous,512,32,16384,51,1.0000,218900,2388300,2467200,2648251.0,5100700,5171700,636640.8,2687300,2866496.1,6.333
scatter,virtual,warm,contiguous,512,64,32768,51,1.0000,217300,2421900,2525700,2773288.2,5166300,5444500,745392.8,2752000,2994007.8,12.373
scatter,physical,warm,contiguous,512,64,32768,51,1.0000,216600,2371600,2483500,2552194.1,2781100,5106600,375156.5,2697700,2768351.0,12.583
scatter,virtual,warm,contiguous,512,128,65536,51,1.0000,214500,4075100,4325800,4920021.6,7132100,7615400,1154395.5,4544200,5146488.2,14.448
scatter,physical,warm,contiguous,512,128,65536,51,1.0000,213200,3999900,4188600,4716954.9,6938200,8169400,1150284.6,4399200,4930731.4,14.921
scatter,virtual,warm,contiguous,512,256,131072,51,1.0000,189300,5589300,5690100,6436896.1,8598400,10657300,1383613.9,5877500,6625903.9,21.968
scatter,physical,warm,contiguous,512,256,131072,51,1.0000,192400,5540300,5682800,6411327.5,8444100,8637400,1220407.7,5888200,6604666.7,21.996
scatter,virtual,warm,contiguous,512,512,262144,51,1.0000,177100,8979900,11743700,11119690.2,12258500,12409900,1259527.9,11913700,11298213.7,21.288
scatter,physical,warm,contiguous,512,512,262144,51,1.0000,185200,8929800,11578900,10474147.1,12012000,12303100,1361696.1,11759600,10658952.9,21.591
scatter,virtual,warm,contiguous,512,768,393216,51,1.0000,170400,12234300,15031000,14964525.5,16057400,22500700,1459030.1,15200400,15135235.3,24.948
scatter,physical,warm,contiguous,512,768,393216,51,1.0000,173000,12323700,15123900,15141545.1,17179200,17524900,789882.6,15294900,15316562.7,24.795
scatter,virtual,warm,contiguous,512,1024,524288,51,1.0000,164000,15544800,18465200,18573870.6,20748700,21172100,907204.8,18629700,18739915.7,27.078
scatter,physical,warm,contiguous,512,1024,524288,51,1.0000,172700,15566800,18492800,18533268.6,20607500,21320000,1014175.0,18663400,18709321.6,27.038
scatter,virtual,warm,contiguous,512,2048,1048576,51,1.0000,149500,519100,545400,568547.1,691100,738600,50973.9,699800,720862.7,1833.517
scatter,physical,warm,contiguous,512,2048,1048576,51,1.0000,154700,478500,494900,517558.8,610100,628300,42573.8,655200,680239.2,2020.610
scatter,virtual,warm,contiguous,512,4096,2097152,51,1.0000,66200,181900,184200,193366.7,250500,308200,23471.9,250400,261896.1,10857.763
scatter,physical,warm,contiguous,512,4096,2097152,51,1.0000,64900,139400,141000,146509.8,176300,241500,17691.0,206000,213064.7,14184.397
scatter,virtual,warm,scattered,1,8,8,51,1.0000,1000,157200,166400,167284.3,175500,195300,4865.6,167400,168366.7,0.046
scatter,physical,warm,scattered,1,8,8,51,1.0000,1000,155600,166400,166254.9,167900,170200,1824.8,167400,167315.7,0.046
scatter_page,virtual,warm,scattered,1,8,8,51,1.0000,200,500,600,576.5,700,1300,117.6,800,813.7,12.716
scatter,virtual,warm,scattered,1,16,16,51,1.0000,900,160000,166400,166319.6,167800,172800,1625.3,167300,167243.1,0.092
scatter,physical,warm,scattered,1,16,16,51,1.0000,1100,161600,166400,166558.8,170200,173600,1682.5,167500,167637.3,0.092
scatter,virtual,warm,scattered,1,32,32,51,1.0000,900,156400,166500,166617.6,167700,189700,3833.2,167400,167535.3,0.183
scatter,physical,warm,scattered,1,32,32,51,1.0000,1100,156600,166000,166294.1,168800,176900,2429.6,167100,167370.6,0.184
scatter,virtual,warm,scattered,1,64,64,51,1.0000,900,121900,166400,165878.4,168100,177400,6703.4,167300,166786.3,0.367
scatter,physical,warm,scattered,1,64,64,51,1.0000,1100,159000,166400,177780.4,173400,728500,78703.0,167500,178868.6,0.367
scatter,virtual,warm,scattered,1,128,128,51,1.0000,900,158700,166500,166392.2,167400,167900,1194.5,167400,167311.8,0.733
scatter,physical,warm,scattered,1,128,128,51,1.0000,1100,156800,166200,166317.6,170300,176200,2224.6,167200,167411.8,0.734
scatter,virtual,warm,scattered,1,256,256,51,1.0000,900,157700,166400,166584.3,171500,175600,2524.2,167300,167502.0,1.467
scatter,physical,warm,scattered,1,256,256,51,1.0000,1000,165600,166400,166454.9,167400,168200,513.2,167400,167498.0,1.467
scatter,virtual,warm,scattered,1,512,512,51,1.0000,900,164900,166400,166723.5,169200,174600,1540.7,167300,167647.1,2.934
scatter,physical,warm,scattered,1,512,512,51,1.0000,1100,160000,166200,166243.1,167500,172000,1362.2,167200,167307.8,2.938
scatter,virtual,warm,scattered,1,768,768,51,1.0000,900,158200,166700,166843.1,172600,175300,2306.4,167600,167764.7,4.394
scatter,physical,warm,scattered,1,768,768,51,1.0000,1100,159600,166300,166384.3,167500,175200,1650.7,167300,167443.1,4.404
scatter,virtual,warm,scattered,1,1024,1024,51,1.0000,900,160200,166600,167182.4,173400,183600,2936.3,167600,168094.1,5.862
scatter,physical,warm,scattered,1,1024,1024,51,1.0000,1100,161500,166400,166386.3,167800,171000,1229.5,167400,167454.9,5.869
scatter,virtual,warm,scattered,1,2048,2048,51,1.0000,200,500,600,633.3,800,1200,108.9,800,872.5,3255.208
scatter,physical,warm,scattered,1,2048,2048,51,1.0000,400,300,400,445.1,800,2300,292.1,800,876.5,4882.812
scatter,virtual,warm,scattered,1,4096,4096,51,1.0000,200,500,500,527.5,600,1100,102.1,700,760.8,7812.500
scatter,physical,warm,scattered,1,4096,4096,51,1.0000,400,200,300,337.3,600,800,119.9,700,741.2,13020.833
scatter_page,virtual,warm,scattered,1,4096,4096,51,1.0000,200,500,500,535.3,600,1100,97.6,700,762.7,7812.500
scatter,virtual,warm,scattered,2,8,16,51,1.0000,1100,165500,166400,166613.7,168800,170600,1046.5,167600,167778.4,0.092
scatter,physical,warm,scattered,2,8,16,51,1.0000,1200,157200,166400,167125.5,176800,193600,5524.2,167600,168360.8,0.092
scatter_page,virtual,warm,scattered,2,8,16,51,1.0000,400,800,900,923.5,1200,1700,138.0,1300,1303.9,16.954
scatter,virtual,warm,scattered,2,16,32,51,1.0000,1100,165200,166300,166417.6,168000,168900,664.1,167500,167558.8,0.184
scatter,physical,warm,scattered,2,16,32,51,1.0000,1200,156500,166100,166437.3,171200,179200,2580.0,167300,167654.9,0.184
scatter,virtual,warm,scattered,2,32,64,51,1.0000,1100,157800,166500,167852.9,170800,237300,10203.5,167600,169021.6,0.367
scatter,physical,warm,scattered,2,32,64,51,1.0000,1200,134300,166300,165384.3,167300,167600,4775.2,167500,166623.5,0.367
scatter,virtual,warm,scattered,2,64,128,51,1.0000,1200,166100,166600,166864.7,168500,174100,1181.8,167700,168033.3,0.733
scatter,physical,warm,scattered,2,64,128,51,1.0000,1200,159500,166300,166531.4,167800,183900,2786.0,167500,167747.1,0.734
scatter,virtual,warm,scattered,2,128,256,51,1.0000,1200,160000,166300,166352.9,167700,174600,1597.0,167400,167521.6,1.468
scatter,physical,warm,scattered,2,128,256,51,1.0000,1200,162300,166300,166251.0,167300,167900,809.5,167500,167466.7,1.468
scatter,virtual,warm,scattered,2,256,512,51,1.0000,1200,158700,166200,166221.6,167600,169900,1308.3,167400,167400.0,2.938
scatter,physical,warm,scattered,2,256,512,51,1.0000,1200,159200,166400,166284.3,167900,172000,1652.0,167600,167492.2,2.934
scatter,virtual,warm,scattered,2,512,1024,51,1.0000,1200,165300,166500,166735.3,168500,173200,1372.1,167600,167894.1,5.865
scatter,physical,warm,scattered,2,512,1024,51,1.0000,1200,164600,166500,166743.1,168400,172600,1365.3,167700,167970.6,5.865
scatter,virtual,warm,scattered,2,768,1536,51,1.0000,1200,159600,166400,166886.3,173300,180500,3186.0,167600,168049.0,8.803
scatter,physical,warm,scattered,2,768,1536,51,1.0000,1200,160700,166400,166576.5,169400,176800,1931.3,167600,167833.3,8.803
scatter,virtual,warm,scattered,2,1024,2048,51,1.0000,1200,160700,166700,167803.9,168900,223700,8129.9,167900,168974.5,11.716
scatter,physical,warm,scattered,2,1024,2048,51,1.0000,1200,161400,166600,166745.1,169300,170100,1232.6,167900,167956.9,11.723
scatter,virtual,warm,scattered,2,2048,4096,51,1.0000,400,900,900,962.7,1000,1600,109.5,1300,1333.3,4340.278
scatter,physical,warm,scattered,2,2048,4096,51,1.0000,400,500,600,566.7,600,900,84.1,1000,1025.5,6510.417
scatter,virtual,warm,scattered,2,4096,8192,51,1.0000,400,700,800,829.4,1100,1600,134.6,1200,1223.5,9765.625
scatter,physical,warm,scattered,2,4096,8192,51,1.0000,400,400,400,447.1,700,800,85.7,800,878.4,19531.250
scatter_page,virtual,warm,scattered,2,4096,8192,51,1.0000,400,700,800,831.4,900,1600,130.4,1200,1219.6,9765.625
scatter,virtual,warm,scattered,4,8,32,51,1.0000,1800,142900,165800,169213.7,174100,338500,24488.6,167600,171064.7,0.184
scatter,physical,warm,scattered,4,8,32,51,1.0000,1800,160900,165800,166686.3,170600,195000,4480.8,167700,168537.3,0.184
scatter_page,virtual,warm,scattered,4,8,32,51,1.0000,700,1600,1700,1684.3,1700,2600,152.8,2300,2388.2,17.952
scatter,virtual,warm,scattered,4,16,64,51,1.0000,1800,162100,166100,166700.0,171500,180500,2563.7,167900,168527.5,0.367
scatter,physical,warm,scattered,4,16,64,51,1.0000,1800,162800,166000,165992.2,167000,168700,783.0,167800,167878.4,0.368
scatter,virtual,warm,scattered,4,32,128,51,1.0000,1800,160900,166100,166149.0,167700,169500,1340.4,167900,167954.9,0.735
scatter,physical,warm,scattered,4,32,128,51,1.0000,1800,159600,165800,165841.2,167700,169800,1350.0,167600,167668.6,0.736
scatter,virtual,warm,scattered,4,64,256,51,1.0000,1800,162000,166300,166335.3,168300,170300,1281.8,168100,168156.9,1.468
scatter,physical,warm,scattered,4,64,256,51,1.0000,1800,160900,166100,166080.4,166800,174400,1481.8,167900,167921.6,1.470
scatter,virtual,warm,scattered,4,128,512,51,1.0000,1800,164800,166100,166162.7,167100,167900,590.9,167900,167954.9,2.940
scatter,physical,warm,scattered,4,128,512,51,1.0000,1800,159600,166000,168607.8,197500,215500,10178.7,167900,171274.5,2.941
scatter,virtual,warm,scattered,4,256,1024,51,1.0000,1800,162700,166300,167866.7,168900,241300,10565.4,168100,169658.8,5.872
scatter,physical,warm,scattered,4,256,1024,51,1.0000,1800,161000,165900,166494.1,172900,184100,3426.3,167700,168358.8,5.886
scatter,virtual,warm,scattered,4,512,2048,51,1.0000,1800,163800,166300,166372.5,168000,171000,1142.6,168100,168182.4,11.745
scatter,physical,warm,scattered,4,512,2048,51,1.0000,1800,162500,166200,166651.0,169500,178400,2283.7,168100,168541.2,11.752
scatter,virtual,warm,scattered,4,768,3072,51,1.0000,1800,165000,166300,166474.5,167400,173000,1224.7,168100,168272.5,17.617
scatter,physical,warm,scattered,4,768,3072,51,1.0000,1800,164300,166200,166449.0,167500,172200,1173.9,168100,168292.2,17.627
scatter,virtual,warm,scattered,4,1024,4096,51,1.0000,1800,226100,228900,229235.3,233400,240500,2342.2,230600,231027.5,17.065
scatter,physical,warm,scattered,4,1024,4096,51,1.0000,1800,226900,228800,230054.9,235300,273600,7050.5,230600,231894.1,17.073
scatter,virtual,warm,scattered,4,2048,8192,51,1.0000,700,1700,1800,1786.3,1900,2600,137.1,2400,2507.8,4340.278
scatter,physical,warm,scattered,4,2048,8192,51,1.0000,800,1100,1200,1180.4,1300,1700,91.7,1900,1954.9,6510.417
scatter,virtual,warm,scattered,4,4096,16384,51,1.0000,600,1300,1300,1372.5,1500,2200,145.7,2000,2013.7,12019.231
scatter,physical,warm,scattered,4,4096,16384,51,1.0000,700,800,800,827.5,900,1100,66.6,1500,1523.5,19531.250
scatter_page,virtual,warm,scattered,4,4096,16384,51,1.0000,600,1300,1300,1345.1,1500,2100,128.6,1900,1960.8,12019.231
scatter,virtual,warm,scattered,8,8,64,51,1.0000,2300,164500,166000,166860.8,167700,194900,4382.2,168300,169174.5,0.368
scatter,physical,warm,scattered,8,8,64,51,1.0000,2300,164800,166200,166462.7,168900,171200,1276.1,168500,168813.7,0.367
scatter_page,virtual,warm,scattered,8,8,64,51,1.0000,1200,2800,2800,2886.3,3000,3900,205.9,4000,4105.9,21.798
scatter,virtual,warm,scattered,8,16,128,51,1.0000,2300,162900,166000,166364.7,168000,177900,2359.6,168300,168672.5,0.735
scatter,physical,warm,scattered,8,16,128,51,1.0000,2300,162400,166000,167413.7,167900,231200,9265.5,168300,169754.9,0.735
scatter,virtual,warm,scattered,8,32,256,51,1.0000,2300,164600,166100,166570.6,172600,179400,2551.9,168400,168935.3,1.470
scatter,physical,warm,scattered,8,32,256,51,1.0000,2300,163300,165800,168229.4,175000,248800,11823.4,168100,170584.3,1.473
scatter,virtual,warm,scattered,8,64,512,51,1.0000,2300,164400,166100,166394.1,167800,177700,1857.8,168400,168719.6,2.940
scatter,physical,warm,scattered,8,64,512,51,1.0000,2300,162900,165600,165729.4,167300,171200,1290.3,167900,168062.7,2.949
scatter,virtual,warm,scattered,8,128,1024,51,1.0000,2300,164900,166200,166578.4,168000,182000,2323.0,168500,168874.5,5.876
scatter,physical,warm,scattered,8,128,1024,51,1.0000,2300,164100,166000,166341.2,167700,178400,1959.7,168300,168692.2,5.883
scatter,virtual,warm,scattered,8,256,2048,51,1.0000,2300,164900,166800,167027.5,168000,185300,2748.4,169100,169358.8,11.709
scatter,physical,warm,scattered,8,256,2048,51,1.0000,2400,164600,167100,170325.5,185700,188700,6859.6,169500,172860.8,11.688
scatter,virtual,warm,scattered,8,512,4096,51,1.0000,2300,228100,231300,231413.7,233300,244800,2256.6,233700,233745.1,16.888
scatter,physical,warm,scattered,8,512,4096,51,1.0000,2300,227500,230100,230213.7,232500,240200,2003.9,232500,232552.9,16.976
scatter,virtual,warm,scattered,8,768,6144,51,1.0000,2300,231100,233100,233656.9,239900,245300,2623.0,235400,235984.3,25.137
scatter,physical,warm,scattered,8,768,6144,51,1.0000,2300,230100,233100,233300.0,234600,242800,1825.5,235400,235656.9,25.137
scatter,virtual,warm,scattered,8,1024,8192,51,1.0000,2300,295500,297800,300862.7,305400,413700,16377.4,300200,303194.1,26.234
scatter,physical,warm,scattered,8,1024,8192,51,1.0000,2300,293600,297300,298568.6,306800,310600,3526.7,299700,300917.6,26.278
scatter,virtual,warm,scattered,8,2048,16384,51,1.0000,1200,3200,3200,3256.9,3500,4200,160.3,4400,4502.0,4882.812
scatter,physical,warm,scattered,8,2048,16384,51,1.0000,1200,2300,2400,2380.4,2500,2900,104.0,3600,3662.7,6510.417
scatter,virtual,warm,scattered,8,4096,32768,51,1.0000,1100,2300,2400,2437.3,2800,3100,142.8,3500,3552.9,13020.833
scatter,physical,warm,scattered,8,4096,32768,51,1.0000,1100,1500,1600,1582.4,1600,1900,79.3,2700,2751.0,19531.250
scatter_page,virtual,warm,scattered,8,4096,32768,51,1.0000,1100,2300,2400,2449.0,2500,3100,133.2,3500,3556.9,13020.833
scatter,virtual,warm,scattered,12,8,96,51,1.0000,2800,165600,167500,167692.2,169000,177900,1659.5,170400,170564.7,0.547
scatter,physical,warm,scattered,12,8,96,51,1.0000,2900,164600,166100,166458.8,167300,186900,3015.4,169000,169331.4,0.551
scatter_page,virtual,warm,scattered,12,8,96,51,1.0000,1700,4000,4000,4082.4,4200,5400,200.7,5700,5796.1,22.888
scatter,virtual,warm,scattered,12,16,192,51,1.0000,2900,166100,167700,168105.9,172300,175900,1733.3,170600,171015.7,1.092
scatter,physical,warm,scattered,12,16,192,51,1.0000,2900,164800,166300,166392.2,167200,175100,1441.6,169200,169280.4,1.101
scatter,virtual,warm,scattered,12,32,384,51,1.0000,2900,164500,167300,177970.6,184300,677200,71397.7,170200,180902.0,2.189
scatter,physical,warm,scattered,12,32,384,51,1.0000,2900,164500,166200,166833.3,171900,180300,2930.1,169200,169752.9,2.203
scatter,virtual,warm,scattered,12,64,768,51,1.0000,2900,166600,167800,167988.2,169000,179000,1721.7,170600,170880.4,4.365
scatter,physical,warm,scattered,12,64,768,51,1.0000,2900,164300,166100,166839.2,174200,186500,3421.2,168900,169747.1,4.410
scatter,virtual,warm,scattered,12,128,1536,51,1.0000,2900,168100,169500,169633.3,171000,172100,734.2,172400,172527.5,8.642
scatter,physical,warm,scattered,12,128,1536,51,1.0000,2900,166100,167600,168000.0,172500,179400,2202.1,170400,170949.0,8.740
scatter,virtual,warm,scattered,12,256,3072,51,1.0000,2900,230900,233000,234639.2,252900,261300,6014.7,236000,237627.5,12.574
scatter,physical,warm,scattered,12,256,3072,51,1.0000,2900,230600,232800,233260.8,235500,256600,3551.7,235800,236209.8,12.585
scatter,virtual,warm,scattered,12,512,6144,51,1.0000,2900,235400,238000,238956.9,246200,250600,3080.5,240900,241949.0,24.619
scatter,physical,warm,scattered,12,512,6144,51,1.0000,2900,233300,236300,237117.6,244200,257700,3896.3,239300,240056.9,24.796
scatter,virtual,warm,scattered,12,768,9216,51,1.0000,2900,300900,304300,304552.9,307500,315700,2480.5,307200,307462.7,28.883
scatter,physical,warm,scattered,12,768,9216,51,1.0000,2900,299200,302600,303162.7,307600,318900,3128.0,305500,306070.6,29.045
scatter,virtual,warm,scattered,12,1024,12288,51,1.0000,2900,376400,380000,380735.3,389600,390800,3371.1,383000,383658.8,30.839
scatter,physical,warm,scattered,12,1024,12288,51,1.0000,2900,375300,379000,379296.1,382700,388300,2337.3,381900,382203.9,30.920
scatter,virtual,warm,scattered,12,2048,24576,51,1.0000,1700,4500,4600,4692.2,4900,5800,199.8,6400,6451.0,5095.109
scatter,physical,warm,scattered,12,2048,24576,51,1.0000,1700,3300,3400,3433.3,3600,3900,97.3,5100,5203.9,6893.382
scatter,virtual,warm,scattered,12,4096,49152,51,1.0000,1600,3400,3500,3805.9,4800,8000,809.5,5000,5513.7,13392.857
scatter,physical,warm,scattered,12,4096,49152,51,1.0000,1600,2200,2300,2707.8,4500,8200,1029.3,4000,4900.0,20380.435
scatter_page,virtual,warm,scattered,12,4096,49152,51,1.0000,1500,3400,3500,3484.3,3500,4300,125.5,5000,5056.9,13392.857
scatter,virtual,warm,scattered,16,8,128,51,1.0000,3600,169200,171500,171774.5,174000,183400,1918.5,175100,175386.3,0.712
scatter,physical,warm,scattered,16,8,128,51,1.0000,3600,168000,169400,170574.5,180700,192100,4220.7,173000,174184.3,0.721
scatter_page,virtual,warm,scattered,16,8,128,51,1.0000,2300,5300,5500,5525.5,5900,7600,342.3,7700,7821.6,22.195
scatter,virtual,warm,scattered,16,16,256,51,1.0000,3600,168800,171000,171445.1,179000,182900,2941.0,174600,175025.5,1.428
scatter,physical,warm,scattered,16,16,256,51,1.0000,3600,166300,168600,168680.4,170000,170000,848.1,172400,172296.1,1.448
scatter,virtual,warm,scattered,16,32,512,51,1.0000,3500,167900,170200,170258.8,171500,183900,2148.4,173800,173802.0,2.869
scatter,physical,warm,scattered,16,32,512,51,1.0000,3500,166500,168100,168343.1,169800,177600,1839.3,171600,171921.6,2.905
scatter,virtual,warm,scattered,16,64,1024,51,1.0000,3500,169300,170500,170900.0,173500,179700,1879.5,174000,174456.9,5.728
scatter,physical,warm,scattered,16,64,1024,51,1.0000,3600,166400,168900,168988.2,170800,176100,1585.4,172500,172576.5,5.782
scatter,virtual,warm,scattered,16,128,2048,51,1.0000,3600,227800,233600,235566.7,248900,287300,8685.9,237200,239188.2,8.361
scatter,physical,warm,scattered,16,128,2048,51,1.0000,3700,229900,232200,233005.9,241500,247800,3292.6,236000,236709.8,8.411
scatter,virtual,warm,scattered,16,256,4096,51,1.0000,3600,235200,238400,239202.0,242100,264800,4383.0,242000,242849.0,16.385
scatter,physical,warm,scattered,16,256,4096,51,1.0000,3700,232900,236000,236349.0,239700,246700,2008.6,239600,240347.1,16.552
scatter,virtual,warm,scattered,16,512,8192,51,1.0000,3600,301000,304100,305060.8,314900,327100,4200.0,307600,308641.2,25.691
scatter,physical,warm,scattered,16,512,8192,51,1.0000,3700,299700,302500,302660.8,307000,309100,1884.4,306100,306323.5,25.826
scatter,virtual,warm,scattered,16,768,12288,51,1.0000,3700,377800,384000,385074.5,392800,396500,3775.0,387600,388723.5,30.518
scatter,physical,warm,scattered,16,768,12288,51,1.0000,3600,380200,383200,384388.2,392000,393900,3339.0,386800,388037.3,30.581
scatter,virtual,warm,scattered,16,1024,16384,51,1.0000,3600,461800,466100,466394.1,470500,476400,2822.1,469800,469988.2,33.523
scatter,physical,warm,scattered,16,1024,16384,51,1.0000,3600,460700,464800,466270.6,476700,482100,4534.3,468700,469935.3,33.617
scatter,virtual,warm,scattered,16,2048,32768,51,1.0000,2300,6000,6200,6390.2,7400,9600,593.7,8500,8794.1,5040.323
scatter,physical,warm,scattered,16,2048,32768,51,1.0000,2300,4400,4600,4602.0,4800,5200,143.5,6900,6992.2,6793.478
scatter,virtual,warm,scattered,16,4096,65536,51,1.0000,2100,4500,4600,4662.7,4900,5500,182.2,6700,6772.5,13586.957
scatter,physical,warm,scattered,16,4096,65536,51,1.0000,2100,3000,3100,3102.0,3300,3800,136.4,5200,5247.1,20161.290
scatter_page,virtual,warm,scattered,16,4096,65536,51,1.0000,2100,4500,4600,4621.6,4700,5300,148.7,6700,6725.5,13586.957
scatter,virtual,warm,scattered,20,8,160,51,1.0000,4100,172100,173800,174388.2,179400,181900,1867.5,177900,178505.9,0.878
scatter,physical,warm,scattered,20,8,160,51,1.0000,4200,169500,171700,172939.2,182600,197700,4475.4,175900,177174.5,0.889
scatter_page,virtual,warm,scattered,20,8,160,51,1.0000,2800,6500,6600,6625.5,6800,7800,196.8,9400,9492.2,23.119
scatter,virtual,warm,scattered,20,16,320,51,1.0000,4200,171600,173600,173751.0,175600,178600,1284.0,177800,177929.4,1.758
scatter,physical,warm,scattered,20,16,320,51,1.0000,4200,169600,171700,172156.9,175600,183000,2366.5,175800,176413.7,1.777
scatter,virtual,warm,scattered,20,32,640,51,1.0000,4100,171400,173200,174941.2,186800,199800,5573.0,177400,179190.2,3.524
scatter,physical,warm,scattered,20,32,640,51,1.0000,4200,166200,171600,171805.9,174200,183500,2157.5,175700,176049.0,3.557
scatter,virtual,warm,scattered,20,64,1280,51,1.0000,4100,171300,173800,175249.0,183300,221300,7031.2,177900,179407.8,7.024
scatter,physical,warm,scattered,20,64,1280,51,1.0000,4200,169800,171400,172072.5,173700,188100,3002.5,175500,176252.9,7.122
scatter,virtual,warm,scattered,20,128,2560,51,1.0000,4200,236700,238800,239070.6,240700,253500,2276.3,242900,243278.4,10.224
scatter,physical,warm,scattered,20,128,2560,51,1.0000,4200,233600,236000,236243.1,239500,243500,1758.8,240200,240511.8,10.345
scatter,virtual,warm,scattered,20,256,5120,51,1.0000,4300,239700,241900,242694.1,250900,254700,3159.5,246200,246992.2,20.185
scatter,physical,warm,scattered,20,256,5120,51,1.0000,4300,236800,239000,239411.8,241600,252400,2319.4,243300,243678.4,20.430
scatter,virtual,warm,scattered,20,512,10240,51,1.0000,4200,368000,378200,378239.2,381500,387900,2705.9,382400,382427.5,25.821
scatter,physical,warm,scattered,20,512,10240,51,1.0000,4300,370200,375800,376507.8,383500,393200,3898.0,380100,380803.9,25.986
scatter,virtual,warm,scattered,20,768,15360,51,1.0000,4200,458900,464800,465982.4,479300,484600,5010.4,469000,470194.1,31.516
scatter,physical,warm,scattered,20,768,15360,51,1.0000,4300,457300,462000,463998.0,473200,525700,9359.6,466300,468252.9,31.707
scatter,virtual,warm,scattered,20,1024,20480,51,1.0000,4200,547600,551500,552947.1,562600,593100,6624.4,555800,557182.4,35.415
scatter,physical,warm,scattered,20,1024,20480,51,1.0000,4200,545400,549500,549862.7,556500,559500,2830.5,553800,554109.8,35.544
scatter,virtual,warm,scattered,20,2048,40960,51,1.0000,2900,7600,7700,7780.4,8000,9200,235.0,10600,10670.6,5073.052
scatter,physical,warm,scattered,20,2048,40960,51,1.0000,2900,5800,5900,6086.3,7000,10600,694.6,8800,9341.2,6620.763
scatter,virtual,warm,scattered,20,4096,81920,51,1.0000,2500,5700,5800,5796.1,6000,6700,194.9,8300,8349.0,13469.828
scatter,physical,warm,scattered,20,4096,81920,51,1.0000,2600,3800,3900,3900.0,4000,4700,144.2,6500,6531.4,20032.051
scatter_page,virtual,warm,scattered,20,4096,81920,51,1.0000,2500,5700,5800,5792.2,6000,6500,157.3,8300,8341.2,13469.828
scatter,virtual,warm,scattered,24,8,192,51,1.0000,4600,175200,177000,177402.0,178700,197300,2954.1,181500,182027.5,1.034
scatter,physical,warm,scattered,24,8,192,51,1.0000,4600,172200,174400,175309.8,177100,206300,4651.2,179100,179978.4,1.050
scatter_page,virtual,warm,scattered,24,8,192,51,1.0000,3400,7800,7900,7956.9,8500,9700,282.3,11200,11352.9,23.178
scatter,virtual,warm,scattered,24,16,384,51,1.0000,4700,175000,177400,178384.3,186900,210800,5219.4,182100,183190.2,2.064
scatter,physical,warm,scattered,24,16,384,51,1.0000,4700,172300,174200,176617.6,181900,248600,10773.1,179000,181368.6,2.102
scatter,virtual,warm,scattered,24,32,768,51,1.0000,4600,174800,176500,176566.7,178000,178800,802.4,181100,181188.2,4.150
scatter,physical,warm,scattered,24,32,768,51,1.0000,4700,171100,173600,175352.9,183900,207400,5869.6,178300,180045.1,4.219
scatter,virtual,warm,scattered,24,64,1536,51,1.0000,4600,171200,176300,176402.0,177700,186000,1742.1,180900,181037.3,8.309
scatter,physical,warm,scattered,24,64,1536,51,1.0000,4600,172500,174800,175092.2,177500,187000,2082.0,179400,179764.7,8.380
scatter,virtual,warm,scattered,24,128,3072,51,1.0000,4800,239000,242100,242447.1,251100,255100,3107.2,246900,247227.5,12.101
scatter,physical,warm,scattered,24,128,3072,51,1.0000,4700,237400,239800,243633.3,255300,367500,18329.9,244600,248370.6,12.217
scatter,virtual,warm,scattered,24,256,6144,51,1.0000,4800,304400,308100,308766.7,318500,326100,4225.7,313000,313527.5,19.018
scatter,physical,warm,scattered,24,256,6144,51,1.0000,4800,302400,307200,325813.7,365700,366900,25507.2,312100,332200.0,19.073
scatter,virtual,warm,scattered,24,512,12288,51,1.0000,4800,386900,391300,394219.6,409300,460400,10933.5,396100,399037.3,29.948
scatter,physical,warm,scattered,24,512,12288,51,1.0000,4700,382600,388400,389603.9,397100,412200,4889.4,393000,394309.8,30.172
scatter,virtual,warm,scattered,24,768,18432,51,1.0000,4800,537800,543100,544529.4,555900,557300,4832.7,547900,549347.1,32.366
scatter,physical,warm,scattered,24,768,18432,51,1.0000,4700,535800,539900,541245.1,548800,583900,6916.8,544600,546021.6,32.558
scatter,virtual,warm,scattered,24,1024,24576,51,1.0000,4800,881900,886800,895452.9,944500,957700,20247.5,891500,900251.0,26.429
scatter,physical,warm,scattered,24,1024,24576,51,1.0000,4700,877600,884100,889051.0,930300,953700,15062.2,888900,893798.0,26.510
scatter,virtual,warm,scattered,24,2048,49152,51,1.0000,3400,9100,9300,9388.2,9700,11400,318.5,12700,12829.4,5040.323
scatter,physical,warm,scattered,24,2048,49152,51,1.0000,3400,7100,7300,7276.5,7400,8100,136.5,10700,10727.5,6421.233
scatter,virtual,warm,scattered,24,4096,98304,51,1.0000,3000,6900,7000,7056.9,7400,8000,199.3,10000,10115.7,13392.857
scatter,physical,warm,scattered,24,4096,98304,51,1.0000,3100,4700,4800,4888.2,5200,8500,537.6,7900,8011.8,19531.250
scatter_page,virtual,warm,scattered,24,4096,98304,51,1.0000,3000,6900,7000,7139.2,7800,12300,762.6,10000,10190.2,13392.857
scatter,virtual,warm,scattered,26,8,208,51,1.0000,4900,175900,178300,178868.6,182300,191700,2825.8,183100,183743.1,1.113
scatter,physical,warm,scattered,26,8,208,51,1.0000,4900,173300,174600,174947.1,176900,177800,972.1,179500,179835.3,1.136
scatter_page,virtual,warm,scattered,26,8,208,51,1.0000,3600,8700,8800,8962.7,9600,13700,750.7,12400,13039.2,22.541
scatter,virtual,warm,scattered,26,16,416,51,1.0000,5000,176300,178500,179105.9,184100,198500,3221.1,183400,184078.4,2.223
scatter,physical,warm,scattered,26,16,416,51,1.0000,4900,173700,175200,177588.2,187500,237900,9626.0,180100,182531.4,2.264
scatter,virtual,warm,scattered,26,32,832,51,1.0000,4900,176100,177600,177643.1,179500,181000,925.9,182500,182598.0,4.468
scatter,physical,warm,scattered,26,32,832,51,1.0000,4900,173000,175300,175776.5,179700,187800,2220.7,180200,180756.9,4.526
scatter,virtual,warm,scattered,26,64,1664,51,1.0000,4900,176700,178400,179051.0,183100,195500,2878.6,183300,184009.8,8.895
scatter,physical,warm,scattered,26,64,1664,51,1.0000,4900,174000,175500,176090.2,180200,189200,2446.2,180400,180978.4,9.042
scatter,virtual,warm,scattered,26,128,3328,51,1.0000,5000,241700,244200,245431.4,252200,274500,4897.4,249200,250462.7,12.997
scatter,physical,warm,scattered,26,128,3328,51,1.0000,5000,239000,241100,241519.6,245700,252700,2249.2,246000,246496.1,13.164
scatter,virtual,warm,scattered,26,256,6656,51,1.0000,5000,306200,309500,309684.3,316900,318900,2443.6,314500,314705.9,20.509
scatter,physical,warm,scattered,26,256,6656,51,1.0000,5000,303700,306400,307092.2,316900,321100,3194.0,311400,312105.9,20.717
scatter,virtual,warm,scattered,26,512,13312,51,1.0000,5000,456700,460800,461813.7,466700,488100,5020.8,465900,466837.3,27.551
scatter,physical,warm,scattered,26,512,13312,51,1.0000,5000,453400,458100,458831.4,466600,480500,4289.9,463000,463839.2,27.713
scatter,virtual,warm,scattered,26,768,19968,51,1.0000,5000,548900,554000,554213.7,559100,575400,3986.4,559100,559252.9,34.374
scatter,physical,warm,scattered,26,768,19968,51,1.0000,5000,546300,553400,556433.3,575200,603900,10631.9,558300,561535.3,34.411
scatter,virtual,warm,scattered,26,1024,26624,51,1.0000,5000,943900,950900,953352.9,964900,1014500,10687.5,955900,958384.3,26.702
scatter,physical,warm,scattered,26,1024,26624,51,1.0000,5000,942200,948200,956235.3,1001100,1003400,18716.4,953200,961202.0,26.778
scatter,virtual,warm,scattered,26,2048,53248,51,1.0000,3600,10200,10400,10402.0,10700,11700,221.4,14000,14086.3,4882.812
scatter,physical,warm,scattered,26,2048,53248,51,1.0000,3700,7600,7700,7752.9,7900,8400,113.8,11400,11464.7,6594.968
scatter,virtual,warm,scattered,26,4096,106496,51,1.0000,3300,7500,7600,7666.7,7900,8900,205.6,10900,10966.7,13363.487
scatter,physical,warm,scattered,26,4096,106496,51,1.0000,3300,5200,5300,5298.0,5500,6000,136.4,8600,8662.7,19162.736
scatter_page,virtual,warm,scattered,26,4096,106496,51,1.0000,3300,7500,7600,7678.4,7900,8600,183.6,10900,10980.4,13363.487
scatter,virtual,warm,scattered,27,8,216,51,1.0000,4900,153900,179000,178543.1,180300,180400,3608.3,184000,183556.9,1.151
scatter,physical,warm,scattered,27,8,216,51,1.0000,5000,173400,175500,175719.6,177100,189600,2140.5,180500,180733.3,1.174
scatter_page,virtual,warm,scattered,27,8,216,51,1.0000,3700,9100,9200,9196.1,9400,10300,189.7,12900,12962.7,22.391
scatter,virtual,warm,scattered,27,16,432,51,1.0000,5000,177200,178900,179560.8,187900,188100,2421.0,183900,184607.8,2.303
scatter,physical,warm,scattered,27,16,432,51,1.0000,5000,173500,175700,175949.0,178800,180700,1162.1,180800,181000.0,2.345
scatter,virtual,warm,scattered,27,32,864,51,1.0000,5000,176600,179100,179905.9,188900,193800,3333.4,184100,184939.2,4.601
scatter,physical,warm,scattered,27,32,864,51,1.0000,5000,154200,176200,176327.5,183600,188300,4131.2,181200,181435.3,4.676
scatter,virtual,warm,scattered,27,64,1728,51,1.0000,5000,177500,178800,183574.5,216800,275700,16545.0,184000,188613.7,9.217
scatter,physical,warm,scattered,27,64,1728,51,1.0000,5000,173900,175800,176076.5,178800,182800,1416.1,180800,181098.0,9.374
scatter,virtual,warm,scattered,27,128,3456,51,1.0000,5100,242100,244200,244972.5,254000,257400,2905.7,249300,250111.8,13.497
scatter,physical,warm,scattered,27,128,3456,51,1.0000,5100,239800,241800,242368.6,244100,255900,2845.0,246900,247502.0,13.631
scatter,virtual,warm,scattered,27,256,6912,51,1.0000,5100,307400,311500,311968.6,319300,326100,3373.1,316600,317076.5,21.161
scatter,physical,warm,scattered,27,256,6912,51,1.0000,5100,305200,308800,309449.0,312300,335000,5084.6,313900,314607.8,21.346
scatter,virtual,warm,scattered,27,512,13824,51,1.0000,5100,458000,463600,465780.4,479700,530700,10299.0,468700,470903.9,28.437
scatter,physical,warm,scattered,27,512,13824,51,1.0000,5100,457500,461600,462333.3,471100,473900,3846.0,466700,467454.9,28.561
scatter,virtual,warm,scattered,27,768,20736,51,1.0000,5100,614000,620100,620782.4,627900,638200,3788.7,625300,625872.5,31.891
scatter,physical,warm,scattered,27,768,20736,51,1.0000,5100,609500,618300,629690.2,709400,777800,32693.0,623200,635056.9,31.983
scatter,virtual,warm,scattered,27,1024,27648,51,1.0000,5100,946300,953000,977356.9,1151000,1159400,57393.4,958000,982800.0,27.668
scatter,physical,warm,scattered,27,1024,27648,51,1.0000,5000,943400,950800,955835.3,995200,1004600,14653.9,955800,960923.5,27.732
scatter,virtual,warm,scattered,27,2048,55296,51,1.0000,3800,10600,10800,10821.6,11000,12100,209.1,14500,14631.4,4882.812
scatter,physical,warm,scattered,27,2048,55296,51,1.0000,3800,7900,8100,8194.1,8300,11800,529.7,11900,12035.3,6510.417
scatter,virtual,warm,scattered,27,4096,110592,51,1.0000,3400,7800,8000,8005.9,8300,8900,201.4,11400,11462.7,13183.594
scatter,physical,warm,scattered,27,4096,110592,51,1.0000,3500,5400,5500,5664.7,7400,8500,582.7,9000,9276.5,19176.136
scatter_page,virtual,warm,scattered,27,4096,110592,51,1.0000,3400,7900,8000,8031.4,8300,8900,177.2,11400,11484.3,13183.594
scatter,virtual,warm,scattered,28,8,224,51,1.0000,5100,160700,180100,182194.1,194000,244200,10076.8,185400,187468.6,1.186
scatter,physical,warm,scattered,28,8,224,51,1.0000,5200,174800,177100,177425.5,182100,188800,2438.8,182300,182629.4,1.206
scatter_page,virtual,warm,scattered,28,8,224,51,1.0000,3900,9400,9500,9537.3,9600,10600,177.7,13400,13449.0,22.487
scatter,virtual,warm,scattered,28,16,448,51,1.0000,5200,178200,180000,180166.7,181500,194000,2134.7,185000,185356.9,2.374
scatter,physical,warm,scattered,28,16,448,51,1.0000,5200,174300,176500,177233.3,180700,201500,4031.9,181600,182419.6,2.421
scatter,virtual,warm,scattered,28,32,896,51,1.0000,5100,177300,179100,179329.4,180400,186800,1284.3,184300,184458.8,4.771
scatter,physical,warm,scattered,28,32,896,51,1.0000,5100,174900,176200,177009.8,178500,210900,4915.9,181500,182170.6,4.850
scatter,virtual,warm,scattered,28,64,1792,51,1.0000,5100,176800,178700,179735.3,183900,207500,4552.4,183800,185313.7,9.563
scatter,physical,warm,scattered,28,64,1792,51,1.0000,5100,174700,176800,177239.2,178200,191600,2819.9,182000,183703.9,9.666
scatter,virtual,warm,scattered,28,128,3584,51,1.0000,5200,243200,245900,246323.5,253400,255100,2406.5,251200,251629.4,13.900
scatter,physical,warm,scattered,28,128,3584,51,1.0000,5200,241200,243600,244664.7,250200,276200,5046.4,248800,249958.8,14.031
scatter,virtual,warm,scattered,28,256,7168,51,1.0000,5300,310000,313100,313874.5,317400,336400,4136.2,318400,319215.7,21.833
scatter,physical,warm,scattered,28,256,7168,51,1.0000,5300,307400,310300,312490.2,325200,366700,8644.1,315600,317766.7,22.030
scatter,virtual,warm,scattered,28,512,14336,51,1.0000,5200,461400,467200,468127.5,477000,481400,4318.7,472400,473376.5,29.263
scatter,physical,warm,scattered,28,512,14336,51,1.0000,5300,458900,464500,464651.0,470700,474600,3075.9,469800,469913.7,29.434
scatter,virtual,warm,scattered,28,768,21504,51,1.0000,5300,618800,623600,624660.8,635500,649100,5156.8,628900,629925.5,32.886
scatter,physical,warm,scattered,28,768,21504,51,1.0000,5300,615100,621900,622886.3,632900,646800,5207.7,627000,628215.7,32.976
scatter,virtual,warm,scattered,28,1024,28672,51,1.0000,5300,948200,954100,958823.5,999100,1021500,14994.3,959300,964094.1,28.659
scatter,physical,warm,scattered,28,1024,28672,51,1.0000,5300,947300,953400,959623.5,1003700,1014900,16638.6,958700,964998.0,28.680
scatter,virtual,warm,scattered,28,2048,57344,51,1.0000,3900,11000,11200,11249.0,11400,12900,256.4,15100,15223.5,4882.812
scatter,physical,warm,scattered,28,2048,57344,51,1.0000,4000,8300,8500,8686.3,10500,10900,650.5,12400,12845.1,6433.824
scatter,virtual,warm,scattered,28,4096,114688,51,1.0000,3500,8200,8300,8743.1,9100,30500,3113.5,11800,12300.0,13177.711
scatter,physical,warm,scattered,28,4096,114688,51,1.0000,3600,5700,5700,5770.6,5900,6600,151.4,9300,9372.5,19188.596
scatter_page,virtual,warm,scattered,28,4096,114688,51,1.0000,3500,8100,8200,8274.5,8500,9100,161.1,11700,11809.8,13338.415
scatter,virtual,warm,scattered,29,8,232,51,1.0000,5200,178600,180800,180831.4,182700,184900,1064.0,185900,186086.3,1.224
scatter,physical,warm,scattered,29,8,232,51,1.0000,5200,175000,177100,180509.8,197500,269100,14905.2,182300,185778.4,1.249
scatter_page,virtual,warm,scattered,29,8,232,51,1.0000,4000,9700,9800,9882.4,10000,11200,216.1,13900,13941.2,22.577
scatter,virtual,warm,scattered,29,16,464,51,1.0000,5400,178800,180500,181605.9,187800,212200,5081.1,185800,187037.3,2.452
scatter,physical,warm,scattered,29,16,464,51,1.0000,5300,175800,177700,177874.5,180100,183400,1422.7,183000,183213.7,2.490
scatter,virtual,warm,scattered,29,32,928,51,1.0000,5200,178900,180900,181223.5,184100,193800,2088.4,186300,186523.5,4.892
scatter,physical,warm,scattered,29,32,928,51,1.0000,5200,175700,178000,178703.9,189700,191100,3214.8,183200,183990.2,4.972
scatter,virtual,warm,scattered,29,64,1856,51,1.0000,5200,178400,180500,182443.1,184900,267600,12290.8,185800,187839.2,9.806
scatter,physical,warm,scattered,29,64,1856,51,1.0000,5300,175500,178200,178631.4,181600,188500,1899.7,183600,183923.5,9.933
scatter,virtual,warm,scattered,29,128,3712,51,1.0000,5400,244200,246300,246872.5,252000,257600,2247.0,252000,252445.1,14.373
scatter,physical,warm,scattered,29,128,3712,51,1.0000,5400,241400,243600,243980.4,249000,250400,1918.9,248900,249376.5,14.532
scatter,virtual,warm,scattered,29,256,7424,51,1.0000,5400,309600,312700,313192.2,318600,321000,2288.3,318100,318580.4,22.642
scatter,physical,warm,scattered,29,256,7424,51,1.0000,5400,307300,310200,310719.6,316400,325100,2807.6,315500,316094.1,22.824
scatter,virtual,warm,scattered,29,512,14848,51,1.0000,5400,465400,469800,470721.6,481300,484000,3798.6,475100,476078.4,30.141
scatter,physical,warm,scattered,29,512,14848,51,1.0000,5400,463400,467900,470300.0,485700,510800,8122.9,473300,475725.5,30.263
scatter,virtual,warm,scattered,29,768,22272,51,1.0000,5300,875300,885500,889860.8,936000,959000,16406.1,890800,895213.7,23.987
scatter,physical,warm,scattered,29,768,22272,51,1.0000,5400,877500,882400,885900.0,935200,937100,13358.6,887800,891280.4,24.071
scatter,virtual,warm,scattered,29,1024,29696,51,1.0000,5400,1010300,1016200,1022896.1,1072900,1093300,18241.9,1021500,1028341.2,27.869
scatter,physical,warm,scattered,29,1024,29696,51,1.0000,5400,1007500,1013300,1016060.8,1026500,1073700,11505.9,1018700,1021505.9,27.949
scatter,virtual,warm,scattered,29,2048,59392,51,1.0000,4000,11500,11600,11678.4,11900,13900,343.1,15700,15764.7,4882.812
scatter,physical,warm,scattered,29,2048,59392,51,1.0000,4100,8600,8800,8792.2,9000,9200,103.6,12900,12907.8,6436.435
scatter,virtual,warm,scattered,29,4096,118784,51,1.0000,3600,8500,8600,8643.1,9000,9400,165.2,12300,12307.8,13172.238
scatter,physical,warm,scattered,29,4096,118784,51,1.0000,3700,5800,6000,5984.3,6100,6800,160.5,9600,9692.2,18880.208
scatter_page,virtual,warm,scattered,29,4096,118784,51,1.0000,3600,8500,8600,8643.1,8900,9500,168.8,12200,12300.0,13172.238
scatter,virtual,warm,scattered,30,8,240,51,1.0000,5400,179000,181200,183111.8,194300,219600,6220.3,186700,188582.4,1.263
scatter,physical,warm,scattered,30,8,240,51,1.0000,5400,175100,178100,179200.0,191100,199700,4470.6,183500,184631.4,1.285
scatter_page,virtual,warm,scattered,30,8,240,51,1.0000,4100,9900,10000,10086.3,10400,11900,280.0,14200,14317.6,22.888
scatter,virtual,warm,scattered,30,16,480,51,1.0000,5500,178500,180700,181056.9,183200,191300,1795.9,186300,186531.4,2.533
scatter,physical,warm,scattered,30,16,480,51,1.0000,5400,176200,178300,178558.8,181100,183900,1466.0,183700,184047.1,2.567
scatter,virtual,warm,scattered,30,32,960,51,1.0000,5400,178600,180500,181092.2,184500,196600,3053.2,186000,186602.0,5.072
scatter,physical,warm,scattered,30,32,960,51,1.0000,5400,175000,177500,177533.3,179200,181600,1146.6,182900,182980.4,5.158
scatter,virtual,warm,scattered,30,64,1920,51,1.0000,5400,178800,180500,180829.4,185100,188100,1765.8,185900,186284.3,10.144
scatter,physical,warm,scattered,30,64,1920,51,1.0000,5400,175200,177300,177678.4,180200,187300,1876.6,182700,183160.8,10.327
scatter,virtual,warm,scattered,30,128,3840,51,1.0000,5500,244700,246800,247868.6,251000,277100,5050.5,252400,253464.7,14.838
scatter,physical,warm,scattered,30,128,3840,51,1.0000,5500,242100,245100,245696.1,252800,257400,2907.1,250600,251229.4,14.941
scatter,virtual,warm,scattered,30,256,7680,51,1.0000,5600,311800,315600,316788.2,327500,345000,5365.8,321100,322384.3,23.207
scatter,physical,warm,scattered,30,256,7680,51,1.0000,5500,309100,312000,312943.1,325200,327400,4093.1,317600,318560.8,23.475
scatter,virtual,warm,scattered,30,512,15360,51,1.0000,5500,467400,473700,474680.4,487700,496300,4723.8,479200,480215.7,30.923
scatter,physical,warm,scattered,30,512,15360,51,1.0000,5500,465400,470200,471039.2,478100,488100,3941.6,475700,476533.3,31.154
scatter,virtual,warm,scattered,30,768,23040,51,1.0000,5400,880000,887800,891294.1,939800,944600,13770.6,893300,896749.0,24.750
scatter,physical,warm,scattered,30,768,23040,51,1.0000,5400,878300,884300,887733.3,935100,938900,12836.3,889700,893209.8,24.848
scatter,virtual,warm,scattered,30,1024,30720,51,1.0000,5500,1008400,1019700,1023609.8,1064700,1078500,14689.5,1025200,1029119.6,28.731
scatter,physical,warm,scattered,30,1024,30720,51,1.0000,5400,1010400,1017200,1021605.9,1068100,1073100,14449.3,1022700,1027078.4,28.801
scatter,virtual,warm,scattered,30,2048,61440,51,1.0000,4100,11600,11800,11847.1,12100,13500,261.8,15900,16039.2,4965.572
scatter,physical,warm,scattered,30,2048,61440,51,1.0000,4200,8700,9100,9086.3,9300,10400,245.8,13200,13541.2,6438.874
scatter,virtual,warm,scattered,30,4096,122880,51,1.0000,3700,8600,8700,8972.5,9000,22800,1980.5,12300,12678.4,13469.828
scatter,physical,warm,scattered,30,4096,122880,51,1.0000,3700,5900,6100,6337.3,6800,18500,1744.0,9800,10092.2,19211.066
scatter_page,virtual,warm,scattered,30,4096,122880,51,1.0000,3800,8900,9000,8996.1,9200,9800,158.7,12700,12778.4,13020.833
scatter,virtual,warm,scattered,32,8,256,51,1.0000,5500,240800,243800,244737.3,249300,259200,3293.8,249300,250286.3,1.001
scatter,physical,warm,scattered,32,8,256,51,1.0000,5700,237200,239700,240927.5,251200,259200,4037.4,245500,246656.9,1.019
scatter_page,virtual,warm,scattered,32,8,256,51,1.0000,4500,10900,11100,11125.5,11400,12700,250.5,15600,15680.4,21.995
scatter,virtual,warm,scattered,32,16,512,51,1.0000,5600,241100,243800,245103.9,255900,271600,4773.9,249300,250668.6,2.003
scatter,physical,warm,scattered,32,16,512,51,1.0000,5700,237000,239400,239903.9,241800,257400,2773.5,245200,245651.0,2.040
scatter,virtual,warm,scattered,32,32,1024,51,1.0000,5500,239400,242300,242737.3,245500,252300,1966.6,247900,248278.4,4.030
scatter,physical,warm,scattered,32,32,1024,51,1.0000,5700,236500,239300,240578.4,251800,272100,5833.8,245000,246364.7,4.081
scatter,virtual,warm,scattered,32,64,2048,51,1.0000,5500,241200,243000,243915.7,248900,256800,2757.6,248600,249492.2,8.038
scatter,physical,warm,scattered,32,64,2048,51,1.0000,5700,237400,239500,240523.5,250500,256300,3630.6,245200,246254.9,8.155
scatter,virtual,warm,scattered,32,128,4096,51,1.0000,5600,307800,310600,310792.2,314200,318500,2046.6,316200,316396.1,12.576
scatter,physical,warm,scattered,32,128,4096,51,1.0000,5700,303200,306400,307241.2,315400,318900,3148.9,312100,312972.5,12.749
scatter,virtual,warm,scattered,32,256,8192,51,1.0000,5600,375600,380900,383105.9,401300,420800,7914.8,386500,388733.3,20.511
scatter,physical,warm,scattered,32,256,8192,51,1.0000,5700,373700,377300,378184.3,386000,389800,3609.9,383100,383978.4,20.706
scatter,virtual,warm,scattered,32,512,16384,51,1.0000,5600,535300,542700,542774.5,546600,554000,2835.5,548300,548394.1,28.791
scatter,physical,warm,scattered,32,512,16384,51,1.0000,5700,533500,539800,540921.6,553100,566300,5432.5,545500,546727.5,28.946
scatter,virtual,warm,scattered,32,768,24576,51,1.0000,5600,882900,888700,891576.5,934100,941600,12158.1,894600,897200.0,26.373
scatter,physical,warm,scattered,32,768,24576,51,1.0000,5800,878500,885900,889519.6,914200,971100,14470.3,891800,895364.7,26.456
scatter,virtual,warm,scattered,32,1024,32768,51,1.0000,5600,1023500,1030800,1034737.3,1080300,1094800,13890.3,1036600,1040570.6,30.316
scatter,physical,warm,scattered,32,1024,32768,51,1.0000,5800,1021500,1028600,1032268.6,1039300,1119100,16546.1,1034700,1038386.3,30.381
scatter,virtual,warm,scattered,32,2048,65536,51,1.0000,4400,12800,13000,13239.2,13600,23400,1473.1,17400,17711.8,4807.692
scatter,physical,warm,scattered,32,2048,65536,51,1.0000,4400,9600,9700,9754.9,9900,10400,113.7,14200,14202.0,6443.299
scatter,virtual,warm,scattered,32,4096,131072,51,1.0000,4000,9700,9800,9878.4,10100,10700,156.6,13900,13925.5,12755.102
scatter,physical,warm,scattered,32,4096,131072,51,1.0000,4000,6700,6800,6778.4,6900,7500,139.0,10800,10849.0,18382.353
scatter_page,virtual,warm,scattered,32,4096,131072,51,1.0000,4000,9700,9800,9882.4,10100,10800,186.2,13800,13911.8,12755.102
scatter,virtual,warm,scattered,36,8,288,51,1.0000,5900,244600,247500,247876.5,249400,262600,2574.8,253600,253856.9,1.110
scatter,physical,warm,scattered,36,8,288,51,1.0000,6100,240500,242900,243200.0,245600,251100,1968.3,249000,249362.7,1.131
scatter_page,virtual,warm,scattered,36,8,288,51,1.0000,4900,12400,12600,12613.7,12800,14800,332.9,17400,17511.8,21.798
scatter,virtual,warm,scattered,36,16,576,51,1.0000,6100,245100,248000,256998.0,260300,653100,56731.3,254000,263192.2,2.215
scatter,physical,warm,scattered,36,16,576,51,1.0000,6200,241400,244300,246405.9,258600,299400,10082.9,250500,252921.6,2.249
scatter,virtual,warm,scattered,36,32,1152,51,1.0000,6000,244700,247400,248051.0,257700,259200,3241.6,253400,254368.6,4.441
scatter,physical,warm,scattered,36,32,1152,51,1.0000,6100,240700,243100,244333.3,254300,272200,5183.5,249300,250517.6,4.519
scatter,virtual,warm,scattered,36,64,2304,51,1.0000,6000,244100,247400,250474.5,261400,312100,12849.0,253400,256517.6,8.881
scatter,physical,warm,scattered,36,64,2304,51,1.0000,6200,241000,243800,244415.7,249300,258800,2843.2,250100,250596.1,9.013
scatter,virtual,warm,scattered,36,128,4608,51,1.0000,6100,311500,313800,314611.8,327000,328000,3593.3,320100,321078.4,14.004
scatter,physical,warm,scattered,36,128,4608,51,1.0000,6200,308300,310600,311203.9,317200,324200,2916.6,316900,317433.3,14.149
scatter,virtual,warm,scattered,36,256,9216,51,1.0000,6100,380700,386800,387511.8,393700,398400,3274.4,393000,393627.5,22.722
scatter,physical,warm,scattered,36,256,9216,51,1.0000,6200,379300,384000,385947.1,396300,422300,6820.0,390500,392278.4,22.888
scatter,virtual,warm,scattered,36,512,18432,51,1.0000,6100,550900,555700,556607.8,567100,568000,3867.9,561800,562968.6,31.632
scatter,physical,warm,scattered,36,512,18432,51,1.0000,6200,548400,551600,553027.5,562300,570700,4815.4,557700,559288.2,31.868
scatter,virtual,warm,scattered,36,768,27648,51,1.0000,6100,950500,958200,962476.5,1008000,1034900,16110.9,964300,968556.9,27.517
scatter,physical,warm,scattered,36,768,27648,51,1.0000,6200,949100,953800,964043.1,1003800,1166000,33565.4,959900,970378.4,27.644
scatter,virtual,warm,scattered,36,1024,36864,51,1.0000,6100,1170600,1179400,1181384.3,1192400,1236300,11605.9,1185500,1187517.6,29.809
scatter,physical,warm,scattered,36,1024,36864,51,1.0000,6300,1167300,1173800,1176225.5,1186100,1225400,10049.1,1180100,1182517.6,29.951
scatter,virtual,warm,scattered,36,2048,73728,51,1.0000,4900,14600,14800,14876.5,15400,16900,436.2,19700,19809.8,4750.845
scatter,physical,warm,scattered,36,2048,73728,51,1.0000,4900,11100,11200,11339.2,11400,16600,759.8,16100,16254.9,6277.902
scatter,virtual,warm,scattered,36,4096,147456,51,1.0000,4400,11000,11100,11147.1,11700,11900,179.3,15600,15605.9,12668.919
scatter,physical,warm,scattered,36,4096,147456,51,1.0000,4500,7600,7700,7727.5,7800,8300,113.3,12200,12237.3,18262.987
scatter_page,virtual,warm,scattered,36,4096,147456,51,1.0000,4400,10800,11000,11274.5,11300,24100,1836.5,15400,15694.1,12784.091
scatter,virtual,warm,scattered,40,8,320,51,1.0000,6400,246600,251100,251758.8,256400,273200,4110.6,257400,258152.9,1.215
scatter,physical,warm,scattered,40,8,320,51,1.0000,6600,244200,246500,249543.1,259200,338700,13381.3,253100,256282.4,1.238
scatter_page,virtual,warm,scattered,40,8,320,51,1.0000,5300,14000,14200,14437.3,16500,18200,882.7,19500,19923.5,21.491
scatter,virtual,warm,scattered,40,16,640,51,1.0000,6500,247600,250100,250880.4,255400,277200,4116.8,256600,257392.2,2.440
scatter,physical,warm,scattered,40,16,640,51,1.0000,6700,242900,245900,248029.4,255000,324000,11497.4,252500,254731.4,2.482
scatter,virtual,warm,scattered,40,32,1280,51,1.0000,6500,246600,249400,249839.2,253900,263400,2581.3,255900,256378.4,4.895
scatter,physical,warm,scattered,40,32,1280,51,1.0000,6600,241700,245200,246472.5,258500,284100,6110.4,251800,253113.7,4.978
scatter,virtual,warm,scattered,40,64,2560,51,1.0000,6500,246900,249800,250315.7,255600,261500,2410.7,256300,256827.5,9.773
scatter,physical,warm,scattered,40,64,2560,51,1.0000,6600,243500,246400,246749.0,249100,262600,2743.5,253000,253419.6,9.908
scatter,virtual,warm,scattered,40,128,5120,51,1.0000,6600,315400,319400,320939.2,334200,339500,5078.9,326100,327805.9,15.287
scatter,physical,warm,scattered,40,128,5120,51,1.0000,6700,311100,314700,314790.2,319200,328700,3144.9,321500,321494.1,15.516
scatter,virtual,warm,scattered,40,256,10240,51,1.0000,6600,392200,397200,397468.6,406100,412900,3823.7,403800,404080.4,24.586
scatter,physical,warm,scattered,40,256,10240,51,1.0000,6700,388900,393400,393956.9,401700,406500,3769.4,400000,400672.5,24.824
scatter,virtual,warm,scattered,40,512,20480,51,1.0000,6500,881500,887700,892217.6,937900,940700,13835.3,894200,898792.2,22.002
scatter,physical,warm,scattered,40,512,20480,51,1.0000,6700,875100,883700,888292.2,936200,938200,14552.9,890500,895145.1,22.102
scatter,virtual,warm,scattered,40,768,30720,51,1.0000,6600,1019600,1027600,1030570.6,1046400,1108100,14876.6,1034300,1037219.6,28.510
scatter,physical,warm,scattered,40,768,30720,51,1.0000,6700,1015000,1022700,1028927.5,1081100,1093200,18154.1,1029600,1035623.5,28.647
scatter,virtual,warm,scattered,40,1024,40960,51,1.0000,6600,1250400,1260200,1262980.4,1290300,1309800,11433.9,1266900,1269586.3,30.997
scatter,physical,warm,scattered,40,1024,40960,51,1.0000,6700,1246500,1255700,1257845.1,1271300,1314300,10257.6,1262500,1264603.9,31.108
scatter,virtual,warm,scattered,40,2048,81920,51,1.0000,5500,16400,16600,16737.3,17000,21300,767.8,22000,22251.0,4706.325
scatter,physical,warm,scattered,40,2048,81920,51,1.0000,5400,12600,12700,12762.7,12900,13400,123.2,18100,18382.4,6151.575
scatter,virtual,warm,scattered,40,4096,163840,51,1.0000,5100,12600,12800,12890.2,13700,14900,363.5,17900,18047.1,12207.031
scatter,physical,warm,scattered,40,4096,163840,51,1.0000,5000,8900,9000,9002.0,9200,9500,106.8,14000,14056.9,17361.111
scatter_page,virtual,warm,scattered,40,4096,163840,51,1.0000,5100,12600,12800,12876.5,13200,15800,443.0,17900,18033.3,12207.031
scatter,virtual,warm,scattered,48,8,384,51,1.0000,7300,253900,256600,258707.8,281200,287400,7166.2,264000,266098.0,1.427
scatter,physical,warm,scattered,48,8,384,51,1.0000,8200,248500,251900,252370.6,256800,264200,2793.4,260100,260719.6,1.454
scatter_page,virtual,warm,scattered,48,8,384,51,1.0000,6400,17200,17400,17480.4,17700,20600,546.6,23700,23882.4,21.047
scatter,virtual,warm,scattered,48,16,768,51,1.0000,7500,254000,256500,257278.4,268100,272800,3618.0,264000,264827.5,2.855
scatter,physical,warm,scattered,48,16,768,51,1.0000,8400,248600,251800,252102.0,255700,268100,2871.1,260200,260531.4,2.909
scatter,virtual,warm,scattered,48,32,1536,51,1.0000,7300,254400,256300,257376.5,267800,268200,3627.2,263600,264756.9,5.715
scatter,physical,warm,scattered,48,32,1536,51,1.0000,8300,249200,251600,252219.6,254800,268600,3543.7,259900,260570.6,5.822
scatter,virtual,warm,scattered,48,64,3072,51,1.0000,7400,253200,256500,263013.7,287200,294100,12315.3,263900,271209.8,11.422
scatter,physical,warm,scattered,48,64,3072,51,1.0000,8300,249700,252100,252702.0,257500,268700,2882.9,260500,261180.4,11.621
scatter,virtual,warm,scattered,48,128,6144,51,1.0000,7500,383600,387200,387129.4,389600,394800,2055.4,394600,394615.7,15.133
scatter,physical,warm,scattered,48,128,6144,51,1.0000,8500,379100,383100,383464.7,390500,393300,2623.9,391500,392003.9,15.295
scatter,virtual,warm,scattered,48,256,12288,51,1.0000,7500,470500,474200,475568.6,482700,491900,4121.9,481700,483152.9,24.713
scatter,physical,warm,scattered,48,256,12288,51,1.0000,8500,466200,470600,471423.5,478300,487900,3936.7,479200,480082.4,24.902
scatter,virtual,warm,scattered,48,512,24576,51,1.0000,7500,950000,958200,962513.7,1008500,1022600,16141.6,965600,970009.8,24.460
scatter,physical,warm,scattered,48,512,24576,51,1.0000,8400,949900,954800,956849.0,969500,1007200,8757.6,963300,965296.1,24.547
scatter,virtual,warm,scattered,48,768,36864,51,1.0000,7500,1181500,1189700,1196503.9,1244800,1253000,17562.3,1197200,1204021.6,29.551
scatter,physical,warm,scattered,48,768,36864,51,1.0000,8500,1175900,1184200,1185017.6,1194000,1233400,8448.3,1192600,1193537.3,29.688
scatter,virtual,warm,scattered,48,1024,49152,51,1.0000,7500,1608400,1619500,1620286.3,1631500,1661700,8219.1,1627200,1627980.4,28.944
scatter,physical,warm,scattered,48,1024,49152,51,1.0000,8400,1605200,1616500,1618333.3,1634800,1654200,9838.5,1624900,1626790.2,28.998
scatter,virtual,warm,scattered,48,2048,98304,51,1.0000,6400,20000,20200,20302.0,20500,24200,635.4,26600,26752.9,4641.089
scatter,physical,warm,scattered,48,2048,98304,51,1.0000,7000,15600,15800,15968.6,15900,26100,1450.9,22700,23043.1,5933.544
scatter,virtual,warm,scattered,48,4096,196608,51,1.0000,6000,15200,15400,15390.2,15700,16500,191.1,21400,21425.5,12175.325
scatter,physical,warm,scattered,48,4096,196608,51,1.0000,6600,11000,11100,11831.4,14500,23700,2528.4,17700,18925.5,16891.892
scatter_page,virtual,warm,scattered,48,4096,196608,51,1.0000,6100,15600,15800,15917.6,16300,21700,873.8,21900,22098.0,11867.089
scatter,virtual,warm,scattered,64,8,512,51,1.0000,9400,327000,330800,332482.4,344000,371400,7102.4,340100,341962.7,1.476
scatter,physical,warm,scattered,64,8,512,51,1.0000,9500,255600,259700,263123.5,283900,319600,11062.8,269300,272713.7,1.880
scatter_page,virtual,warm,scattered,64,8,512,51,1.0000,9000,24000,24100,24323.5,24800,29000,745.8,33100,33366.7,20.261
scatter,virtual,warm,scattered,64,16,1024,51,1.0000,10000,327800,330700,333176.5,344300,407400,11603.1,340700,343192.2,2.953
scatter,physical,warm,scattered,64,16,1024,51,1.0000,9600,255300,258500,259186.3,266700,272600,3175.8,268000,268796.1,3.778
scatter,virtual,warm,scattered,64,32,2048,51,1.0000,9900,327400,330400,330845.1,340900,348300,3788.7,340500,341009.8,5.911
scatter,physical,warm,scattered,64,32,2048,51,1.0000,9600,255100,258400,259552.9,268900,289900,5087.8,268000,269133.3,7.559
scatter,virtual,warm,scattered,64,64,4096,51,1.0000,10000,327400,331900,332170.6,340700,341800,3174.5,341900,342207.8,11.769
scatter,physical,warm,scattered,64,64,4096,51,1.0000,9600,256100,260000,260937.3,273700,279400,4260.8,269500,270529.4,15.024
scatter,virtual,warm,scattered,64,128,8192,51,1.0000,10100,464000,469500,470188.2,479900,484900,4158.9,479700,480349.0,16.640
scatter,physical,warm,scattered,64,128,8192,51,1.0000,9700,388300,392000,392602.0,405100,409000,4288.4,401600,402311.8,19.930
scatter,virtual,warm,scattered,64,256,16384,51,1.0000,10100,625600,632500,634758.8,641200,713100,11747.8,642700,644968.6,24.704
scatter,physical,warm,scattered,64,256,16384,51,1.0000,9700,544000,548500,549282.4,558100,568200,4049.3,558200,559113.7,28.487
scatter,virtual,warm,scattered,64,512,32768,51,1.0000,10100,1117000,1122900,1128945.1,1176400,1203200,18111.2,1132900,1139092.2,27.830
scatter,physical,warm,scattered,64,512,32768,51,1.0000,9700,1020900,1029000,1148131.4,1305600,3730900,515626.6,1038600,1158068.6,30.369
scatter,virtual,warm,scattered,64,768,49152,51,1.0000,10100,1614000,1626900,1693949.0,1893500,4252500,371070.5,1636900,1704184.3,28.812
scatter,physical,warm,scattered,64,768,49152,51,1.0000,9700,1334800,1346100,1472954.9,1623100,4351900,562143.3,1356100,1482735.3,34.823
scatter,virtual,warm,scattered,64,1024,65536,51,1.0000,10200,1932100,1941400,1944000.0,1961000,2006300,11192.9,1951600,1954270.6,32.193
scatter,physical,warm,scattered,64,1024,65536,51,1.0000,9700,1757600,1766000,1771115.7,1819300,1834400,16131.0,1775800,1780915.7,35.391
scatter,virtual,warm,scattered,64,2048,131072,51,1.0000,8900,27800,28000,28262.7,28700,36100,1288.1,37000,37394.1,4464.286
scatter,physical,warm,scattered,64,2048,131072,51,1.0000,8100,20300,20500,21168.6,22200,35800,2713.6,28600,29417.6,6097.561
scatter,virtual,warm,scattered,64,4096,262144,51,1.0000,8500,20800,21000,21547.1,25600,28200,1510.3,29600,30331.4,11904.762
scatter,physical,warm,scattered,64,4096,262144,51,1.0000,7900,14900,15000,15027.5,15100,15400,102.1,22900,22990.2,16666.667
scatter_page,virtual,warm,scattered,64,4096,262144,51,1.0000,8800,20900,21100,21207.8,21700,23200,339.3,29900,29994.1,11848.341
scatter,virtual,warm,scattered,96,8,768,51,0.9688,14600,362300,367200,369203.9,386900,406800,7752.4,381800,383817.6,1.995
scatter,physical,warm,scattered,96,8,768,51,1.0000,13900,348800,352700,353564.7,365100,369100,3956.8,366700,367488.2,2.077
scatter_page,virtual,warm,scattered,96,8,768,51,0.9688,13500,34900,35100,35590.2,37300,47900,1960.6,48700,49182.4,20.867
scatter,virtual,warm,scattered,96,16,1536,51,0.9688,14600,362500,366100,370964.7,439900,462200,19693.0,380700,385564.7,4.001
scatter,physical,warm,scattered,96,16,1536,51,1.0000,13400,335600,340800,342866.7,356100,360800,5737.7,354200,356294.1,4.298
scatter,virtual,warm,scattered,96,32,3072,51,0.9688,14200,353600,364800,365621.6,374600,382600,4187.6,379400,380005.9,8.031
scatter,physical,warm,scattered,96,32,3072,51,1.0000,13400,337400,341400,342766.7,354100,373700,5658.7,354900,356266.7,8.581
scatter,virtual,warm,scattered,96,64,6144,51,0.9688,14300,350600,354300,358121.6,377300,390500,8915.3,368700,372680.4,16.538
scatter,physical,warm,scattered,96,64,6144,51,1.0000,13000,339100,342500,343354.9,353000,361200,4005.8,355500,356498.0,17.108
scatter,virtual,warm,scattered,96,128,12288,51,0.9688,14800,569300,575200,580464.7,598700,722300,23223.5,590100,595349.0,20.373
scatter,physical,warm,scattered,96,128,12288,51,1.0000,13100,550800,557400,558656.9,569800,581000,5371.9,570700,572364.7,21.024
scatter,virtual,warm,scattered,96,256,24576,51,0.9688,14700,1040900,1046900,1054849.0,1114900,1119900,20079.1,1061700,1070109.8,22.388
scatter,physical,warm,scattered,96,256,24576,51,1.0000,13100,1024700,1031300,1044256.9,1099900,1203000,33186.5,1044300,1057435.3,22.726
scatter,virtual,warm,scattered,96,512,49152,51,0.9688,14700,1688500,1710500,1715570.6,1791300,1850300,29644.9,1725200,1730670.6,27.404
scatter,physical,warm,scattered,96,512,49152,51,1.0000,13100,1617800,1625500,1804735.3,4188200,4285900,619117.6,1638500,1817862.7,28.837
scatter,virtual,warm,scattered,96,768,73728,51,0.9688,15000,2344400,2363600,2422798.0,2477700,4993000,368555.0,2378300,2437815.7,29.748
scatter,physical,warm,scattered,96,768,73728,51,1.0000,13200,2206500,2220900,2431435.3,4848300,7163600,859310.0,2234200,2444696.1,31.659
scatter,virtual,warm,scattered,96,1024,98304,51,0.9688,15100,2952800,2971300,3025070.6,3026300,5629300,372379.5,2986400,3040390.2,31.552
scatter,physical,warm,scattered,96,1024,98304,51,1.0000,13200,2595000,2607300,2614927.5,2665600,2703300,22236.7,2620600,2628131.4,35.957
scatter,virtual,warm,scattered,96,2048,196608,51,0.9688,13800,40600,41000,41335.3,42300,52800,1694.8,54800,55202.0,4573.171
scatter,physical,warm,scattered,96,2048,196608,51,1.0000,11600,30500,30800,30807.8,31000,32500,316.1,42400,42460.8,6087.662
scatter,virtual,warm,scattered,96,4096,393216,51,0.9688,14000,32000,32300,32380.4,32900,35000,424.7,46300,46403.9,11609.907
scatter,physical,warm,scattered,96,4096,393216,51,1.0000,11700,22800,22900,22929.4,23100,23900,177.0,34600,34682.4,16375.546
scatter_page,virtual,warm,scattered,96,4096,393216,51,0.9688,13200,31700,32100,32431.4,34400,39800,1285.8,45300,45954.9,11682.243
scatter,virtual,warm,scattered,128,8,1024,51,0.8828,19600,443400,446800,448837.3,456700,526000,11713.4,466400,469598.0,2.186
scatter,physical,warm,scattered,128,8,1024,51,1.0000,17700,432800,437100,439239.2,450100,490400,8429.5,454900,457080.4,2.234
scatter_page,virtual,warm,scattered,128,8,1024,51,0.8828,18800,45100,45500,45870.6,47500,58500,1972.9,64300,64905.9,21.463
scatter,virtual,warm,scattered,128,16,2048,51,0.8828,19900,442000,447200,452776.5,488400,552600,18575.4,467500,473051.0,4.367
scatter,physical,warm,scattered,128,16,2048,51,1.0000,17300,432600,436900,437531.4,440700,467800,5068.8,454300,454870.6,4.470
scatter,virtual,warm,scattered,128,32,4096,51,0.8828,19200,442000,445500,448780.4,460900,515600,11767.6,465000,468241.2,8.768
scatter,physical,warm,scattered,128,32,4096,51,1.0000,17200,431200,436600,437245.1,446500,449100,3241.4,454000,454549.0,8.947
scatter,virtual,warm,scattered,128,64,8192,51,0.8828,19100,442000,446900,447233.3,452000,461300,3429.7,466300,466878.4,17.482
scatter,physical,warm,scattered,128,64,8192,51,1.0000,17200,420300,437300,436231.4,449500,454400,8743.2,454400,453694.1,17.865
scatter,virtual,warm,scattered,128,128,16384,51,0.8828,19600,983300,988900,991917.6,1003900,1063300,11362.1,1009000,1011784.3,15.800
scatter,physical,warm,scattered,128,128,16384,51,1.0000,17300,963100,970600,977643.1,1033000,1035400,18485.3,987900,994974.5,16.098
scatter,virtual,warm,scattered,128,256,32768,51,0.8828,19900,1215600,1224100,1227068.6,1266500,1293800,13968.0,1244000,1247300.0,25.529
scatter,physical,warm,scattered,128,256,32768,51,1.0000,17400,1269500,1283300,1288737.3,1338100,1348600,17058.6,1300900,1306396.1,24.351
scatter,virtual,warm,scattered,128,512,65536,51,0.8828,19700,1949300,1966200,1972770.6,2018600,2125300,26653.7,1986300,1992780.4,31.787
scatter,physical,warm,scattered,128,512,65536,51,1.0000,17400,2216200,2232700,2288445.1,2290500,4891900,372151.7,2250900,2305960.8,27.993
scatter,virtual,warm,scattered,128,768,98304,51,0.8828,20000,2900500,2913100,2915843.1,2948100,2989300,15844.2,2933000,2936219.6,32.182
scatter,physical,warm,scattered,128,768,98304,51,1.0000,17400,2940300,2963100,3075196.1,3234200,5669400,524768.2,2980600,3092635.3,31.639
scatter,virtual,warm,scattered,128,1024,131072,51,0.8828,19900,3561100,3578200,3736533.3,3768100,8532200,786527.0,3598300,3756813.7,34.934
scatter,physical,warm,scattered,128,1024,131072,51,1.0000,17600,3670900,3698400,3701351.0,3740200,3758700,16473.8,3715600,3718931.4,33.798
scatter,virtual,warm,scattered,128,2048,262144,51,0.8828,18900,52600,52900,53362.7,54300,71900,2693.9,71700,72439.2,4725.898
scatter,physical,warm,scattered,128,2048,262144,51,1.0000,15700,41400,41700,42500.0,45700,51100,1845.5,57400,58668.6,5995.204
scatter,virtual,warm,scattered,128,4096,524288,51,0.8828,18800,42200,42500,42619.6,44200,44400,491.5,61300,61437.3,11764.706
scatter,physical,warm,scattered,128,4096,524288,51,1.0000,16000,31200,32100,32623.5,43400,45100,2998.8,48100,48517.6,15576.324
scatter_page,virtual,warm,scattered,128,4096,524288,51,0.8828,16900,40800,41000,41586.3,42800,60100,2714.5,57900,58819.6,12195.122
scatter,virtual,warm,scattered,192,8,1536,51,0.9115,29300,611500,616000,619184.3,640700,677100,10843.2,645200,648902.0,2.378
scatter,physical,warm,scattered,192,8,1536,51,1.0000,27100,592500,599500,601484.3,615000,641700,8288.1,626800,629074.5,2.443
scatter,virtual,warm,scattered,192,16,3072,51,0.9115,28600,612300,617300,618121.6,624600,639300,4268.2,645900,647180.4,4.746
scatter,physical,warm,scattered,192,16,3072,51,1.0000,27200,594900,601600,602094.1,615800,627600,5567.3,628900,629498.0,4.870
scatter,virtual,warm,scattered,192,32,6144,51,0.9115,27200,611900,616800,618809.8,642400,647900,7208.4,644300,646164.7,9.500
scatter,physical,warm,scattered,192,32,6144,51,1.0000,27400,596100,601800,603896.1,623700,640300,7767.7,629300,631449.0,9.736
scatter,virtual,warm,scattered,192,64,12288,51,0.9115,27200,631600,636900,639317.6,651100,695400,9499.8,664000,666503.9,18.400
scatter,physical,warm,scattered,192,64,12288,51,1.0000,28000,614100,621600,622409.8,636800,649900,6339.6,649700,650454.9,18.853
scatter,virtual,warm,scattered,192,128,24576,51,0.9115,27300,1300800,1307300,1313237.3,1357400,1364700,15451.0,1334500,1340660.8,17.928
scatter,physical,warm,scattered,192,128,24576,51,1.0000,28300,1285600,1292100,1296529.4,1320600,1352700,12388.3,1320900,1325215.7,18.139
scatter,virtual,warm,scattered,192,256,49152,51,0.9115,27400,1886000,1895100,1898452.9,1928500,1947000,11728.8,1922600,1925943.1,24.735
scatter,physical,warm,scattered,192,256,49152,51,1.0000,28200,1866800,1881900,1884007.8,1911000,1934200,11231.6,1910100,1912817.6,24.908
scatter,virtual,warm,scattered,192,512,98304,51,0.9115,27800,3108800,3132700,3135107.8,3165400,3198600,15307.3,3160600,3163035.3,29.926
scatter,physical,warm,scattered,192,512,98304,51,1.0000,28100,3104700,3124700,3288564.7,5683600,5991600,645108.3,3153000,3316825.5,30.003
scatter,virtual,warm,scattered,192,768,147456,51,0.9115,28100,4304900,4319100,4493123.5,6879800,6912900,613077.6,4347500,4521468.6,32.559
scatter,physical,warm,scattered,192,768,147456,51,1.0000,28800,4338700,4365700,4479484.3,4629900,7047700,522210.1,4394500,4508737.3,32.211
scatter,virtual,warm,scattered,192,1024,196608,51,0.9115,28200,5349400,5369000,5373364.7,5403500,5423700,15181.2,5397700,5401627.5,34.923
scatter,physical,warm,scattered,192,1024,196608,51,1.0000,28700,5537200,5561800,5566917.6,5594100,5611100,15981.7,5591700,5595905.9,33.712
scatter,virtual,warm,scattered,192,2048,393216,51,0.9115,26300,78000,80200,81856.9,100100,111700,6578.5,106800,107992.2,4675.810
scatter,physical,warm,scattered,192,2048,393216,51,1.0000,26400,61900,63600,63776.5,67900,75700,2375.9,90000,90325.5,5896.226
scatter,virtual,warm,scattered,192,4096,786432,51,0.9115,26400,62700,64700,65052.9,76100,77200,3241.5,91400,91058.8,11591.963
scatter,physical,warm,scattered,192,4096,786432,51,1.0000,26000,47900,49100,49552.9,52100,61000,1787.8,75100,75560.8,15274.949
scatter,virtual,warm,scattered,256,8,2048,51,0.9023,107600,1282400,1318200,1343205.9,1498400,1597000,64386.0,1430900,1452943.1,1.482
scatter,physical,warm,scattered,256,8,2048,51,1.0000,35600,1015000,1021600,1025872.5,1046100,1101600,15493.8,1057300,1061676.5,1.912
scatter,virtual,warm,scattered,256,16,4096,51,0.9023,107000,1278400,1322700,1365837.3,1547300,1622400,86865.7,1429100,1474768.6,2.953
scatter,physical,warm,scattered,256,16,4096,51,1.0000,35900,1014500,1022900,1037029.4,1142200,1334700,51754.6,1058800,1073119.6,3.819
scatter,virtual,warm,scattered,256,32,8192,51,0.9023,109400,1299400,1322200,1336011.8,1395300,1432700,33078.9,1432400,1446282.4,5.909
scatter,physical,warm,scattered,256,32,8192,51,1.0000,35700,1017200,1028000,1037064.7,1086400,1094100,21147.8,1063800,1072866.7,7.600
scatter,virtual,warm,scattered,256,64,16384,51,0.9023,108800,1316000,1357000,1377935.3,1548300,1564300,58250.7,1464300,1487911.8,11.514
scatter,physical,warm,scattered,256,64,16384,51,1.0000,35800,1036700,1050300,1060072.5,1110800,1284700,38051.6,1086100,1096058.8,14.877
scatter,virtual,warm,scattered,256,128,32768,51,0.9023,108800,1968600,2033500,2038503.9,2112200,2121400,36521.7,2141300,2147762.7,15.368
scatter,physical,warm,scattered,256,128,32768,51,1.0000,36000,1734400,1743600,1747188.2,1767500,1807500,13606.6,1779700,1783776.5,17.923
scatter,virtual,warm,scattered,256,256,65536,51,0.9023,108500,2696300,2736400,2745300.0,2820300,2844300,35489.4,2847800,2853862.7,22.840
scatter,physical,warm,scattered,256,256,65536,51,1.0000,36100,2523500,2544900,2548345.1,2609200,2622700,18995.6,2580900,2584562.7,24.559
scatter,virtual,warm,scattered,256,512,131072,51,0.9023,103400,4179400,4227900,4232476.5,4291400,4307800,29810.6,4331200,4337488.2,29.566
scatter,physical,warm,scattered,256,512,131072,51,1.0000,36300,4232400,4251700,4314986.3,4352400,6871700,366499.3,4287900,4351503.9,29.400
scatter,virtual,warm,scattered,256,768,196608,51,0.9023,104400,5836500,5900000,6137264.7,8612400,8634500,733252.4,6004700,6243082.4,31.780
scatter,physical,warm,scattered,256,768,196608,51,1.0000,36800,5696600,5732200,6170990.2,8357100,8496900,955846.8,5771600,6208874.5,32.710
scatter,virtual,warm,scattered,256,1024,262144,51,0.9023,103000,7316300,7384100,7508119.6,7595300,12971200,782723.4,7490800,7614127.5,33.857
scatter,physical,warm,scattered,256,1024,262144,51,1.0000,36800,7197100,7223000,7235490.2,7307500,7436100,39324.8,7259500,7273005.9,34.612
scatter,virtual,warm,scattered,256,2048,524288,51,0.9023,81400,237300,257700,260856.9,307700,325900,16079.4,338800,343419.6,1940.241
scatter,physical,warm,scattered,256,2048,524288,51,1.0000,33800,83600,85600,85335.3,90900,94100,2036.0,119400,119111.8,5841.121
scatter,virtual,warm,scattered,256,4096,1048576,51,0.9023,38000,86400,87400,88084.3,89500,110600,3806.7,125500,124721.6,11441.648
scatter,physical,warm,scattered,256,4096,1048576,51,1.0000,32900,65600,65900,66368.6,68700,70700,1159.9,98800,99615.7,15174.507
scatter,virtual,warm,scattered,384,8,3072,51,0.9245,172500,1748600,1807700,1825954.9,1906600,1927500,44554.2,1984700,1999341.2,1.621
scatter,physical,warm,scattered,384,8,3072,51,1.0000,161300,1725900,1780800,1796102.0,1880000,1938300,45340.5,1945300,1957696.1,1.645
scatter,virtual,warm,scattered,384,16,6144,51,0.9245,169000,1777700,1810100,1821052.9,1909600,1913800,37319.5,1982400,1989511.8,3.237
scatter,physical,warm,scattered,384,16,6144,51,1.0000,161400,1735500,1791900,1799372.5,1874000,1889200,37018.6,1953600,1961366.7,3.270
scatter,virtual,warm,scattered,384,32,12288,51,0.9245,170000,1765200,1813400,1822023.5,1895600,1905600,36562.8,1984500,1991331.4,6.462
scatter,physical,warm,scattered,384,32,12288,51,1.0000,163600,1747100,1790100,1805860.8,1877500,1991600,44361.9,1958400,1969166.7,6.546
scatter,virtual,warm,scattered,384,64,24576,51,0.9245,165600,1809100,1850500,1875186.3,2150600,2221500,86519.1,2016900,2040231.4,12.665
scatter,physical,warm,scattered,384,64,24576,51,1.0000,163800,1780600,1835500,1842309.8,1898500,2159900,57221.4,1997200,2006060.8,12.769
scatter,virtual,warm,scattered,384,128,49152,51,0.9245,161900,2931900,3036100,3040107.8,3127400,3145900,46802.0,3201500,3202886.3,15.439
scatter,physical,warm,scattered,384,128,49152,51,1.0000,158800,2905500,3007100,3012933.3,3098800,3222300,60913.5,3166400,3172819.6,15.588
scatter,virtual,warm,scattered,384,256,98304,51,0.9245,157100,4096900,4167000,4168329.4,4229400,4238200,34041.2,4322500,4327388.2,22.498
scatter,physical,warm,scattered,384,256,98304,51,1.0000,153400,4118300,4161200,4169156.9,4230800,4297400,33942.0,4317800,4323592.2,22.530
scatter,virtual,warm,scattered,384,512,196608,51,0.9245,154400,6598200,6664100,6678921.6,6763900,6886200,51651.5,6817500,6832200.0,28.136
scatter,physical,warm,scattered,384,512,196608,51,1.0000,149900,6569900,6651200,6717211.8,7002100,9214300,372073.0,6798300,6867215.7,28.190
scatter,virtual,warm,scattered,384,768,294912,51,0.9245,157500,8878600,8964000,9180078.4,11538800,11694300,661638.8,9115400,9339839.2,31.376
scatter,physical,warm,scattered,384,768,294912,51,1.0000,149700,8966500,9028300,9658211.8,11945500,12917600,1193516.3,9189000,9808980.4,31.152
scatter,virtual,warm,scattered,384,1024,393216,51,0.9245,152400,11252300,11322200,11337125.5,11458200,11548400,60959.2,11476100,11490286.3,33.121
scatter,physical,warm,scattered,384,1024,393216,51,1.0000,148700,11367000,11451000,11462309.8,11543800,11800700,65579.9,11604800,11611129.4,32.748
scatter,virtual,warm,scattered,384,2048,786432,51,0.9245,119900,384700,409700,419613.7,484200,550800,31819.6,529300,538272.5,1830.608
scatter,physical,warm,scattered,384,2048,786432,51,1.0000,122000,337600,353300,356652.9,390100,408200,14680.9,477300,480084.3,2122.842
scatter,virtual,warm,scattered,384,4096,1572864,51,0.9245,48500,127900,128400,131623.5,147000,168700,7460.5,177000,181729.4,11682.243
scatter,physical,warm,scattered,384,4096,1572864,51,1.0000,50000,97100,98600,99854.9,111400,128300,5279.9,148100,150462.7,15212.982
scatter,virtual,warm,scattered,512,8,4096,51,0.9355,225200,2414800,2475800,2475613.7,2540700,2576100,37182.5,2698200,2703227.5,1.578
scatter,physical,warm,scattered,512,8,4096,51,1.0000,209100,2414600,2504000,2590986.3,3543500,4020100,300896.0,2703400,2811164.7,1.560
scatter,virtual,warm,scattered,512,16,8192,51,0.9355,224300,2395600,2447000,2488705.9,2739100,2831300,101397.7,2667500,2713502.0,3.193
scatter,physical,warm,scattered,512,16,8192,51,1.0000,211600,2404500,2471300,2517449.0,2728500,2989900,119150.6,2681000,2729962.7,3.161
scatter,virtual,warm,scattered,512,32,16384,51,0.9355,224200,2408300,2445000,2474005.9,2659100,2693300,71637.5,2669500,2698672.5,6.391
scatter,physical,warm,scattered,512,32,16384,51,1.0000,209900,2419200,2477100,2502535.3,2648700,2741100,69737.7,2689200,2711925.5,6.308
scatter,virtual,warm,scattered,512,64,32768,51,0.9355,222900,2443400,2494500,2514774.5,2632700,2701100,58903.6,2718200,2739962.7,12.528
scatter,physical,warm,scattered,512,64,32768,51,1.0000,210600,2436700,2530000,2551205.9,2672500,2697300,59927.1,2744000,2762525.5,12.352
scatter,virtual,warm,scattered,512,128,65536,51,0.9355,217500,3901100,3985200,3991754.9,4074400,4093100,47915.5,4202300,4209356.9,15.683
scatter,physical,warm,scattered,512,128,65536,51,1.0000,202300,4047300,4190000,4185541.2,4331800,4341000,84928.0,4383100,4387372.5,14.916
scatter,virtual,warm,scattered,512,256,131072,51,0.9355,203400,5568100,5638400,5699231.4,5752500,8525200,407087.2,5840300,5903688.2,22.169
scatter,physical,warm,scattered,512,256,131072,51,1.0000,190700,5517000,5598400,5600774.5,5679300,5694800,40716.2,5792000,5792268.6,22.328
scatter,virtual,warm,scattered,512,512,262144,51,0.9355,204400,8815900,8891000,8902476.5,8994700,9013900,47133.5,9103800,9106758.8,28.118
scatter,physical,warm,scattered,512,512,262144,51,1.0000,188700,8820100,8913400,9154125.5,11642800,13961900,948031.7,9094800,9345517.6,28.048
scatter,virtual,warm,scattered,512,768,393216,51,0.9336,202500,12030900,12236500,12941764.7,15124200,16127300,1265477.8,12434600,13147486.3,30.646
scatter,physical,warm,scattered,512,768,393216,51,1.0000,184200,12106600,12208800,12433896.1,14904400,15037600,749654.0,12391200,12620752.9,30.716
scatter,virtual,warm,scattered,512,1024,524288,51,0.9336,200900,15024600,15101200,15173527.5,15339200,17722300,371538.7,15305600,15376721.6,33.110
scatter,physical,warm,scattered,512,1024,524288,51,1.0000,181200,15381500,15463300,15677968.6,18054300,20684300,887615.3,15648000,15860598.0,32.335
scatter,virtual,warm,scattered,512,2048,1048576,51,0.9336,155600,535900,561500,576037.3,663400,697200,37480.4,719900,733811.8,1780.944
scatter,physical,warm,scattered,512,2048,1048576,51,1.0000,154800,483300,528400,533719.6,607800,672400,40826.3,684100,691623.5,1892.506
scatter,virtual,warm,scattered,512,4096,2097152,51,0.9336,67300,172600,187800,193186.3,218000,286300,18921.8,263800,264519.6,10649.627
scatter,physical,warm,scattered,512,4096,2097152,51,1.0000,64600,131200,131800,135952.9,157400,195000,11228.6,196600,203145.1,15174.507
scatter,virtual,nocache,contiguous,1,8,8,51,1.0000,900,150400,166700,168811.8,196500,228700,13267.2,167600,169731.4,0.046
scatter,physical,nocache,contiguous,1,8,8,51,1.0000,1000,155600,166400,166254.9,167400,171600,1809.3,167400,167227.5,0.046
scatter_page,virtual,nocache,contiguous,1,8,8,51,1.0000,900,158400,166400,169007.8,171400,235500,12536.9,167300,169919.6,0.046
scalar,virtual,nocache,contiguous,1,8,8,51,1.0000,0,160800,167400,169602.0,173800,248000,11765.4,167400,169602.0,0.046
scatter,virtual,nocache,contiguous,1,16,16,51,1.0000,900,156200,166500,166984.3,171100,200400,5265.6,167400,167923.5,0.092
scatter,physical,nocache,contiguous,1,16,16,51,1.0000,1000,154700,166400,167107.8,174600,188700,4361.1,167400,168123.5,0.092
scatter,virtual,nocache,contiguous,1,32,32,51,1.0000,900,122900,166200,165982.4,170600,244100,14325.8,167100,166894.1,0.184
scatter,physical,nocache,contiguous,1,32,32,51,1.0000,1000,122700,166200,167241.2,171200,243200,13026.1,167200,168217.6,0.184
scatter,virtual,nocache,contiguous,1,64,64,51,1.0000,900,122300,166500,167951.0,169200,232800,13808.6,167400,168858.8,0.367
scatter,physical,nocache,contiguous,1,64,64,51,1.0000,1000,165600,166600,167996.1,167600,236900,9876.5,167600,168966.7,0.366
scatter,virtual,nocache,contiguous,1,128,128,51,1.0000,900,135000,166300,165592.2,168400,171800,4767.8,167200,166537.3,0.734
scatter,physical,nocache,contiguous,1,128,128,51,1.0000,1000,155100,166200,169637.3,218900,249400,16075.1,167100,170609.8,0.734
scatter,virtual,nocache,contiguous,1,256,256,51,1.0000,900,157400,166100,166027.5,167100,169900,1538.1,167100,167025.5,1.470
scatter,physical,nocache,contiguous,1,256,256,51,1.0000,900,157800,166200,168500.0,170900,228500,10910.9,167100,169458.8,1.469
scatter,virtual,nocache,contiguous,1,512,512,51,1.0000,900,159700,166500,167502.0,168300,216600,7108.2,167400,168433.3,2.933
scatter,physical,nocache,contiguous,1,512,512,51,1.0000,1000,158300,166300,167764.7,168500,234300,9727.6,167300,168733.3,2.936
scatter,virtual,nocache,contiguous,1,768,768,51,1.0000,900,165100,166600,167817.6,169500,219900,7526.0,167500,168735.3,4.396
scatter,physical,nocache,contiguous,1,768,768,51,1.0000,1000,157400,166300,166354.9,167900,180700,2744.9,167300,167331.4,4.404
scatter,virtual,nocache,contiguous,1,1024,1024,51,1.0000,900,160000,166400,166470.6,167300,174100,1690.0,167400,167398.0,5.869
scatter,physical,nocache,contiguous,1,1024,1024,51,1.0000,1000,158500,166500,166549.0,168000,175300,1825.6,167400,167517.6,5.865
scatter,virtual,nocache,contiguous,1,2048,2048,51,1.0000,900,161000,166400,166600.0,170800,172000,1636.6,167400,167562.7,11.738
scatter,physical,nocache,contiguous,1,2048,2048,51,1.0000,1000,161300,166500,174407.8,168900,569400,56433.5,167500,175390.2,11.730
scatter,virtual,nocache,contiguous,1,4096,4096,51,1.0000,900,162100,166700,179692.2,182700,759000,82977.1,167700,180649.0,23.433
scatter,physical,nocache,contiguous,1,4096,4096,51,1.0000,1000,158900,166500,167437.3,168100,211300,6510.2,167500,168415.7,23.461
scatter_page,virtual,nocache,contiguous,1,4096,4096,51,1.0000,900,158200,166600,167105.9,168600,203500,5493.5,167600,168052.9,23.447
scalar,virtual,nocache,contiguous,1,4096,4096,51,1.0000,0,162300,167300,167652.9,168600,184200,2646.8,167300,167652.9,23.349
scatter,virtual,nocache,contiguous,2,8,16,51,1.0000,1200,157000,166400,166300.0,167300,167800,1410.1,167500,167482.4,0.092
scatter,physical,nocache,contiguous,2,8,16,51,1.0000,1100,157000,166000,165960.8,167600,172200,1981.6,167100,167268.6,0.092
scatter_page,virtual,nocache,contiguous,2,8,16,51,1.0000,1100,161700,166200,166462.7,167300,186100,2971.0,167300,167584.3,0.092
scalar,virtual,nocache,contiguous,2,8,16,51,1.0000,0,330200,336200,337221.6,337700,379100,6270.6,336200,337221.6,0.045
scatter,virtual,nocache,contiguous,2,16,32,51,1.0000,1200,159600,166300,166413.7,168500,175600,1791.5,167500,167603.9,0.184
scatter,physical,nocache,contiguous,2,16,32,51,1.0000,1100,156600,166200,167962.7,168800,245700,11289.1,167400,169117.6,0.184
scatter,virtual,nocache,contiguous,2,32,64,51,1.0000,1200,156600,166200,166727.5,169500,183500,3096.7,167400,167902.0,0.367
scatter,physical,nocache,contiguous,2,32,64,51,1.0000,1100,164700,166200,166513.7,169200,174100,1508.2,167400,167629.4,0.367
scatter,virtual,nocache,contiguous,2,64,128,51,1.0000,1200,153400,166000,166333.3,178400,196100,5931.9,167300,167523.5,0.735
scatter,physical,nocache,contiguous,2,64,128,51,1.0000,1100,159300,166600,166837.3,171100,178300,2277.7,167700,167952.9,0.733
scatter,virtual,nocache,contiguous,2,128,256,51,1.0000,1200,161500,166300,166372.5,167200,176400,1655.4,167400,167549.0,1.468
scatter,physical,nocache,contiguous,2,128,256,51,1.0000,1100,157500,166300,167241.2,170400,208700,6406.2,167400,168362.7,1.468
scatter,virtual,nocache,contiguous,2,256,512,51,1.0000,1200,162800,166300,166502.0,169900,170200,1542.9,167500,167700.0,2.936
scatter,physical,nocache,contiguous,2,256,512,51,1.0000,1100,157700,166300,166225.5,167900,169700,1423.4,167400,167356.9,2.936
scatter,virtual,nocache,contiguous,2,512,1024,51,1.0000,1200,163700,166200,166319.6,168800,169200,952.3,167300,167500.0,5.876
scatter,physical,nocache,contiguous,2,512,1024,51,1.0000,1100,159200,166100,166341.2,168100,176400,1928.1,167200,167454.9,5.879
scatter,virtual,nocache,contiguous,2,768,1536,51,1.0000,1200,160400,166500,166833.3,171400,175300,1948.2,167700,168011.8,8.798
scatter,physical,nocache,contiguous,2,768,1536,51,1.0000,1100,161000,166200,166456.9,168400,176800,2264.4,167300,167582.4,8.814
scatter,virtual,nocache,contiguous,2,1024,2048,51,1.0000,1200,162400,166500,166952.9,169500,175800,1985.3,167700,168221.6,11.730
scatter,physical,nocache,contiguous,2,1024,2048,51,1.0000,1100,162800,166700,166858.8,167900,173600,1246.3,167800,167990.2,11.716
scatter,virtual,nocache,contiguous,2,2048,4096,51,1.0000,1200,163800,166300,166529.4,167900,171300,1184.4,167500,167705.9,23.489
scatter,physical,nocache,contiguous,2,2048,4096,51,1.0000,1100,158900,166300,166425.5,168200,175300,1769.2,167400,167552.9,23.489
scatter,virtual,nocache,contiguous,2,4096,8192,51,1.0000,1200,159400,166000,166278.4,170000,171700,1764.3,167200,167486.3,47.063
scatter,physical,nocache,contiguous,2,4096,8192,51,1.0000,1200,163700,166300,169160.8,182600,183500,5694.1,167400,170378.4,46.978
scatter_page,virtual,nocache,contiguous,2,4096,8192,51,1.0000,1200,161200,166400,166739.2,171300,177700,2636.1,167600,167966.7,46.950
scalar,virtual,nocache,contiguous,2,4096,8192,51,1.0000,0,327200,336200,346513.7,338000,847800,71673.2,336200,346513.7,23.238
scatter,virtual,nocache,contiguous,4,8,32,51,1.0000,1800,159600,166000,166386.3,170400,175700,2116.4,167900,168213.7,0.184
scatter,physical,nocache,contiguous,4,8,32,51,1.0000,1700,164800,166000,165923.5,166900,167300,589.4,167700,167662.7,0.184
scatter_page,virtual,nocache,contiguous,4,8,32,51,1.0000,1700,189400,191800,193502.0,199300,252900,8819.3,193700,195411.8,0.159
scalar,virtual,nocache,contiguous,4,8,32,51,1.0000,0,664900,673600,674045.1,682600,686000,3344.1,673600,674045.1,0.045
scatter,virtual,nocache,contiguous,4,16,64,51,1.0000,1800,159800,165900,167482.4,169900,239800,10440.2,167700,169298.0,0.368
scatter,physical,nocache,contiguous,4,16,64,51,1.0000,1700,158700,165900,166625.5,167600,201900,5264.2,167600,168378.4,0.368
scatter,virtual,nocache,contiguous,4,32,128,51,1.0000,1800,159300,165800,165954.9,167400,175300,1745.3,167600,167731.4,0.736
scatter,physical,nocache,contiguous,4,32,128,51,1.0000,1700,164300,166000,166266.7,167200,181000,2184.0,167700,167984.3,0.735
scatter,virtual,nocache,contiguous,4,64,256,51,1.0000,1800,160800,166000,165978.4,167200,170900,1348.7,167800,167768.6,1.471
scatter,physical,nocache,contiguous,4,64,256,51,1.0000,1700,160300,166200,167337.3,174800,186800,3975.0,167900,169103.9,1.469
scatter,virtual,nocache,contiguous,4,128,512,51,1.0000,1800,161500,165900,166513.7,172500,181200,2794.6,167700,168296.1,2.943
scatter,physical,nocache,contiguous,4,128,512,51,1.0000,1700,158900,166000,166131.4,168200,169100,1321.4,167700,167880.4,2.941
scatter,virtual,nocache,contiguous,4,256,1024,51,1.0000,1800,160800,165900,166274.5,167400,177400,2448.6,167700,168054.9,5.886
scatter,physical,nocache,contiguous,4,256,1024,51,1.0000,1700,160300,166000,166088.2,167800,169200,1180.3,167800,167835.3,5.883
scatter,virtual,nocache,contiguous,4,512,2048,51,1.0000,1800,164200,166100,167025.5,167500,211500,6397.2,167900,168798.0,11.759
scatter,physical,nocache,contiguous,4,512,2048,51,1.0000,1700,162200,166200,166458.8,168400,171700,1318.5,167900,168198.0,11.752
scatter,virtual,nocache,contiguous,4,768,3072,51,1.0000,1800,165000,166300,166494.1,167400,174800,1336.3,168100,168262.7,17.617
scatter,physical,nocache,contiguous,4,768,3072,51,1.0000,1700,162700,166300,166274.5,167600,169300,873.6,168000,167992.2,17.617
scatter,virtual,nocache,contiguous,4,1024,4096,51,1.0000,1800,226600,228600,229088.2,232800,237100,1839.9,230500,230888.2,17.088
scatter,physical,nocache,contiguous,4,1024,4096,51,1.0000,1700,226100,228200,228802.0,233100,248700,3179.0,229900,230545.1,17.118
scatter,virtual,nocache,contiguous,4,2048,8192,51,1.0000,1800,190400,192200,192529.4,196400,202000,1871.4,194100,194490.2,40.648
scatter,physical,nocache,contiguous,4,2048,8192,51,1.0000,1700,189500,192200,193052.9,200500,213500,4105.2,194000,194788.2,40.648
scatter,virtual,nocache,contiguous,4,4096,16384,51,1.0000,1400,190200,192700,192723.5,194900,201600,1620.8,194100,194178.4,81.085
scatter,physical,nocache,contiguous,4,4096,16384,51,1.0000,1400,189700,192500,192868.6,195000,202500,1954.3,193900,194254.9,81.169
scatter_page,virtual,nocache,contiguous,4,4096,16384,51,1.0000,1400,191100,192600,193235.3,197700,209700,2913.1,194000,194690.2,81.127
scalar,virtual,nocache,contiguous,4,4096,16384,51,1.0000,0,662300,673700,673741.2,677800,679800,2268.2,673700,673741.2,23.193
scatter,virtual,nocache,contiguous,8,8,64,51,1.0000,2300,162300,165900,166031.4,168200,170900,1190.4,168200,168315.7,0.368
scatter,physical,nocache,contiguous,8,8,64,51,1.0000,2200,159300,166000,170460.8,196800,246200,16493.6,168300,172798.0,0.368
scatter_page,virtual,nocache,contiguous,8,8,64,51,1.0000,2300,256500,259200,259564.7,264500,269000,2220.7,261400,261925.5,0.235
scalar,virtual,nocache,contiguous,8,8,64,51,1.0000,0,1336500,1348500,1349090.2,1357200,1360900,4023.9,1348500,1349090.2,0.045
scatter,virtual,nocache,contiguous,8,16,128,51,1.0000,2300,162000,165900,166052.9,167400,176100,1884.7,168100,168409.8,0.736
scatter,physical,nocache,contiguous,8,16,128,51,1.0000,2300,160700,165800,165843.1,167300,170300,1089.3,168100,168129.4,0.736
scatter,virtual,nocache,contiguous,8,32,256,51,1.0000,2300,162100,165800,166064.7,169600,172100,1529.6,168100,168364.7,1.473
scatter,physical,nocache,contiguous,8,32,256,51,1.0000,2200,165000,166000,166076.5,167600,168800,681.3,168200,168327.5,1.471
scatter,virtual,nocache,contiguous,8,64,512,51,1.0000,2300,163500,166000,166309.8,170000,173600,1607.5,168300,168627.5,2.941
scatter,physical,nocache,contiguous,8,64,512,51,1.0000,2300,159700,165900,166160.8,169900,175300,2110.8,168200,168433.3,2.943
scatter,virtual,nocache,contiguous,8,128,1024,51,1.0000,2300,163300,166200,166482.4,167700,173400,1380.4,168600,168833.3,5.876
scatter,physical,nocache,contiguous,8,128,1024,51,1.0000,2300,163900,166800,166874.5,168400,176000,1593.7,169100,169184.3,5.855
scatter,virtual,nocache,contiguous,8,256,2048,51,1.0000,2300,163900,166000,166394.1,169600,172900,1510.4,168300,168717.6,11.766
scatter,physical,nocache,contiguous,8,256,2048,51,1.0000,2300,163700,166500,167258.8,172200,187200,3367.6,168700,169611.8,11.730
scatter,virtual,nocache,contiguous,8,512,4096,51,1.0000,2300,227300,229000,231729.4,243200,313000,12296.3,231300,234049.0,17.058
scatter,physical,nocache,contiguous,8,512,4096,51,1.0000,2300,226700,229000,230574.5,232900,290600,9313.1,231300,232868.6,17.058
scatter,virtual,nocache,contiguous,8,768,6144,51,1.0000,2300,229700,231300,231849.0,234200,247400,2601.9,233700,234152.9,25.332
scatter,physical,nocache,contiguous,8,768,6144,51,1.0000,2200,229300,231000,231298.0,235100,239300,1640.1,233200,233554.9,25.365
scatter,virtual,nocache,contiguous,8,1024,8192,51,1.0000,2300,292000,295000,295511.8,301700,304900,2742.9,297300,297835.3,26.483
scatter,physical,nocache,contiguous,8,1024,8192,51,1.0000,2300,290700,293700,293978.4,296600,305000,2196.4,296000,296266.7,26.600
scatter,virtual,nocache,contiguous,8,2048,16384,51,1.0000,2300,257300,259500,259623.5,260900,273400,2232.9,261800,261958.8,60.212
scatter,physical,nocache,contiguous,8,2048,16384,51,1.0000,2300,255000,257600,258098.0,261800,277200,3234.5,259800,260390.2,60.656
scatter,virtual,nocache,contiguous,8,4096,32768,51,1.0000,1900,255900,257900,258311.8,260100,271800,2610.3,259900,260252.9,121.171
scatter,physical,nocache,contiguous,8,4096,32768,51,1.0000,1900,255300,257000,257698.0,261700,275400,3144.7,259000,259605.9,121.595
scatter_page,virtual,nocache,contiguous,8,4096,32768,51,1.0000,1900,255500,258100,260027.5,264100,336800,11201.8,260000,261943.1,121.077
scalar,virtual,nocache,contiguous,8,4096,32768,51,1.0000,0,1339000,1349200,1350839.2,1359900,1402900,8663.9,1349200,1350839.2,23.162
scatter,virtual,nocache,contiguous,12,8,96,51,1.0000,2800,164900,166100,166380.4,169300,174900,1527.9,168800,169211.8,0.551
scatter,physical,nocache,contiguous,12,8,96,51,1.0000,2800,161100,165800,165974.5,167500,176300,1833.3,168600,168880.4,0.552
scatter_page,virtual,nocache,contiguous,12,8,96,51,1.0000,2800,321300,323300,324311.8,332300,335400,3038.5,326500,327158.8,0.283
scalar,virtual,nocache,contiguous,12,8,96,51,1.0000,0,2018500,2024600,2026280.4,2039700,2063600,7048.1,2024600,2026280.4,0.045
scatter,virtual,nocache,contiguous,12,16,192,51,1.0000,2800,163300,165900,166272.5,167200,182200,2390.9,168700,169088.2,1.104
scatter,physical,nocache,contiguous,12,16,192,51,1.0000,2800,160900,165600,167068.6,171400,228400,8945.0,168500,169913.7,1.106
scatter,virtual,nocache,contiguous,12,32,384,51,1.0000,2800,164100,166100,166382.4,167300,184800,2732.9,168800,169158.8,2.205
scatter,physical,nocache,contiguous,12,32,384,51,1.0000,2800,164300,165800,166100.0,168400,172100,1226.7,168600,168892.2,2.209
scatter,virtual,nocache,contiguous,12,64,768,51,1.0000,2800,163200,165900,166384.3,171300,173900,1776.0,168700,169186.3,4.415
scatter,physical,nocache,contiguous,12,64,768,51,1.0000,2800,163100,166100,166274.5,167800,176500,1652.0,168900,169119.6,4.410
scatter,virtual,nocache,contiguous,12,128,1536,51,1.0000,2800,165000,166200,166843.1,171100,174700,1833.7,169000,169652.9,8.814
scatter,physical,nocache,contiguous,12,128,1536,51,1.0000,2800,165300,166300,166374.5,167300,168100,596.6,169200,169203.9,8.808
scatter,virtual,nocache,contiguous,12,256,3072,51,1.0000,2800,227700,229800,230772.5,232100,267500,5687.1,232600,233586.3,12.749
scatter,physical,nocache,contiguous,12,256,3072,51,1.0000,2800,226700,228800,230384.3,239700,263100,6653.1,231700,233247.1,12.805
scatter,virtual,nocache,contiguous,12,512,6144,51,1.0000,2800,231700,233800,234402.0,242200,248400,2941.8,236600,237219.6,25.061
scatter,physical,nocache,contiguous,12,512,6144,51,1.0000,2800,230900,232600,232788.2,234600,239600,1427.0,235400,235643.1,25.191
scatter,virtual,nocache,contiguous,12,768,9216,51,1.0000,2800,297600,301000,304421.6,317800,421800,17310.6,303900,307266.7,29.200
scatter,physical,nocache,contiguous,12,768,9216,51,1.0000,2900,296900,300200,301735.3,312200,322000,4986.6,303000,304607.8,29.277
scatter,virtual,nocache,contiguous,12,1024,12288,51,1.0000,2800,371000,376300,376433.3,379200,388900,2963.6,379200,379268.6,31.142
scatter,physical,nocache,contiguous,12,1024,12288,51,1.0000,2800,370800,374600,375578.4,382200,388500,3345.6,377600,378498.0,31.283
scatter,virtual,nocache,contiguous,12,2048,24576,51,1.0000,2800,321200,324500,326198.0,341500,367200,7840.3,327400,329045.1,72.227
scatter,physical,nocache,contiguous,12,2048,24576,51,1.0000,2800,319400,322500,322821.6,324800,338800,2568.6,325400,325680.4,72.674
scatter,virtual,nocache,contiguous,12,4096,49152,51,1.0000,2400,320300,322300,322772.5,326600,332500,2225.8,324800,325229.4,145.439
scatter,physical,nocache,contiguous,12,4096,49152,51,1.0000,2400,317300,320600,321054.9,323600,341900,3312.5,323000,323470.6,146.210
scatter_page,virtual,nocache,contiguous,12,4096,49152,51,1.0000,2400,319500,322900,323429.4,330900,333600,2778.0,325400,325852.9,145.169
scalar,virtual,nocache,contiguous,12,4096,49152,51,1.0000,0,2018700,2026200,2042823.5,2185400,2200500,46829.6,2026200,2042823.5,23.134
scatter,virtual,nocache,contiguous,16,8,128,51,1.0000,3400,164900,165800,166386.3,166800,192800,3813.2,169300,169858.8,0.736
scatter,physical,nocache,contiguous,16,8,128,51,1.0000,3400,164500,165700,166398.0,173800,180400,2895.5,169100,169851.0,0.737
scatter_page,virtual,nocache,contiguous,16,8,128,51,1.0000,3300,496600,500600,501992.2,508000,554000,7872.2,504000,505421.6,0.244
scalar,virtual,nocache,contiguous,16,8,128,51,1.0000,0,2691300,2700000,2703427.5,2732100,2770500,13102.3,2700000,2703427.5,0.045
scatter,virtual,nocache,contiguous,16,16,256,51,1.0000,3400,163900,165900,166200.0,167400,178900,2300.6,169300,169672.5,1.472
scatter,physical,nocache,contiguous,16,16,256,51,1.0000,3500,162800,165300,166486.3,173300,199100,5174.0,168800,170021.6,1.477
scatter,virtual,nocache,contiguous,16,32,512,51,1.0000,3300,164700,165600,165692.2,166800,167200,531.4,169000,169052.9,2.949
scatter,physical,nocache,contiguous,16,32,512,51,1.0000,3400,162000,165500,165958.8,170600,177600,2541.5,168900,169480.4,2.950
scatter,virtual,nocache,contiguous,16,64,1024,51,1.0000,3400,164500,165900,166192.2,167800,176000,1660.3,169300,169582.4,5.886
scatter,physical,nocache,contiguous,16,64,1024,51,1.0000,3400,164100,165500,165554.9,166700,171900,1095.3,168800,168968.6,5.901
scatter,virtual,nocache,contiguous,16,128,2048,51,1.0000,3400,226300,228500,229400.0,238400,241400,2907.8,231900,232815.7,8.548
scatter,physical,nocache,contiguous,16,128,2048,51,1.0000,3400,224600,226700,227294.1,233600,236000,2401.1,230100,230782.4,8.615
scatter,virtual,nocache,contiguous,16,256,4096,51,1.0000,3400,230300,232800,233376.5,236800,261900,4525.9,236200,236803.9,16.779
scatter,physical,nocache,contiguous,16,256,4096,51,1.0000,3500,228500,230800,231564.7,237100,260900,4533.4,234400,235115.7,16.925
scatter,virtual,nocache,contiguous,16,512,8192,51,1.0000,3400,296800,299500,299617.6,302400,306000,1709.2,302900,303047.1,26.085
scatter,physical,nocache,contiguous,16,512,8192,51,1.0000,3400,295100,297800,300751.0,311900,362600,11610.2,301200,304231.4,26.234
scatter,virtual,nocache,contiguous,16,768,12288,51,1.0000,3400,374700,378700,381037.3,390600,442900,9708.3,382100,384462.7,30.945
scatter,physical,nocache,contiguous,16,768,12288,51,1.0000,3400,374100,377300,377549.0,380400,388800,2422.7,380900,381062.7,31.060
scatter,virtual,nocache,contiguous,16,1024,16384,51,1.0000,3400,456200,461700,462460.8,469200,481300,3944.6,465200,465874.5,33.842
scatter,physical,nocache,contiguous,16,1024,16384,51,1.0000,3500,454300,459200,460380.4,467900,492900,5964.8,462700,463898.0,34.027
scatter,virtual,nocache,contiguous,16,2048,32768,51,1.0000,3400,498100,501600,506143.1,552500,563300,15031.1,505000,509582.4,62.301
scatter,physical,nocache,contiguous,16,2048,32768,51,1.0000,3400,496600,499400,500988.2,513000,548500,7596.4,502900,504431.4,62.575
scatter,virtual,nocache,contiguous,16,4096,65536,51,1.0000,2900,495600,499900,501590.2,515500,552300,8678.8,502700,504472.5,125.025
scatter,physical,nocache,contiguous,16,4096,65536,51,1.0000,2900,494400,498600,506903.9,557900,616100,24684.5,501500,509798.0,125.351
scatter_page,virtual,nocache,contiguous,16,4096,65536,51,1.0000,2900,496400,499500,504005.9,551700,553900,14122.1,502500,506872.5,125.125
scalar,virtual,nocache,contiguous,16,4096,65536,51,1.0000,0,2685400,2700500,2706386.3,2768000,2847000,26769.8,2700500,2706386.3,23.144
scatter,virtual,nocache,contiguous,20,8,160,51,1.0000,3900,165500,166600,166921.6,168700,170500,1023.2,170500,170845.1,0.916
scatter,physical,nocache,contiguous,20,8,160,51,1.0000,3900,164200,165200,165774.5,169400,178500,2278.1,169100,169794.1,0.924
scatter_page,virtual,nocache,contiguous,20,8,160,51,1.0000,3800,561900,565600,566347.1,573800,579200,3579.3,569500,570233.3,0.270
scalar,virtual,nocache,contiguous,20,8,160,51,1.0000,0,3365500,3377000,3381398.0,3423700,3441500,15747.0,3377000,3381398.0,0.045
scatter,virtual,nocache,contiguous,20,16,320,51,1.0000,4000,165800,167500,167692.2,169500,170000,1022.9,171400,171768.6,1.822
scatter,physical,nocache,contiguous,20,16,320,51,1.0000,4000,164200,165300,166241.2,172500,177700,2643.6,169200,170286.3,1.846
scatter,virtual,nocache,contiguous,20,32,640,51,1.0000,3900,165000,166200,166652.9,169100,170700,1150.4,170200,170578.4,3.672
scatter,physical,nocache,contiguous,20,32,640,51,1.0000,3900,163900,165100,165570.6,166900,175400,1955.6,169000,169480.4,3.697
scatter,virtual,nocache,contiguous,20,64,1280,51,1.0000,3900,165200,166500,166919.6,168300,178700,1985.8,170500,170847.1,7.332
scatter,physical,nocache,contiguous,20,64,1280,51,1.0000,3900,164100,165100,165635.3,168200,181000,2632.2,168900,169594.1,7.394
scatter,virtual,nocache,contiguous,20,128,2560,51,1.0000,3900,230300,231800,232115.7,233600,245800,2067.9,235800,236105.9,10.532
scatter,physical,nocache,contiguous,20,128,2560,51,1.0000,3900,226200,229000,229431.4,234600,244400,2775.9,232900,233407.8,10.661
scatter,virtual,nocache,contiguous,20,256,5120,51,1.0000,4000,232900,234900,235788.2,238800,271300,5251.3,238900,239770.6,20.787
scatter,physical,nocache,contiguous,20,256,5120,51,1.0000,3900,230200,232500,233151.0,235900,249200,3293.4,236600,237223.5,21.001
scatter,virtual,nocache,contiguous,20,512,10240,51,1.0000,4000,368100,371700,375617.6,383800,498700,18133.1,375600,379613.7,26.273
scatter,physical,nocache,contiguous,20,512,10240,51,1.0000,4100,365300,369800,375782.4,437800,443900,18219.3,374000,379880.4,26.408
scatter,virtual,nocache,contiguous,20,768,15360,51,1.0000,4000,452100,456000,457582.4,464700,510000,8040.7,460000,461586.3,32.124
scatter,physical,nocache,contiguous,20,768,15360,51,1.0000,4100,450200,455000,455537.3,463600,465500,3215.6,459000,459588.2,32.194
scatter,virtual,nocache,contiguous,20,1024,20480,51,1.0000,4000,539100,544200,544103.9,550100,555200,3038.4,548300,548098.0,35.890
scatter,physical,nocache,contiguous,20,1024,20480,51,1.0000,4000,537700,542000,542725.5,552800,569400,4931.3,546100,546782.4,36.036
scatter,virtual,nocache,contiguous,20,2048,40960,51,1.0000,3900,561200,566300,570023.5,588900,661000,14702.9,570300,573982.4,68.978
scatter,physical,nocache,contiguous,20,2048,40960,51,1.0000,3900,561000,564200,567772.5,603400,608900,11450.1,568500,571758.8,69.235
scatter,virtual,nocache,contiguous,20,4096,81920,51,1.0000,3300,561400,565000,569272.5,604400,659100,15746.7,568400,572600.0,138.274
scatter,physical,nocache,contiguous,20,4096,81920,51,1.0000,3300,557500,562100,563133.3,569400,610200,7123.4,565400,566466.7,138.988
scatter_page,virtual,nocache,contiguous,20,4096,81920,51,1.0000,3300,559500,565500,584262.7,675300,683400,37934.7,569000,587611.8,138.152
scalar,virtual,nocache,contiguous,20,4096,81920,51,1.0000,0,3360500,3372700,3375064.7,3396800,3429100,10527.7,3372700,3375064.7,23.164
scatter,virtual,nocache,contiguous,24,8,192,51,1.0000,4400,166300,167600,167858.8,169400,178900,1767.5,172100,172352.9,1.093
scatter,physical,nocache,contiguous,24,8,192,51,1.0000,4300,163600,165200,165313.7,167400,170600,1201.8,169500,169898.0,1.108
scatter_page,virtual,nocache,contiguous,24,8,192,51,1.0000,4400,627200,629800,641215.7,726900,735800,28662.0,634200,645690.2,0.291
scalar,virtual,nocache,contiguous,24,8,192,51,1.0000,0,4037000,4050400,4053660.8,4080200,4119600,13435.5,4050400,4053660.8,0.045
scatter,virtual,nocache,contiguous,24,16,384,51,1.0000,4600,166900,168100,168592.2,169800,182400,2149.0,172800,173290.2,2.179
scatter,physical,nocache,contiguous,24,16,384,51,1.0000,4300,164200,165700,166064.7,167900,171500,1219.0,170200,170537.3,2.210
scatter,virtual,nocache,contiguous,24,32,768,51,1.0000,4600,166600,168200,168270.6,169500,172100,923.3,172900,172874.5,4.354
scatter,physical,nocache,contiguous,24,32,768,51,1.0000,4300,164700,165700,166754.9,168400,207200,5884.7,170000,171115.7,4.420
scatter,virtual,nocache,contiguous,24,64,1536,51,1.0000,4600,167100,168700,170443.1,178800,208000,6094.9,173200,175096.1,8.683
scatter,physical,nocache,contiguous,24,64,1536,51,1.0000,4300,164500,166100,167007.8,173200,195200,4443.9,170400,171447.1,8.819
scatter,virtual,nocache,contiguous,24,128,3072,51,1.0000,4700,231700,234600,235123.5,243400,244700,2664.0,239300,239892.2,12.488
scatter,physical,nocache,contiguous,24,128,3072,51,1.0000,4500,228700,231100,231331.4,233100,253000,3320.0,235500,235802.0,12.677
scatter,virtual,nocache,contiguous,24,256,6144,51,1.0000,4700,296800,300000,300158.8,305000,309600,2451.5,304700,304919.6,19.531
scatter,physical,nocache,contiguous,24,256,6144,51,1.0000,4600,294200,297300,298703.9,308700,325200,5684.5,301800,303241.2,19.709
scatter,virtual,nocache,contiguous,24,512,12288,51,1.0000,4700,378600,382000,382309.8,388900,394100,2677.0,386600,386994.1,30.677
scatter,physical,nocache,contiguous,24,512,12288,51,1.0000,4500,375600,380500,382007.8,391600,420300,6570.3,385100,386505.9,30.798
scatter,virtual,nocache,contiguous,24,768,18432,51,1.0000,4700,529100,534300,535966.7,548200,579900,7940.6,539100,540866.7,32.899
scatter,physical,nocache,contiguous,24,768,18432,51,1.0000,4400,527600,532200,533466.7,541200,553600,4539.0,536800,537949.0,33.029
scatter,virtual,nocache,contiguous,24,1024,24576,51,1.0000,4700,872300,877400,882005.9,932600,934600,14819.1,882000,886666.7,26.712
scatter,physical,nocache,contiguous,24,1024,24576,51,1.0000,4400,869100,875100,875466.7,882400,887400,3361.0,879400,879854.9,26.783
scatter,virtual,nocache,contiguous,24,2048,49152,51,1.0000,4600,629100,631300,631729.4,636000,641700,2274.1,635900,636392.2,74.252
scatter,physical,nocache,contiguous,24,2048,49152,51,1.0000,4400,626400,628700,629768.6,639500,641800,3308.9,633300,634258.8,74.559
scatter,virtual,nocache,contiguous,24,4096,98304,51,1.0000,4000,624900,628600,639839.2,735600,738000,30845.0,632600,643825.5,149.141
scatter,physical,nocache,contiguous,24,4096,98304,51,1.0000,3800,623700,626700,627237.3,632200,645100,3373.3,630500,631152.9,149.593
scatter_page,virtual,nocache,contiguous,24,4096,98304,51,1.0000,3900,625400,628800,630839.2,631700,723500,13398.4,632800,634729.4,149.094
scalar,virtual,nocache,contiguous,24,4096,98304,51,1.0000,0,4038700,4049700,4052152.9,4072800,4101800,10829.1,4049700,4052152.9,23.150
scatter,virtual,nocache,contiguous,26,8,208,51,1.0000,4800,167400,168700,169209.8,171000,181500,2379.4,173500,174019.6,1.176
scatter,physical,nocache,contiguous,26,8,208,51,1.0000,4600,164600,166000,168617.6,188500,240600,11830.9,170600,173266.7,1.195
scatter_page,virtual,nocache,contiguous,26,8,208,51,1.0000,4600,735800,739300,740768.6,752400,788000,7688.1,744100,745558.8,0.268
scalar,virtual,nocache,contiguous,26,8,208,51,1.0000,0,4372200,4385600,4389207.8,4419600,4462100,16258.7,4385600,4389207.8,0.045
scatter,virtual,nocache,contiguous,26,16,416,51,1.0000,4900,167500,168800,169294.1,172300,185100,2703.7,173600,174207.8,2.350
scatter,physical,nocache,contiguous,26,16,416,51,1.0000,4700,165000,166200,166374.5,167800,171600,1001.6,170800,171047.1,2.387
scatter,virtual,nocache,contiguous,26,32,832,51,1.0000,4700,167100,168800,168823.5,170300,174900,1204.6,173500,173578.4,4.701
scatter,physical,nocache,contiguous,26,32,832,51,1.0000,4600,164700,165900,166247.1,170100,171400,1373.1,170400,170882.4,4.783
scatter,virtual,nocache,contiguous,26,64,1664,51,1.0000,4700,167800,169100,169439.2,172600,173100,1223.3,173800,174172.5,9.384
scatter,physical,nocache,contiguous,26,64,1664,51,1.0000,4600,164900,166400,167370.6,169000,211600,6428.4,170900,172103.9,9.537
scatter,virtual,nocache,contiguous,26,128,3328,51,1.0000,4800,232700,234800,235143.1,236700,242900,1766.5,239700,239994.1,13.517
scatter,physical,nocache,contiguous,26,128,3328,51,1.0000,4700,230100,231500,231892.2,233900,241700,1717.7,236200,236637.3,13.710
scatter,virtual,nocache,contiguous,26,256,6656,51,1.0000,4900,298600,301300,301921.6,309200,311900,2732.0,306200,306827.5,21.068
scatter,physical,nocache,contiguous,26,256,6656,51,1.0000,4800,294800,298300,299633.3,308000,312200,3593.9,303100,304447.1,21.279
scatter,virtual,nocache,contiguous,26,512,13312,51,1.0000,4900,446500,451400,452392.2,464900,467300,4531.7,456300,457433.3,28.124
scatter,physical,nocache,contiguous,26,512,13312,51,1.0000,4800,443600,449000,449035.3,452300,463300,3038.5,454000,453825.5,28.275
scatter,virtual,nocache,contiguous,26,768,19968,51,1.0000,4900,540100,544000,544968.6,555500,557100,3678.3,549100,551215.7,35.005
scatter,physical,nocache,contiguous,26,768,19968,51,1.0000,4800,537400,541100,542300.0,550700,553000,3595.8,545700,547064.7,35.193
scatter,virtual,nocache,contiguous,26,1024,26624,51,1.0000,4800,934100,939700,944954.9,994100,1057500,20346.4,944600,949758.8,27.020
scatter,physical,nocache,contiguous,26,1024,26624,51,1.0000,4700,931300,937100,939221.6,954500,1002500,10316.6,941700,943929.4,27.095
scatter,virtual,nocache,contiguous,26,2048,53248,51,1.0000,4800,738300,741300,745458.8,779300,858100,18107.5,746000,750252.9,68.503
scatter,physical,nocache,contiguous,26,2048,53248,51,1.0000,4700,733200,736900,738123.5,743400,783700,6864.7,741600,742833.3,68.912
scatter,virtual,nocache,contiguous,26,4096,106496,51,1.0000,4100,733600,737700,743337.3,785900,787800,14558.0,741900,747527.5,137.675
scatter,physical,nocache,contiguous,26,4096,106496,51,1.0000,4100,725600,735300,739239.2,792400,821700,17076.2,739500,743339.2,138.124
scatter_page,virtual,nocache,contiguous,26,4096,106496,51,1.0000,4100,733800,737700,740203.9,747600,787100,9655.0,741800,744352.9,137.675
scalar,virtual,nocache,contiguous,26,4096,106496,51,1.0000,0,4374100,4384600,4387152.9,4410000,4434200,11156.2,4384600,4387152.9,23.163
scatter,virtual,nocache,contiguous,27,8,216,51,1.0000,4800,167700,169000,169274.5,170900,175700,1338.0,173800,174198.0,1.219
scatter,physical,nocache,contiguous,27,8,216,51,1.0000,4700,164600,166500,166527.5,168300,168800,947.4,171300,171305.9,1.237
scatter_page,virtual,nocache,contiguous,27,8,216,51,1.0000,4800,735300,741400,756958.8,844300,874200,34585.2,746200,761786.3,0.278
scalar,virtual,nocache,contiguous,27,8,216,51,1.0000,0,4536800,4550900,4553294.1,4565400,4611400,10582.2,4550900,4553294.1,0.045
scatter,virtual,nocache,contiguous,27,16,432,51,1.0000,5000,168000,169500,170023.5,173500,185600,2752.1,174400,175000.0,2.431
scatter,physical,nocache,contiguous,27,16,432,51,1.0000,4800,165100,166800,166937.3,169000,170800,1095.8,171600,171756.9,2.470
scatter,virtual,nocache,contiguous,27,32,864,51,1.0000,4800,167700,168800,169341.2,172200,182100,2248.7,173700,174182.4,4.881
scatter,physical,nocache,contiguous,27,32,864,51,1.0000,4700,165400,166700,166966.7,169300,177000,1709.2,171500,171754.9,4.943
scatter,virtual,nocache,contiguous,27,64,1728,51,1.0000,4800,168000,169500,170249.0,174700,190400,3352.2,174300,175131.4,9.722
scatter,physical,nocache,contiguous,27,64,1728,51,1.0000,4700,165200,166600,166941.2,168300,177100,1650.8,171500,171719.6,9.892
scatter,virtual,nocache,contiguous,27,128,3456,51,1.0000,4900,232700,234600,235078.4,237200,250100,2377.3,239500,239998.0,14.049
scatter,physical,nocache,contiguous,27,128,3456,51,1.0000,4800,230700,233000,233851.0,239100,260300,4097.8,237800,238698.0,14.145
scatter,virtual,nocache,contiguous,27,256,6912,51,1.0000,5000,299200,301600,301939.2,304400,312100,2318.4,306500,306931.4,21.856
scatter,physical,nocache,contiguous,27,256,6912,51,1.0000,5000,297300,300400,300737.3,307100,308800,2463.7,305300,305721.6,21.943
scatter,virtual,nocache,contiguous,27,512,13824,51,1.0000,5000,450100,454000,454139.2,457800,461800,2404.8,459100,459213.7,29.039
scatter,physical,nocache,contiguous,27,512,13824,51,1.0000,5000,445300,450800,451317.6,460600,462400,3150.8,455800,456274.5,29.245
scatter,virtual,nocache,contiguous,27,768,20736,51,1.0000,5000,605600,612000,612654.9,623300,630600,4722.6,617000,617721.6,32.313
scatter,physical,nocache,contiguous,27,768,20736,51,1.0000,5000,603200,607600,608441.2,615700,620600,3594.4,612600,613413.7,32.547
scatter,virtual,nocache,contiguous,27,1024,27648,51,1.0000,5000,934900,942000,944941.2,989300,996700,12977.7,947000,950023.5,27.991
scatter,physical,nocache,contiguous,27,1024,27648,51,1.0000,4800,933500,938500,941749.0,982100,994300,12536.6,943300,946633.3,28.095
scatter,virtual,nocache,contiguous,27,2048,55296,51,1.0000,4900,740100,742800,744068.6,755000,759200,3837.8,747700,748980.4,70.994
scatter,physical,nocache,contiguous,27,2048,55296,51,1.0000,4800,737300,740300,740705.9,744500,748600,2267.5,745100,745562.7,71.234
scatter,virtual,nocache,contiguous,27,4096,110592,51,1.0000,4200,734900,740000,741790.2,750900,786700,9353.1,744300,746051.0,142.525
scatter,physical,nocache,contiguous,27,4096,110592,51,1.0000,4200,732400,737100,742209.8,782400,852500,19425.1,741300,746411.8,143.086
scatter_page,virtual,nocache,contiguous,27,4096,110592,51,1.0000,4300,737400,741400,750625.5,810200,869600,28021.5,745700,755007.8,142.256
scalar,virtual,nocache,contiguous,27,4096,110592,51,1.0000,0,4543700,4553000,4555380.4,4580000,4606000,10640.0,4553000,4555380.4,23.165
scatter,virtual,nocache,contiguous,28,8,224,51,1.0000,5000,167900,169400,183298.0,183600,827900,92136.5,174500,188643.1,1.261
scatter,physical,nocache,contiguous,28,8,224,51,1.0000,4900,165000,166800,166929.4,168600,173600,1417.5,171700,171829.4,1.281
scatter_page,virtual,nocache,contiguous,28,8,224,51,1.0000,4900,737200,742800,748603.9,787600,837900,18910.9,747700,753623.5,0.288
scalar,virtual,nocache,contiguous,28,8,224,51,1.0000,0,4707100,4724400,4730643.1,4793100,4831800,23172.1,4724400,4730643.1,0.045
scatter,virtual,nocache,contiguous,28,16,448,51,1.0000,5200,168500,170000,170368.6,172200,179900,1674.9,175300,175574.5,2.513
scatter,physical,nocache,contiguous,28,16,448,51,1.0000,5000,165400,166700,167166.7,168300,187600,3014.9,171700,172180.4,2.563
scatter,virtual,nocache,contiguous,28,32,896,51,1.0000,5000,168400,169300,169478.4,170700,171900,694.1,174400,174472.5,5.047
scatter,physical,nocache,contiguous,28,32,896,51,1.0000,4900,165500,167100,167341.2,169200,177500,1696.7,172000,172256.9,5.114
scatter,virtual,nocache,contiguous,28,64,1792,51,1.0000,5000,168500,169700,170005.9,171500,175800,1119.2,174700,174986.3,10.071
scatter,physical,nocache,contiguous,28,64,1792,51,1.0000,4900,165900,166800,167315.7,171400,175600,1679.7,171700,172386.3,10.246
scatter,virtual,nocache,contiguous,28,128,3584,51,1.0000,5100,234500,236600,237549.0,241700,267700,4902.1,241600,242631.4,14.446
scatter,physical,nocache,contiguous,28,128,3584,51,1.0000,5000,231600,233300,235664.7,244000,307000,10932.7,238400,240672.5,14.651
scatter,virtual,nocache,contiguous,28,256,7168,51,1.0000,5100,299500,302600,303184.3,310500,319400,3738.9,307700,308429.4,22.591
scatter,physical,nocache,contiguous,28,256,7168,51,1.0000,5100,296700,300100,301005.9,308300,311800,3050.5,305200,306070.6,22.779
scatter,virtual,nocache,contiguous,28,512,14336,51,1.0000,5100,452100,457400,457578.4,463800,470500,3247.8,462500,462711.8,29.890
scatter,physical,nocache,contiguous,28,512,14336,51,1.0000,5000,449200,453400,453821.6,460600,466400,3443.5,458300,458854.9,30.154
scatter,virtual,nocache,contiguous,28,768,21504,51,1.0000,5200,607600,612100,612407.8,616300,632000,3681.8,617300,617586.3,33.504
scatter,physical,nocache,contiguous,28,768,21504,51,1.0000,5100,604500,610500,612723.5,630800,657500,9193.2,615600,617788.2,33.592
scatter,virtual,nocache,contiguous,28,1024,28672,51,1.0000,5100,937200,944000,947292.2,981400,991400,11327.4,949000,952423.5,28.966
scatter,physical,nocache,contiguous,28,1024,28672,51,1.0000,4900,934200,941600,943966.7,955700,994900,10896.1,946500,948915.7,29.040
scatter,virtual,nocache,contiguous,28,2048,57344,51,1.0000,5000,742000,745600,761415.7,826900,893700,33018.6,750900,766509.8,73.347
scatter,physical,nocache,contiguous,28,2048,57344,51,1.0000,4900,737700,741900,742423.5,746400,760600,3482.6,746800,747370.6,73.713
scatter,virtual,nocache,contiguous,28,4096,114688,51,1.0000,4400,737500,742000,746117.6,787200,796200,13744.5,746400,750503.9,147.406
scatter,physical,nocache,contiguous,28,4096,114688,51,1.0000,4300,734900,739000,741598.0,781000,783000,10475.7,743300,746072.5,148.004
scatter_page,virtual,nocache,contiguous,28,4096,114688,51,1.0000,4400,737400,742700,744549.0,751800,803600,10830.0,747100,748935.3,147.267
scalar,virtual,nocache,contiguous,28,4096,114688,51,1.0000,0,4713200,4725200,4729425.5,4739800,4901100,25507.8,4725200,4729425.5,23.147
scatter,virtual,nocache,contiguous,29,8,232,51,1.0000,5100,168000,169800,170311.8,176500,180300,2296.7,174800,175527.5,1.303
scatter,physical,nocache,contiguous,29,8,232,51,1.0000,5000,165100,166800,166976.5,168800,171600,1237.7,171800,172035.3,1.326
scatter_page,virtual,nocache,contiguous,29,8,232,51,1.0000,5000,750200,754400,755913.7,760600,800100,6990.5,759600,761025.5,0.293
scalar,virtual,nocache,contiguous,29,8,232,51,1.0000,0,4883200,4892600,4898582.4,4928500,5056900,25383.4,4892600,4898582.4,0.045
scatter,virtual,nocache,contiguous,29,16,464,51,1.0000,5300,168200,170100,170766.7,173800,186500,3284.2,175400,176039.2,2.601
scatter,physical,nocache,contiguous,29,16,464,51,1.0000,5100,165700,166900,167113.7,168900,169500,770.2,172100,172219.6,2.651
scatter,virtual,nocache,contiguous,29,32,928,51,1.0000,5000,168500,169800,170796.1,180000,184700,3292.2,174900,175923.5,5.212
scatter,physical,nocache,contiguous,29,32,928,51,1.0000,5000,165200,166500,166923.5,168900,182000,2320.5,171500,172064.7,5.315
scatter,virtual,nocache,contiguous,29,64,1856,51,1.0000,5000,168900,170300,170458.8,173400,174800,1108.0,175400,175596.1,10.394
scatter,physical,nocache,contiguous,29,64,1856,51,1.0000,5000,166200,167400,167596.1,168800,177100,1513.8,172400,172619.6,10.574
scatter,virtual,nocache,contiguous,29,128,3712,51,1.0000,5200,234300,235800,236668.6,244400,247000,2833.4,241000,242031.4,15.013
scatter,physical,nocache,contiguous,29,128,3712,51,1.0000,5200,232300,234200,234560.8,236700,243700,1788.9,239400,239745.1,15.115
scatter,virtual,nocache,contiguous,29,256,7424,51,1.0000,5300,301100,303900,304278.4,309000,314900,2575.8,309200,309686.3,23.297
scatter,physical,nocache,contiguous,29,256,7424,51,1.0000,5200,298800,300500,302935.3,308300,360800,10941.3,305600,308121.6,23.561
scatter,virtual,nocache,contiguous,29,512,14848,51,1.0000,5300,455700,460000,460802.0,466400,479000,3914.5,465100,466096.1,30.783
scatter,physical,nocache,contiguous,29,512,14848,51,1.0000,5200,452100,457700,458713.7,469800,473200,4381.1,463000,463927.5,30.938
scatter,virtual,nocache,contiguous,29,768,22272,51,1.0000,5200,867400,875400,879133.3,930900,936000,14353.9,880700,884503.9,24.263
scatter,physical,nocache,contiguous,29,768,22272,51,1.0000,5000,868900,873200,875407.8,897600,924700,9966.4,878500,880600.0,24.325
scatter,virtual,nocache,contiguous,29,1024,29696,51,1.0000,5300,999700,1005900,1010931.4,1058800,1088000,17071.6,1011200,1016264.7,28.154
scatter,physical,nocache,contiguous,29,1024,29696,51,1.0000,5200,993600,1003200,1008539.2,1050200,1062200,15883.7,1008400,1013796.1,28.230
scatter,virtual,nocache,contiguous,29,2048,59392,51,1.0000,5200,752200,756400,758435.3,766400,808000,9991.4,761600,763688.2,74.882
scatter,physical,nocache,contiguous,29,2048,59392,51,1.0000,5100,748900,753100,754643.1,763600,803400,7599.4,758200,759817.6,75.210
scatter,virtual,nocache,contiguous,29,4096,118784,51,1.0000,4500,746800,753700,754780.4,761900,799200,7044.1,758300,759290.2,150.300
scatter,physical,nocache,contiguous,29,4096,118784,51,1.0000,4400,746800,751200,753115.7,759000,801300,9966.8,755600,757598.0,150.800
scatter_page,virtual,nocache,contiguous,29,4096,118784,51,1.0000,4500,748700,755300,757421.6,778800,818800,10663.1,759700,761978.4,149.982
scalar,virtual,nocache,contiguous,29,4096,118784,51,1.0000,0,4882600,4893300,4897119.6,4909000,5049000,22658.6,4893300,4897119.6,23.150
scatter,virtual,nocache,contiguous,30,8,240,51,1.0000,5200,168900,170300,170707.8,174200,179700,1945.7,175500,176086.3,1.344
scatter,physical,nocache,contiguous,30,8,240,51,1.0000,5100,165800,167000,167113.7,168100,172000,869.3,172200,172311.8,1.371
scatter_page,virtual,nocache,contiguous,30,8,240,51,1.0000,5200,762300,768900,773086.3,817000,819600,14388.7,774200,778541.2,0.298
scalar,virtual,nocache,contiguous,30,8,240,51,1.0000,0,5046800,5059500,5064919.6,5078500,5301400,34610.7,5059500,5064919.6,0.045
scatter,virtual,nocache,contiguous,30,16,480,51,1.0000,5400,166500,170300,170288.2,171700,173000,981.4,175800,175729.4,2.688
scatter,physical,nocache,contiguous,30,16,480,51,1.0000,5300,165900,167400,167727.5,171000,177100,1938.9,172700,173025.5,2.735
scatter,virtual,nocache,contiguous,30,32,960,51,1.0000,5300,168900,170700,171358.8,175200,184600,2367.9,176100,176674.5,5.363
scatter,physical,nocache,contiguous,30,32,960,51,1.0000,5100,166200,167400,167641.2,169100,170700,889.5,172600,172819.6,5.469
scatter,virtual,nocache,contiguous,30,64,1920,51,1.0000,5300,169600,170700,171392.2,176200,189100,3036.0,176000,176752.9,10.727
scatter,physical,nocache,contiguous,30,64,1920,51,1.0000,5100,166300,167800,176274.5,173600,574500,56914.6,173000,181500.0,10.912
scatter,virtual,nocache,contiguous,30,128,3840,51,1.0000,5400,234700,237000,237645.1,244700,248800,2664.0,242300,243037.3,15.452
scatter,physical,nocache,contiguous,30,128,3840,51,1.0000,5300,231900,234600,235486.3,243500,251500,3702.2,239900,240819.6,15.610
scatter,virtual,nocache,contiguous,30,256,7680,51,1.0000,5500,301300,304000,304692.2,310200,317700,3146.0,309500,310186.3,24.093
scatter,physical,nocache,contiguous,30,256,7680,51,1.0000,5400,299400,301500,302892.2,312700,327700,4828.4,306900,308239.2,24.293
scatter,virtual,nocache,contiguous,30,512,15360,51,1.0000,5400,459500,462500,465509.8,474300,541100,12355.9,468100,471115.7,31.672
scatter,physical,nocache,contiguous,30,512,15360,51,1.0000,5400,455600,459800,462260.8,476200,516400,9145.8,465200,467682.4,31.858
scatter,virtual,nocache,contiguous,30,768,23040,51,1.0000,5300,871800,875700,876290.2,882500,892600,3412.5,881100,881627.5,25.092
scatter,physical,nocache,contiguous,30,768,23040,51,1.0000,5200,864200,872200,876388.2,921100,929100,14289.0,877400,881688.2,25.192
scatter,virtual,nocache,contiguous,30,1024,30720,51,1.0000,5400,1002300,1008700,1014443.1,1057900,1133500,20862.8,1014000,1019841.2,29.044
scatter,physical,nocache,contiguous,30,1024,30720,51,1.0000,5300,1000600,1006100,1008994.1,1030600,1064100,11501.3,1011600,1014413.7,29.119
scatter,virtual,nocache,contiguous,30,2048,61440,51,1.0000,5400,765900,771200,775231.4,818700,847200,16152.0,776600,780747.1,75.977
scatter,physical,nocache,contiguous,30,2048,61440,51,1.0000,5200,763200,769200,777256.9,837700,878500,25496.2,774300,782552.9,76.175
scatter,virtual,nocache,contiguous,30,4096,122880,51,1.0000,4600,763700,767200,768721.6,775700,821600,8019.1,771900,773421.6,152.747
scatter,physical,nocache,contiguous,30,4096,122880,51,1.0000,4600,760100,764700,767074.5,774800,814900,9839.3,769300,771664.7,153.246
scatter_page,virtual,nocache,contiguous,30,4096,122880,51,1.0000,4600,762300,767900,769070.6,776700,816000,7260.3,772800,773931.4,152.608
scalar,virtual,nocache,contiguous,30,4096,122880,51,1.0000,0,5050800,5060600,5062129.4,5076500,5092100,8092.3,5060600,5062129.4,23.157
scatter,virtual,nocache,contiguous,32,8,256,51,1.0000,5400,229400,231400,231902.0,236600,239200,2075.0,236900,237364.7,1.055
scatter,physical,nocache,contiguous,32,8,256,51,1.0000,5500,226300,227700,228798.0,237400,245200,3483.6,233200,234364.7,1.072
scatter_page,virtual,nocache,contiguous,32,8,256,51,1.0000,5500,797800,801500,804213.7,838800,845700,10230.7,807000,809778.4,0.305
scalar,virtual,nocache,contiguous,32,8,256,51,1.0000,0,5389300,5399600,5400300.0,5409500,5423600,6907.8,5399600,5400300.0,0.045
scatter,virtual,nocache,contiguous,32,16,512,51,1.0000,5600,229900,231400,231707.8,233800,235100,1093.4,237000,237311.8,2.110
scatter,physical,nocache,contiguous,32,16,512,51,1.0000,5700,225900,227300,228337.3,231400,247500,3448.5,233100,234009.8,2.148
scatter,virtual,nocache,contiguous,32,32,1024,51,1.0000,5500,229300,231400,232129.4,239300,244300,2681.3,237000,237647.1,4.220
scatter,physical,nocache,contiguous,32,32,1024,51,1.0000,5600,226100,228500,228821.6,232500,240700,2446.6,234100,234390.2,4.274
scatter,virtual,nocache,contiguous,32,64,2048,51,1.0000,5500,229800,231500,232176.5,235200,244700,2560.2,237000,237719.6,8.437
scatter,physical,nocache,contiguous,32,64,2048,51,1.0000,5500,226900,228300,229031.4,232500,241200,2511.5,233900,234580.4,8.555
scatter,virtual,nocache,contiguous,32,128,4096,51,1.0000,5600,295800,298800,299013.7,302000,309100,2171.8,304400,304592.2,13.073
scatter,physical,nocache,contiguous,32,128,4096,51,1.0000,5700,291400,296200,295956.9,298800,307300,2559.9,301800,301745.1,13.188
scatter,virtual,nocache,contiguous,32,256,8192,51,1.0000,5600,364100,367100,367462.7,371900,378700,2693.5,372700,373074.5,21.282
scatter,physical,nocache,contiguous,32,256,8192,51,1.0000,5700,361500,364400,366331.4,379600,385800,5447.0,370100,372086.3,21.439
scatter,virtual,nocache,contiguous,32,512,16384,51,1.0000,5600,523100,529800,530474.5,537800,551200,3977.4,535400,536107.8,29.492
scatter,physical,nocache,contiguous,32,512,16384,51,1.0000,5700,522200,527300,529858.8,536700,657100,18461.2,533000,535652.9,29.632
scatter,virtual,nocache,contiguous,32,768,24576,51,1.0000,5600,867000,874700,878049.0,922000,924100,11875.2,880300,883664.7,26.795
scatter,physical,nocache,contiguous,32,768,24576,51,1.0000,5600,861600,871000,871217.6,877700,889700,4205.5,876500,876825.5,26.909
scatter,virtual,nocache,contiguous,32,1024,32768,51,1.0000,5600,1015100,1020200,1024576.5,1072400,1075800,14733.9,1025900,1030180.4,30.631
scatter,physical,nocache,contiguous,32,1024,32768,51,1.0000,5700,1013400,1018200,1022823.5,1068400,1074700,14744.3,1023900,1028507.8,30.691
scatter,virtual,nocache,contiguous,32,2048,65536,51,1.0000,5600,801400,803800,805041.2,812500,822900,3877.7,809600,810678.4,77.756
scatter,physical,nocache,contiguous,32,2048,65536,51,1.0000,5700,794100,800300,803929.4,843600,844400,12126.2,805900,809588.2,78.096
scatter,virtual,nocache,contiguous,32,4096,131072,51,1.0000,4700,796900,800400,803760.8,839100,845800,10499.9,805100,808527.5,156.172
scatter,physical,nocache,contiguous,32,4096,131072,51,1.0000,4800,794500,797200,800827.5,829600,869500,12760.3,802000,805680.4,156.799
scatter_page,virtual,nocache,contiguous,32,4096,131072,51,1.0000,4700,795600,801400,811252.9,876200,938400,28627.2,806100,815984.3,155.977
scalar,virtual,nocache,contiguous,32,4096,131072,51,1.0000,0,5387800,5397900,5415602.0,5538300,5635500,50016.7,5397900,5415602.0,23.157
scatter,virtual,nocache,contiguous,36,8,288,51,1.0000,5900,231700,234000,234164.7,236200,244400,1827.9,239900,240133.3,1.174
scatter,physical,nocache,contiguous,36,8,288,51,1.0000,6000,228300,230300,230480.4,232400,239500,1934.3,236400,236517.6,1.193
scatter_page,virtual,nocache,contiguous,36,8,288,51,1.0000,6000,862700,866500,873029.4,937800,983000,22891.8,872500,879062.7,0.317
scalar,virtual,nocache,contiguous,36,8,288,51,1.0000,0,6062100,6075200,6079907.8,6100700,6210300,21802.5,6075200,6079907.8,0.045
scatter,virtual,nocache,contiguous,36,16,576,51,1.0000,6100,232900,235000,235882.4,241100,262000,4232.5,241200,242064.7,2.338
scatter,physical,nocache,contiguous,36,16,576,51,1.0000,6200,228400,230600,230960.8,234700,241500,2134.3,236800,237180.4,2.382
scatter,virtual,nocache,contiguous,36,32,1152,51,1.0000,6000,231600,234200,234394.1,238200,244000,2078.7,240100,240380.4,4.691
scatter,physical,nocache,contiguous,36,32,1152,51,1.0000,6100,228800,230700,232319.6,240800,261900,5269.3,236800,238403.9,4.762
scatter,virtual,nocache,contiguous,36,64,2304,51,1.0000,6000,232000,234800,234972.5,237200,241200,1458.4,240900,240992.2,9.358
scatter,physical,nocache,contiguous,36,64,2304,51,1.0000,6000,228900,230900,231205.9,232800,248000,2607.6,237000,237260.8,9.516
scatter,virtual,nocache,contiguous,36,128,4608,51,1.0000,6100,298900,302100,302109.8,304000,308800,1606.5,308200,308223.5,14.547
scatter,physical,nocache,contiguous,36,128,4608,51,1.0000,6200,294300,297300,297556.9,299700,308000,2007.8,303500,303733.3,14.781
scatter,virtual,nocache,contiguous,36,256,9216,51,1.0000,6100,369400,373000,373413.7,378400,384000,2485.6,379200,379505.9,23.563
scatter,physical,nocache,contiguous,36,256,9216,51,1.0000,6200,365300,369800,372264.7,381900,408900,7992.3,376200,378545.1,23.767
scatter,virtual,nocache,contiguous,36,512,18432,51,1.0000,6100,536200,541100,542825.5,549700,589800,7611.2,547100,548984.3,32.486
scatter,physical,nocache,contiguous,36,512,18432,51,1.0000,6200,532200,537500,540337.3,546000,658100,17032.8,543800,546523.5,32.703
scatter,virtual,nocache,contiguous,36,768,27648,51,1.0000,6100,932600,943300,946841.2,978300,1007300,12994.6,949400,952952.9,27.952
scatter,physical,nocache,contiguous,36,768,27648,51,1.0000,6200,933100,940400,944837.3,990600,997600,14567.7,946800,951021.6,28.038
scatter,virtual,nocache,contiguous,36,1024,36864,51,1.0000,6100,1155700,1164300,1169182.4,1207300,1220100,15311.4,1170500,1175307.8,30.195
scatter,physical,nocache,contiguous,36,1024,36864,51,1.0000,6200,1152700,1159700,1163909.8,1201800,1217900,12703.6,1166000,1170168.6,30.315
scatter,virtual,nocache,contiguous,36,2048,73728,51,1.0000,6100,864700,868700,869598.0,873300,902000,5398.8,874800,875754.9,80.940
scatter,physical,nocache,contiguous,36,2048,73728,51,1.0000,6100,860700,865300,868251.0,893600,938000,12119.1,871500,874390.2,81.258
scatter,virtual,nocache,contiguous,36,4096,147456,51,1.0000,5200,861500,865400,867462.7,897700,902000,8560.3,870500,872672.5,162.497
scatter,physical,nocache,contiguous,36,4096,147456,51,1.0000,5300,857800,861800,863215.7,873000,897900,7104.8,867200,868531.4,163.176
scatter_page,virtual,nocache,contiguous,36,4096,147456,51,1.0000,5300,861700,868400,886184.3,955600,969400,33721.8,873500,892190.2,161.936
scalar,virtual,nocache,contiguous,36,4096,147456,51,1.0000,0,6061700,6075200,6075192.2,6085300,6095400,5822.1,6075200,6075192.2,23.147
scatter,virtual,nocache,contiguous,40,8,320,51,1.0000,6500,233900,236100,236713.7,243200,259000,3662.9,242600,243260.8,1.293
scatter,physical,nocache,contiguous,40,8,320,51,1.0000,6500,229200,231600,232329.4,239800,246900,3274.9,238100,238966.7,1.318
scatter_page,virtual,nocache,contiguous,40,8,320,51,1.0000,6500,984600,990000,994174.5,1034900,1080100,16386.0,996400,1000774.5,0.308
scalar,virtual,nocache,contiguous,40,8,320,51,1.0000,0,6728100,6744900,6748317.6,6774200,6876800,20492.0,6744900,6748317.6,0.045
scatter,virtual,nocache,contiguous,40,16,640,51,1.0000,6600,233600,236100,237896.1,238400,314100,11493.1,242700,244535.3,2.585
scatter,physical,nocache,contiguous,40,16,640,51,1.0000,6600,230100,231700,231917.6,233000,244300,1943.2,238300,238539.2,2.634
scatter,virtual,nocache,contiguous,40,32,1280,51,1.0000,6500,233100,235500,235858.8,239400,247900,2452.6,242000,242356.9,5.183
scatter,physical,nocache,contiguous,40,32,1280,51,1.0000,6400,228500,230600,230966.7,233200,240400,1889.8,237400,237431.4,5.294
scatter,virtual,nocache,contiguous,40,64,2560,51,1.0000,6500,233600,235800,235925.5,237000,248900,2126.5,242400,242462.7,10.354
scatter,physical,nocache,contiguous,40,64,2560,51,1.0000,6500,230200,232300,232645.1,234600,244100,2408.1,238900,239215.7,10.510
scatter,virtual,nocache,contiguous,40,128,5120,51,1.0000,6600,301800,305000,305068.6,308000,314900,1972.8,311500,311686.3,16.009
scatter,physical,nocache,contiguous,40,128,5120,51,1.0000,6700,297500,300300,301090.2,309700,314300,3340.3,307000,307774.5,16.260
scatter,virtual,nocache,contiguous,40,256,10240,51,1.0000,6600,377300,381200,381296.1,383600,393300,2540.8,387800,387882.4,25.618
scatter,physical,nocache,contiguous,40,256,10240,51,1.0000,6700,371900,376700,377994.1,387100,391500,4294.7,383400,384690.2,25.924
scatter,virtual,nocache,contiguous,40,512,20480,51,1.0000,6600,865300,872900,875741.2,909500,932700,12683.7,879400,882505.9,22.375
scatter,physical,nocache,contiguous,40,512,20480,51,1.0000,6600,861300,869900,877384.3,919600,972800,20970.4,876400,884076.5,22.452
scatter,virtual,nocache,contiguous,40,768,30720,51,1.0000,6500,1004000,1011900,1017437.3,1069400,1071200,17638.4,1018500,1023996.1,28.952
scatter,physical,nocache,contiguous,40,768,30720,51,1.0000,6700,1000500,1006900,1010262.7,1045400,1070800,13070.9,1013500,1016903.9,29.096
scatter,virtual,nocache,contiguous,40,1024,40960,51,1.0000,6600,1236800,1243800,1244545.1,1254300,1286200,7114.6,1250300,1251143.1,31.406
scatter,physical,nocache,contiguous,40,1024,40960,51,1.0000,6700,1232900,1241600,1246643.1,1292200,1295300,15013.2,1248300,1253345.1,31.461
scatter,virtual,nocache,contiguous,40,2048,81920,51,1.0000,6600,989400,994000,996852.9,1035400,1051300,11669.2,1000600,1003527.5,78.597
scatter,physical,nocache,contiguous,40,2048,81920,51,1.0000,6500,982100,989000,991560.8,995700,1117700,18276.0,995600,998151.0,78.994
scatter,virtual,nocache,contiguous,40,4096,163840,51,1.0000,5900,984100,989100,991949.0,1016700,1034900,10073.2,995300,997900.0,157.972
scatter,physical,nocache,contiguous,40,4096,163840,51,1.0000,6000,981700,985500,988745.1,1027700,1031000,10995.4,991400,994758.8,158.549
scatter_page,virtual,nocache,contiguous,40,4096,163840,51,1.0000,6000,984900,988800,991717.6,1020200,1029800,9558.5,994900,997929.4,158.020
scalar,virtual,nocache,contiguous,40,4096,163840,51,1.0000,0,6735900,6748800,6755668.6,6832200,6873100,26709.3,6748800,6755668.6,23.152
scatter,virtual,nocache,contiguous,48,8,384,51,1.0000,7300,236100,238300,238435.3,241000,249200,1891.6,245600,245866.7,1.537
scatter,physical,nocache,contiguous,48,8,384,51,1.0000,8300,231300,233500,234037.3,238000,245200,2436.6,241800,242425.5,1.568
scatter_page,virtual,nocache,contiguous,48,8,384,51,1.0000,7500,1097400,1101200,1102178.4,1108900,1116300,3760.4,1108600,1109664.7,0.333
scalar,virtual,nocache,contiguous,48,8,384,51,1.0000,0,8086700,8097400,8100558.8,8125100,8135200,10731.2,8097400,8100558.8,0.045
scatter,virtual,nocache,contiguous,48,16,768,51,1.0000,7600,236800,238800,239376.5,244700,250300,2396.0,246500,247035.3,3.067
scatter,physical,nocache,contiguous,48,16,768,51,1.0000,8700,231500,234100,234409.8,237600,253000,3022.5,242800,243366.7,3.129
scatter,virtual,nocache,contiguous,48,32,1536,51,1.0000,7400,236300,238700,239076.5,243500,250700,2736.4,246200,246617.6,6.137
scatter,physical,nocache,contiguous,48,32,1536,51,1.0000,8300,231900,234000,234305.9,237100,244200,1791.9,242500,242788.2,6.260
scatter,virtual,nocache,contiguous,48,64,3072,51,1.0000,7400,237100,239600,239884.3,244000,251300,2311.4,247000,247300.0,12.227
scatter,physical,nocache,contiguous,48,64,3072,51,1.0000,8300,233000,235200,235552.9,237400,245200,1760.2,243500,243925.5,12.456
scatter,virtual,nocache,contiguous,48,128,6144,51,1.0000,7500,366400,370800,371396.1,381400,394200,4320.2,378300,378937.3,15.802
scatter,physical,nocache,contiguous,48,128,6144,51,1.0000,8600,358000,366100,366188.2,371400,374000,2663.4,374800,374833.3,16.005
scatter,virtual,nocache,contiguous,48,256,12288,51,1.0000,7500,452400,457200,457368.6,461500,467400,2522.6,464800,464925.5,25.632
scatter,physical,nocache,contiguous,48,256,12288,51,1.0000,8600,449500,453000,454047.1,460200,463500,3458.6,461600,462686.3,25.869
scatter,virtual,nocache,contiguous,48,512,24576,51,1.0000,7500,934800,939800,941776.5,954200,989800,8900.8,947200,949321.6,24.939
scatter,physical,nocache,contiguous,48,512,24576,51,1.0000,8500,930800,935800,939796.1,980700,1011100,13914.9,944500,948360.8,25.045
scatter,virtual,nocache,contiguous,48,768,36864,51,1.0000,7500,1158300,1167100,1170215.7,1205800,1215500,12285.0,1174600,1177778.4,30.123
scatter,physical,nocache,contiguous,48,768,36864,51,1.0000,8700,1157400,1164200,1170951.0,1214500,1217200,17454.3,1172900,1179694.1,30.198
scatter,virtual,nocache,contiguous,48,1024,49152,51,1.0000,7600,1589600,1600000,1600647.1,1609900,1665100,10398.5,1607600,1608254.9,29.297
scatter,physical,nocache,contiguous,48,1024,49152,51,1.0000,8600,1583900,1593700,1596639.2,1614700,1650900,12165.4,1602300,1605227.5,29.413
scatter,virtual,nocache,contiguous,48,2048,98304,51,1.0000,7500,1099200,1104500,1105876.5,1109200,1144900,8018.9,1111900,1113437.3,84.880
scatter,physical,nocache,contiguous,48,2048,98304,51,1.0000,8400,1094900,1099900,1101270.6,1109900,1133500,5652.2,1108400,1109778.4,85.235
scatter,virtual,nocache,contiguous,48,4096,196608,51,1.0000,6900,1094000,1100700,1102349.0,1114200,1139200,7966.0,1107500,1109347.1,170.346
scatter,physical,nocache,contiguous,48,4096,196608,51,1.0000,7900,1092100,1096000,1096792.2,1101900,1130500,5417.3,1104100,1104770.6,171.077
scatter_page,virtual,nocache,contiguous,48,4096,196608,51,1.0000,6800,1096000,1100900,1101554.9,1108700,1119300,3920.8,1107700,1108429.4,170.315
scalar,virtual,nocache,contiguous,48,4096,196608,51,1.0000,0,8085600,8100100,8100096.1,8111700,8119800,7634.9,8100100,8100096.1,23.148
scatter,virtual,nocache,contiguous,64,8,512,51,1.0000,10200,301400,304400,305074.5,311200,315500,2930.9,314700,315511.8,1.604
scatter,physical,nocache,contiguous,64,8,512,51,1.0000,10000,295400,299000,300151.0,302500,350600,7497.9,309100,310235.3,1.633
scatter_page,virtual,nocache,contiguous,64,8,512,51,1.0000,10900,1483700,1489500,1489911.8,1495700,1500900,3527.2,1500300,1500913.7,0.328
scalar,virtual,nocache,contiguous,64,8,512,51,1.0000,0,10785700,10795600,10798262.7,10815800,10855200,11389.2,10795600,10798262.7,0.045
scatter,virtual,nocache,contiguous,64,16,1024,51,1.0000,11100,302600,305600,305807.8,309200,317100,2403.8,316800,317045.1,3.196
scatter,physical,nocache,contiguous,64,16,1024,51,1.0000,10300,296900,299100,300352.9,311500,314300,3702.9,309600,310678.4,3.265
scatter,virtual,nocache,contiguous,64,32,2048,51,1.0000,11000,301600,305100,305488.2,310600,317700,2863.3,316000,316666.7,6.402
scatter,physical,nocache,contiguous,64,32,2048,51,1.0000,10200,296800,300000,300319.6,303800,315300,2865.4,310000,310490.2,6.510
scatter,virtual,nocache,contiguous,64,64,4096,51,1.0000,10900,303200,306500,306807.8,313800,317800,2886.1,317300,317800.0,12.745
scatter,physical,nocache,contiguous,64,64,4096,51,1.0000,10200,297800,300700,301707.8,309400,319500,3787.8,311100,312007.8,12.991
scatter,virtual,nocache,contiguous,64,128,8192,51,1.0000,11100,439200,443900,444515.7,449100,461600,3568.9,455000,455590.2,17.600
scatter,physical,nocache,contiguous,64,128,8192,51,1.0000,10300,432500,438600,438900.0,446300,451000,3276.9,449000,449247.1,17.812
scatter,virtual,nocache,contiguous,64,256,16384,51,1.0000,11100,599700,606000,606903.9,615400,618200,4051.5,617100,618015.7,25.784
scatter,physical,nocache,contiguous,64,256,16384,51,1.0000,10400,594300,601400,601778.4,609500,620900,4221.4,611800,612233.3,25.981
scatter,virtual,nocache,contiguous,64,512,32768,51,1.0000,11100,1147900,1154700,1159005.9,1197400,1209200,13534.8,1165900,1170152.9,27.063
scatter,physical,nocache,contiguous,64,512,32768,51,1.0000,10400,1139700,1149300,1153051.0,1186100,1211800,13659.3,1159900,1163439.2,27.190
scatter,virtual,nocache,contiguous,64,768,49152,51,1.0000,11100,1587200,1596900,1600637.3,1617200,1666200,12403.1,1608000,1611739.2,29.354
scatter,physical,nocache,contiguous,64,768,49152,51,1.0000,10400,1580500,1594600,1596192.2,1608500,1651600,10786.7,1604900,1606629.4,29.396
scatter,virtual,nocache,contiguous,64,1024,65536,51,1.0000,11100,1902500,1915800,1923364.7,1971700,2031700,22231.4,1926800,1934625.5,32.623
scatter,physical,nocache,contiguous,64,1024,65536,51,1.0000,10400,1895600,1908500,1911345.1,1949200,1961800,12382.9,1918900,1921727.5,32.748
scatter,virtual,nocache,contiguous,64,2048,131072,51,1.0000,11000,1488000,1495400,1495617.6,1503800,1510200,3907.6,1506500,1506639.2,83.590
scatter,physical,nocache,contiguous,64,2048,131072,51,1.0000,10300,1475200,1489300,1490309.8,1502000,1550800,10315.0,1499600,1500686.3,83.932
scatter,virtual,nocache,contiguous,64,4096,262144,51,1.0000,9900,1484500,1490300,1494966.7,1522800,1576900,16646.8,1500200,1504986.3,167.751
scatter,physical,nocache,contiguous,64,4096,262144,51,1.0000,8900,1479800,1485000,1486539.2,1499700,1527300,7490.2,1494100,1495519.6,168.350
scatter_page,virtual,nocache,contiguous,64,4096,262144,51,1.0000,9800,1484200,1490700,1491241.2,1502700,1510300,5221.2,1500500,1501074.5,167.706
scalar,virtual,nocache,contiguous,64,4096,262144,51,1.0000,0,10780900,10803200,10809674.5,10859900,10939200,26269.5,10803200,10809674.5,23.141
scatter,virtual,nocache,contiguous,96,8,768,51,1.0000,15800,375500,379500,381990.2,394800,446100,10432.8,395500,398915.7,1.930
scatter,physical,nocache,contiguous,96,8,768,51,1.0000,15100,366800,370000,371009.8,380100,395900,4411.3,385400,386415.7,1.980
scatter_page,virtual,nocache,contiguous,96,8,768,51,1.0000,15300,2034900,2044500,2058251.0,2090000,2515300,66507.6,2059700,2073639.2,0.358
scalar,virtual,nocache,contiguous,96,8,768,51,1.0000,0,16168000,16198900,16207633.3,16283900,16365700,35837.8,16198900,16207633.3,0.045
scatter,virtual,nocache,contiguous,96,16,1536,51,1.0000,15400,374600,378600,379713.7,389800,393400,3895.5,394000,395264.7,3.869
scatter,physical,nocache,contiguous,96,16,1536,51,1.0000,14500,365500,370700,371005.9,374300,386900,2852.8,385200,385503.9,3.952
scatter,virtual,nocache,contiguous,96,32,3072,51,1.0000,15700,375600,379000,379423.5,387100,397300,3516.2,394700,395196.1,7.730
scatter,physical,nocache,contiguous,96,32,3072,51,1.0000,14300,366900,371000,371974.5,380800,394500,4168.6,385400,386280.4,7.897
scatter,virtual,nocache,contiguous,96,64,6144,51,1.0000,15800,377500,380300,381341.2,389400,395200,3805.5,396100,397158.8,15.407
scatter,physical,nocache,contiguous,96,64,6144,51,1.0000,14200,369000,372400,373690.2,383800,400300,5930.2,386700,388043.1,15.734
scatter,virtual,nocache,contiguous,96,128,12288,51,1.0000,15300,595100,600900,601343.1,610700,619700,4375.1,616300,616707.8,19.502
scatter,physical,nocache,contiguous,96,128,12288,51,1.0000,14500,589200,593500,600631.4,664500,685300,21259.4,608000,615294.1,19.745
scatter,virtual,nocache,contiguous,96,256,24576,51,1.0000,16000,1003600,1010400,1014854.9,1049100,1086400,14730.7,1026600,1030960.8,23.196
scatter,physical,nocache,contiguous,96,256,24576,51,1.0000,14400,995200,1001800,1007241.2,1047200,1058200,15827.1,1016200,1021674.5,23.395
scatter,virtual,nocache,contiguous,96,512,49152,51,1.0000,15900,1659700,1669400,1671396.1,1692500,1709900,10375.5,1685300,1687407.8,28.079
scatter,physical,nocache,contiguous,96,512,49152,51,1.0000,14600,1650600,1660800,1666429.4,1726000,1737400,18950.2,1675400,1681045.1,28.224
scatter,virtual,nocache,contiguous,96,768,73728,51,1.0000,15900,2305000,2323100,2325247.1,2346200,2387700,12173.4,2339000,2341272.5,30.267
scatter,physical,nocache,contiguous,96,768,73728,51,1.0000,14600,2302000,2317400,2326613.7,2382900,2503900,32236.5,2332000,2341400.0,30.341
scatter,virtual,nocache,contiguous,96,1024,98304,51,1.0000,16200,2967900,2984100,2992717.6,3032100,3264300,41614.3,3000300,3008947.1,31.417
scatter,physical,nocache,contiguous,96,1024,98304,51,1.0000,14500,2960700,2974200,2978264.7,3006300,3071800,18849.3,2988600,2992823.5,31.521
scatter,virtual,nocache,contiguous,96,2048,196608,51,1.0000,15800,2038600,2050000,2052252.9,2081500,2094200,10748.5,2065600,2068166.7,91.463
scatter,physical,nocache,contiguous,96,2048,196608,51,1.0000,14700,2031700,2041600,2103615.7,2085600,5101500,428365.8,2056400,2118380.4,91.840
scatter,virtual,nocache,contiguous,96,4096,393216,51,1.0000,14500,2029600,2041900,2043631.4,2059000,2092700,10999.3,2056400,2058113.7,183.652
scatter,physical,nocache,contiguous,96,4096,393216,51,1.0000,13300,2027600,2032200,2035254.9,2067700,2070300,9728.8,2045400,2048631.4,184.529
scatter_page,virtual,nocache,contiguous,96,4096,393216,51,1.0000,14600,2030900,2041100,2042125.5,2051900,2082200,7549.0,2055800,2056819.6,183.724
scalar,virtual,nocache,contiguous,96,4096,393216,51,1.0000,0,16178600,16201400,16210909.8,16288800,16428000,40078.0,16201400,16210909.8,23.146
scatter,virtual,nocache,contiguous,128,8,1024,51,1.0000,20200,449000,453300,453992.2,463000,476500,4510.0,473400,474390.2,2.154
scatter,physical,nocache,contiguous,128,8,1024,51,1.0000,19800,437600,441600,446909.8,477100,567000,21194.3,461700,467835.3,2.211
scatter_page,virtual,nocache,contiguous,128,8,1024,51,1.0000,19700,2728700,2747100,2748356.9,2761000,2783000,8462.8,2766900,2768470.6,0.355
scalar,virtual,nocache,contiguous,128,8,1024,51,1.0000,0,21566500,21601500,21670141.2,21737200,24421200,396171.4,21601500,21670141.2,0.045
scatter,virtual,nocache,contiguous,128,16,2048,51,1.0000,19900,448900,452600,453917.6,466000,484600,5713.0,472600,474072.5,4.315
scatter,physical,nocache,contiguous,128,16,2048,51,1.0000,19600,437200,441500,442196.1,452200,454200,3539.2,460900,461788.2,4.424
scatter,virtual,nocache,contiguous,128,32,4096,51,1.0000,19500,451000,453400,462945.1,478700,832000,53133.5,473000,482994.1,8.615
scatter,physical,nocache,contiguous,128,32,4096,51,1.0000,19300,438200,442500,443586.3,457600,461200,4825.1,461700,462833.3,8.828
scatter,virtual,nocache,contiguous,128,64,8192,51,1.0000,19500,451700,458700,461196.1,470800,534600,11378.5,478200,480856.9,17.032
scatter,physical,nocache,contiguous,128,64,8192,51,1.0000,19300,442600,447400,447980.4,456900,459000,3199.3,466700,467398.0,17.462
scatter,virtual,nocache,contiguous,128,128,16384,51,1.0000,19900,932800,939800,947405.9,1005500,1033500,21299.2,959700,968076.5,16.626
scatter,physical,nocache,contiguous,128,128,16384,51,1.0000,19600,923500,928300,932876.5,984300,1018400,17241.9,948100,952780.4,16.832
scatter,virtual,nocache,contiguous,128,256,32768,51,1.0000,19800,1302300,1311900,1318539.2,1365700,1376500,17744.4,1332100,1338676.5,23.820
scatter,physical,nocache,contiguous,128,256,32768,51,1.0000,19700,1291500,1300400,1310374.5,1358100,1367600,20262.0,1319900,1330064.7,24.031
scatter,virtual,nocache,contiguous,128,512,65536,51,1.0000,20000,2241900,2255300,2265011.8,2303400,2555000,43702.2,2275200,2285313.7,27.712
scatter,physical,nocache,contiguous,128,512,65536,51,1.0000,19600,2226900,2243000,2249835.3,2299600,2319100,19943.4,2262600,2269670.6,27.864
scatter,virtual,nocache,contiguous,128,768,98304,51,1.0000,19900,3045400,3062700,3069086.3,3113800,3182600,22178.4,3084600,3089296.1,30.610
scatter,physical,nocache,contiguous,128,768,98304,51,1.0000,19700,3029100,3052400,3054988.2,3089200,3115800,17054.3,3071900,3074760.8,30.714
scatter,virtual,nocache,contiguous,128,1024,131072,51,1.0000,20000,3860400,3879600,3890241.2,3936600,4154300,41612.3,3899800,3910572.5,32.220
scatter,physical,nocache,contiguous,128,1024,131072,51,1.0000,19600,3852600,3871900,3873390.2,3895700,3924700,13638.4,3891900,3893203.9,32.284
scatter,virtual,nocache,contiguous,128,2048,262144,51,1.0000,19800,2740700,2755600,2756094.1,2773700,2779100,7460.4,2775100,2776192.2,90.724
scatter,physical,nocache,contiguous,128,2048,262144,51,1.0000,19700,2726300,2743400,2744202.0,2754000,2779200,8367.9,2763200,2764103.9,91.128
scatter,virtual,nocache,contiguous,128,4096,524288,51,1.0000,19000,2724500,2743400,2744298.0,2755900,2771200,7054.7,2762400,2763292.2,182.256
scatter,physical,nocache,contiguous,128,4096,524288,51,1.0000,18700,2709100,2720600,2721123.5,2734400,2738000,6571.7,2739100,2739827.5,183.783
scatter_page,virtual,nocache,contiguous,128,4096,524288,51,1.0000,18800,2731200,2743000,2743447.1,2759000,2766700,6322.0,2761700,2762209.8,182.282
scalar,virtual,nocache,contiguous,128,4096,524288,51,1.0000,0,21565500,21613300,21638705.9,21791500,21995800,81639.3,21613300,21638705.9,23.134
scatter,virtual,nocache,contiguous,192,8,1536,51,1.0000,28000,606200,612000,616423.5,641600,723800,17098.3,640100,644570.6,2.394
scatter,physical,nocache,contiguous,192,8,1536,51,1.0000,27300,576800,582600,583778.4,595400,609200,5784.9,609800,611176.5,2.514
scatter,virtual,nocache,contiguous,192,16,3072,51,1.0000,27700,594100,599700,603723.5,621200,630100,8998.8,627600,631552.9,4.885
scatter,physical,nocache,contiguous,192,16,3072,51,1.0000,27600,579000,583000,584788.2,598400,643400,9364.6,611300,612539.2,5.025
scatter,virtual,nocache,contiguous,192,32,6144,51,1.0000,27100,596800,603400,605225.5,624700,627600,6678.9,630400,632305.9,9.711
scatter,physical,nocache,contiguous,192,32,6144,51,1.0000,27000,582400,587000,588913.7,601800,623800,6917.6,614000,616082.4,9.982
scatter,virtual,nocache,contiguous,192,64,12288,51,1.0000,27000,614100,621900,624335.3,645600,648900,7750.2,649200,651480.4,18.843
scatter,physical,nocache,contiguous,192,64,12288,51,1.0000,26900,602700,608100,608960.8,615900,625500,4150.3,635200,636166.7,19.271
scatter,virtual,nocache,contiguous,192,128,24576,51,1.0000,27100,1291400,1301200,1305064.7,1325600,1376100,14062.7,1328400,1332215.7,18.012
scatter,physical,nocache,contiguous,192,128,24576,51,1.0000,27600,1278800,1285700,1290874.5,1345500,1358300,17251.6,1313300,1318613.7,18.229
scatter,virtual,nocache,contiguous,192,256,49152,51,1.0000,27400,1901600,1911300,1924839.2,1952700,2327100,60526.7,1938600,1952323.5,24.525
scatter,physical,nocache,contiguous,192,256,49152,51,1.0000,27500,1870200,1882800,1886172.5,1912200,1940200,13063.3,1910200,1913762.7,24.896
scatter,virtual,nocache,contiguous,192,512,98304,51,1.0000,27500,3217400,3240300,3832513.7,5947300,6091100,1111713.8,3267600,3860327.5,28.933
scatter,physical,nocache,contiguous,192,512,98304,51,1.0000,27800,3186900,3216000,3877560.8,6066700,6176500,1180787.0,3244300,3905668.6,29.151
scatter,virtual,nocache,contiguous,192,768,147456,51,1.0000,27600,4528600,4552600,4952451.0,7193700,9481900,1045439.5,4580300,4980260.8,30.889
scatter,physical,nocache,contiguous,192,768,147456,51,1.0000,27900,4503300,4524700,4752633.3,7119400,7236500,710616.5,4552600,4780513.7,31.079
scatter,virtual,nocache,contiguous,192,1024,196608,51,1.0000,27700,5781900,5808100,6305339.2,8774100,10735700,1159255.1,5835800,6333111.8,32.283
scatter,physical,nocache,contiguous,192,1024,196608,51,1.0000,28000,5754500,5788100,6177205.9,8502500,8615100,926498.2,5815900,6205335.3,32.394
scatter,virtual,nocache,contiguous,192,2048,393216,51,1.0000,27500,3994500,4008800,4012766.7,4037700,4072400,14603.0,4036300,4040298.0,93.544
scatter,physical,nocache,contiguous,192,2048,393216,51,1.0000,27700,3954900,3990400,3990180.4,4006000,4016200,11258.1,4018000,4017992.2,93.976
scatter,virtual,nocache,contiguous,192,4096,786432,51,1.0000,26400,3965300,3991800,3993254.9,4016400,4030000,12308.5,4018600,4019639.2,187.885
scatter,physical,nocache,contiguous,192,4096,786432,51,1.0000,27800,3936100,3971800,3973160.8,3998900,4035600,14879.3,3999900,4001007.8,188.831
scatter,virtual,nocache,contiguous,256,8,2048,51,1.0000,97500,1055400,1176700,1168284.3,1260100,1270200,58576.1,1277500,1264802.0,1.660
scatter,physical,nocache,contiguous,256,8,2048,51,1.0000,94300,1040700,1080300,1094192.2,1184000,1190900,41482.1,1174500,1192219.6,1.808
scatter,virtual,nocache,contiguous,256,16,4096,51,1.0000,95400,1052900,1187500,1163739.2,1243500,1379900,70301.3,1287800,1255780.4,3.289
scatter,physical,nocache,contiguous,256,16,4096,51,1.0000,106800,1034100,1134800,1140651.0,1231300,1689000,99980.3,1245200,1246149.0,3.442
scatter,virtual,nocache,contiguous,256,32,8192,51,1.0000,98000,1119800,1213600,1212962.7,1266200,1279000,33598.9,1313000,1311052.9,6.437
scatter,physical,nocache,contiguous,256,32,8192,51,1.0000,112900,1141700,1197500,1194211.8,1244400,1256200,27831.8,1309600,1306592.2,6.524
scatter,virtual,nocache,contiguous,256,64,16384,51,1.0000,101100,1131500,1220100,1229343.1,1397400,1492200,63288.9,1325600,1330188.2,12.806
scatter,physical,nocache,contiguous,256,64,16384,51,1.0000,113900,1154900,1201600,1205192.2,1265900,1363500,35801.4,1315400,1320690.2,13.003
scatter,virtual,nocache,contiguous,256,128,32768,51,1.0000,100500,1854000,1973200,1973282.4,2043800,2105900,47702.3,2069800,2072349.0,15.837
scatter,physical,nocache,contiguous,256,128,32768,51,1.0000,112100,1878700,1941700,1944041.2,2015300,2077400,38942.7,2053500,2054888.2,16.094
scatter,virtual,nocache,contiguous,256,256,65536,51,1.0000,91100,2679800,2738400,2736807.8,2780900,2789100,26250.3,2830700,2827647.1,22.824
scatter,physical,nocache,contiguous,256,256,65536,51,1.0000,106000,2673500,2722500,2725605.9,2771800,2813000,30718.9,2831100,2832335.3,22.957
scatter,virtual,nocache,contiguous,256,512,131072,51,1.0000,88700,4480800,4556900,5222425.5,7528200,9424700,1298661.2,4643200,5311017.6,27.431
scatter,physical,nocache,contiguous,256,512,131072,51,1.0000,103600,4485600,4544500,5036880.4,7211900,7635900,1029125.0,4648200,5140472.5,27.506
scatter,virtual,nocache,contiguous,256,768,196608,51,1.0000,85300,6235300,6281500,6777154.9,8959200,9270800,1036357.7,6370700,6862982.4,29.850
scatter,physical,nocache,contiguous,256,768,196608,51,1.0000,104000,6230900,6337700,7057756.9,9000100,12044700,1287048.1,6443300,7164192.2,29.585
scatter,virtual,nocache,contiguous,256,1024,262144,51,1.0000,84900,7816900,7886000,8861815.7,11315600,12136500,1384719.9,7968300,8946978.4,31.702
scatter,physical,nocache,contiguous,256,1024,262144,51,1.0000,101700,7800000,7879100,8729435.3,10855500,12829400,1357020.0,7979500,8831541.2,31.730
scatter,virtual,nocache,contiguous,256,2048,524288,51,1.0000,84400,5266900,5288500,5295205.9,5340100,5408500,25214.8,5373600,5380043.1,94.545
scatter,physical,nocache,contiguous,256,2048,524288,51,1.0000,100000,5241700,5258600,5262968.6,5286400,5339000,16938.4,5357700,5363172.5,95.082
scatter,virtual,nocache,contiguous,256,4096,1048576,51,1.0000,34700,5208700,5229100,5232641.2,5266400,5296300,16831.7,5263900,5267311.8,191.237
scatter,physical,nocache,contiguous,256,4096,1048576,51,1.0000,39600,5189700,5207000,5299447.1,5286200,9593500,614023.3,5246900,5339639.2,192.049
scatter,virtual,nocache,contiguous,384,8,3072,51,1.0000,150400,1556000,1616300,1638051.0,1842600,1939100,76404.5,1764300,1788794.1,1.813
scatter,physical,nocache,contiguous,384,8,3072,51,1.0000,153900,1520000,1580700,1597372.5,1737600,1826100,64867.2,1739300,1752023.5,1.853
scatter,virtual,nocache,contiguous,384,16,6144,51,1.0000,147300,1537400,1617500,1632229.4,1787900,1863200,62488.9,1765100,1779611.8,3.622
scatter,physical,nocache,contiguous,384,16,6144,51,1.0000,153800,1529200,1580300,1599319.6,1717000,1758400,54055.9,1735000,1753072.5,3.708
scatter,virtual,nocache,contiguous,384,32,12288,51,1.0000,148300,1571400,1630000,1645470.6,1751800,1840600,53256.6,1779100,1795376.5,7.189
scatter,physical,nocache,contiguous,384,32,12288,51,1.0000,153800,1523900,1574200,1592913.7,1688600,1696900,47976.9,1731000,1746805.9,7.444
scatter,virtual,nocache,contiguous,384,64,24576,51,1.0000,148800,1594700,1657000,1665715.7,1775000,1803000,48709.5,1807400,1816213.7,14.145
scatter,physical,nocache,contiguous,384,64,24576,51,1.0000,157200,1551500,1622200,1786027.5,4259200,4532100,651671.3,1776300,1945545.1,14.448
scatter,virtual,nocache,contiguous,384,128,49152,51,1.0000,148100,2779700,2887500,3043705.9,5564900,5588400,642410.7,3026900,3191274.5,16.234
scatter,physical,nocache,contiguous,384,128,49152,51,1.0000,156100,2742000,2857500,2982264.7,3024800,6680500,649255.9,3011900,3137707.8,16.404
scatter,virtual,nocache,contiguous,384,256,98304,51,1.0000,136700,4067800,4128800,4561802.0,6838300,6983100,990719.4,4272400,4698380.4,22.706
scatter,physical,nocache,contiguous,384,256,98304,51,1.0000,146600,4030300,4105500,4547300.0,6879100,9073200,1127154.0,4255300,4694543.1,22.835
scatter,virtual,nocache,contiguous,384,512,196608,51,1.0000,134400,6550900,6757200,7729843.1,9538300,9598900,1324355.9,6914500,7864539.2,27.748
scatter,physical,nocache,contiguous,384,512,196608,51,1.0000,144600,6525100,6701700,7779752.9,11485200,11685600,1582230.7,6845900,7924209.8,27.978
scatter,virtual,nocache,contiguous,384,768,294912,51,0.9996,129800,9122000,11874800,11819723.5,15592300,15670700,1712192.1,11990700,11949786.3,23.685
scatter,physical,nocache,contiguous,384,768,294912,51,1.0000,141600,9096400,11741700,10733476.5,12116000,12130900,1320281.7,11888500,10877125.5,23.953
scatter,virtual,nocache,contiguous,384,1024,393216,51,1.0000,128100,11674100,14434200,13782496.1,14924200,16746800,1351077.5,14566900,13911658.8,25.980
scatter,physical,nocache,contiguous,384,1024,393216,51,1.0000,137800,11634300,14381700,14033643.1,15833200,16833400,1289792.1,14525900,14172180.4,26.075
scatter,virtual,nocache,contiguous,384,2048,786432,51,1.0000,123100,7775900,7802500,7809045.1,7911100,7948200,33435.6,7926100,7931484.3,96.123
scatter,physical,nocache,contiguous,384,2048,786432,51,1.0000,134000,7733300,7764600,7776425.5,7811900,8376700,87504.8,7898600,7910798.0,96.592
scatter,virtual,nocache,contiguous,384,4096,1572864,51,1.0000,54800,7683000,7728800,7809578.4,7809500,11306100,506234.5,7783700,7864747.1,194.079
scatter,physical,nocache,contiguous,384,4096,1572864,51,1.0000,55800,7664200,7695800,7703613.7,7761000,8007400,51193.9,7751900,7760054.9,194.912
scatter,virtual,nocache,contiguous,512,8,4096,51,1.0000,200700,2052200,2176800,2240574.5,2416500,4730600,363325.3,2376300,2440311.8,1.794
scatter,physical,nocache,contiguous,512,8,4096,51,1.0000,200000,2079600,2142400,2164976.5,2349800,2357500,70558.3,2341500,2366970.6,1.823
scatter,virtual,nocache,contiguous,512,16,8192,51,1.0000,200800,2124300,2194800,2277198.0,2398600,4868800,379549.4,2397100,2478515.7,3.560
scatter,physical,nocache,contiguous,512,16,8192,51,1.0000,202900,2082000,2150200,2216421.6,2273900,5088500,413168.5,2355100,2419466.7,3.633
scatter,virtual,nocache,contiguous,512,32,16384,51,1.0000,197100,2124400,2213000,2275821.6,2354600,4883400,378107.0,2405500,2474949.0,7.061
scatter,physical,nocache,contiguous,512,32,16384,51,1.0000,200500,2075800,2166300,2340509.8,4756900,4929600,636744.8,2370900,2543560.8,7.213
scatter,virtual,nocache,contiguous,512,64,32768,51,1.0000,196100,2139500,2214300,2385878.4,2628500,7175700,791846.6,2411900,2584374.5,14.113
scatter,physical,nocache,contiguous,512,64,32768,51,1.0000,199800,2084000,2187700,2524560.8,4890300,4955600,871116.4,2390500,2725394.1,14.284
scatter,virtual,nocache,contiguous,512,128,65536,51,1.0000,191400,3793000,3904000,4677737.3,6937700,9137600,1429012.1,4100800,4870251.0,16.009
scatter,physical,nocache,contiguous,512,128,65536,51,1.0000,197600,3734200,3871700,4494866.7,6628200,6768800,1156113.6,4071500,4692876.5,16.143
scatter,virtual,nocache,contiguous,512,256,131072,51,1.0000,177500,5302900,5389900,6037103.9,8270000,8375000,1178938.1,5563100,6214968.6,23.192
scatter,physical,nocache,contiguous,512,256,131072,51,1.0000,187900,5253700,5341400,6134182.4,9530100,11104800,1497198.1,5526700,6327329.4,23.402
scatter,virtual,nocache,contiguous,512,512,262144,51,1.0000,175000,8726800,11412900,10555752.9,13817700,13877700,1570843.0,11595500,10731505.9,21.905
scatter,physical,nocache,contiguous,512,512,262144,51,1.0000,179900,8649000,11357700,10702903.9,12328900,13717500,1397900.7,11548300,10883256.9,22.011
scatter,virtual,nocache,contiguous,512,768,393216,51,1.0000,166600,12025100,14719600,14700256.9,15871100,16954600,772396.4,14895200,14867439.2,25.476
scatter,physical,nocache,contiguous,512,768,393216,51,1.0000,170900,11903100,14678000,14666747.1,15657800,17234600,760385.7,14842300,14837896.1,25.548
scatter,virtual,nocache,contiguous,512,1024,524288,51,1.0000,162400,15255000,18146900,18111268.6,20173400,20346000,862124.4,18309400,18274751.0,27.553
scatter,physical,nocache,contiguous,512,1024,524288,51,1.0000,168100,15287600,18155400,18165762.7,19102500,21740900,846532.9,18330800,18335988.2,27.540
scatter,virtual,nocache,contiguous,512,2048,1048576,51,1.0000,160100,10266900,10319500,10369974.5,10615000,11323500,196683.7,10477900,10533439.2,96.904
scatter,physical,nocache,contiguous,512,2048,1048576,51,1.0000,163900,10223500,10275300,10282417.6,10379300,10477100,42608.4,10439500,10448745.1,97.321
scatter,virtual,nocache,contiguous,512,4096,2097152,51,1.0000,73500,10191700,10216200,10224929.4,10273000,10462800,38997.3,10289500,10298670.6,195.768
scatter,physical,nocache,contiguous,512,4096,2097152,51,1.0000,74100,10148300,10177900,10179760.8,10208000,10235300,15206.0,10252600,10254178.4,196.504
scatter,virtual,nocache,scattered,1,8,8,51,1.0000,1100,159500,166400,166427.5,168300,171000,1374.1,167400,167484.3,0.046
scatter,physical,nocache,scattered,1,8,8,51,1.0000,1100,165000,166400,166545.1,167200,175700,1385.0,167500,167635.3,0.046
scatter_page,virtual,nocache,scattered,1,8,8,51,1.0000,900,159200,166400,166390.2,168000,169000,1239.1,167200,167278.4,0.046
scatter,virtual,nocache,scattered,1,16,16,51,1.0000,900,162000,166500,167862.7,175900,198500,5214.2,167400,168809.8,0.092
scatter,physical,nocache,scattered,1,16,16,51,1.0000,1100,158900,166400,166254.9,167700,173600,1834.7,167500,167364.7,0.092
scatter,virtual,nocache,scattered,1,32,32,51,1.0000,900,157000,166400,166586.3,169500,175400,2058.8,167400,167529.4,0.183
scatter,physical,nocache,scattered,1,32,32,51,1.0000,1100,155100,166100,166119.6,168100,170600,1920.1,167200,167207.8,0.184
scatter,virtual,nocache,scattered,1,64,64,51,1.0000,900,164500,166400,166633.3,168000,171600,1083.3,167400,167574.5,0.367
scatter,physical,nocache,scattered,1,64,64,51,1.0000,1100,156000,166400,166205.9,167400,168100,1554.9,167400,167300.0,0.367
scatter,virtual,nocache,scattered,1,128,128,51,1.0000,900,159400,166400,166537.3,167800,176200,1836.5,167300,167460.8,0.734
scatter,physical,nocache,scattered,1,128,128,51,1.0000,1100,156000,166000,166115.7,167500,175000,1990.2,167100,167192.2,0.735
scatter,virtual,nocache,scattered,1,256,256,51,1.0000,900,158500,166300,166723.5,167600,187900,3262.6,167300,167658.8,1.468
scatter,physical,nocache,scattered,1,256,256,51,1.0000,1100,165400,166200,166551.0,168000,174800,1412.6,167300,167639.2,1.469
scatter,virtual,nocache,scattered,1,512,512,51,1.0000,900,157600,166400,166582.4,168700,177600,2570.2,167300,167598.0,2.934
scatter,physical,nocache,scattered,1,512,512,51,1.0000,1100,157000,166100,166886.3,175700,181500,3671.1,167200,167982.4,2.940
scatter,virtual,nocache,scattered,1,768,768,51,1.0000,900,158600,166600,166590.2,167500,174800,1699.2,167500,167541.2,4.396
scatter,physical,nocache,scattered,1,768,768,51,1.0000,1100,158800,166400,166331.4,168000,170100,1452.7,167500,167449.0,4.402
scatter,virtual,nocache,scattered,1,1024,1024,51,1.0000,900,159800,166300,166241.2,167200,168000,1051.9,167300,167178.4,5.872
scatter,physical,nocache,scattered,1,1024,1024,51,1.0000,1100,165100,166300,167335.3,175900,177000,2989.2,167400,168433.3,5.872
scatter,virtual,nocache,scattered,1,2048,2048,51,1.0000,900,158300,166200,166413.7,168600,174600,1907.8,167100,167368.6,11.752
scatter,physical,nocache,scattered,1,2048,2048,51,1.0000,1100,157500,166300,166221.6,167400,168200,1392.5,167400,167309.8,11.745
scatter,virtual,nocache,scattered,1,4096,4096,51,1.0000,900,156800,166200,166335.3,167600,178700,2633.0,167100,167254.9,23.503
scatter,physical,nocache,scattered,1,4096,4096,51,1.0000,1100,158200,166200,166105.9,167000,168000,1245.1,167300,167190.2,23.503
scatter_page,virtual,nocache,scattered,1,4096,4096,51,1.0000,900,161500,166300,166674.5,169200,181700,2531.9,167200,167562.7,23.489
scatter,virtual,nocache,scattered,2,8,16,51,1.0000,1200,158100,166000,166051.0,168000,170600,1555.2,167300,167347.1,0.092
scatter,physical,nocache,scattered,2,8,16,51,1.0000,1200,164900,166200,166441.2,168000,176700,1573.9,167400,167678.4,0.092
scatter_page,virtual,nocache,scattered,2,8,16,51,1.0000,1200,161300,166100,168519.6,171000,270200,14640.6,167300,169692.2,0.092
scatter,virtual,nocache,scattered,2,16,32,51,1.0000,1200,156800,166300,166276.5,167200,173600,1744.9,167500,167484.3,0.184
scatter,physical,nocache,scattered,2,16,32,51,1.0000,1200,156400,165800,165968.6,167000,175700,2010.4,167100,167211.8,0.184
scatter,virtual,nocache,scattered,2,32,64,51,1.0000,1200,158500,166200,166096.1,167100,168000,1195.3,167400,167302.0,0.367
scatter,physical,nocache,scattered,2,32,64,51,1.0000,1200,158700,166100,166554.9,168700,183200,2818.8,167400,167788.2,0.367
scatter,virtual,nocache,scattered,2,64,128,51,1.0000,1200,156900,166100,166082.4,167400,170200,1541.5,167300,167280.4,0.735
scatter,physical,nocache,scattered,2,64,128,51,1.0000,1200,164800,166100,166858.8,170500,183100,2971.2,167400,168094.1,0.735
scatter,virtual,nocache,scattered,2,128,256,51,1.0000,1200,159900,166000,166427.5,167700,184300,2984.7,167200,167641.2,1.471
scatter,physical,nocache,scattered,2,128,256,51,1.0000,1200,160800,166200,166382.4,167300,177800,1892.3,167400,167605.9,1.469
scatter,virtual,nocache,scattered,2,256,512,51,1.0000,1200,159400,166100,166313.7,167800,178500,2084.9,167400,167533.3,2.940
scatter,physical,nocache,scattered,2,256,512,51,1.0000,1200,157700,166000,166133.3,170000,175300,2096.9,167200,167349.0,2.941
scatter,virtual,nocache,scattered,2,512,1024,51,1.0000,1200,163900,166500,166721.6,168300,177100,1650.3,167700,167923.5,5.865
scatter,physical,nocache,scattered,2,512,1024,51,1.0000,1200,159200,166100,166060.8,167100,173500,1797.7,167400,167298.0,5.879
scatter,virtual,nocache,scattered,2,768,1536,51,1.0000,1200,159400,165900,165849.0,167600,169200,1394.6,167100,167072.5,8.830
scatter,physical,nocache,scattered,2,768,1536,51,1.0000,1200,165100,166200,166433.3,167500,174600,1294.9,167400,167670.6,8.814
scatter,virtual,nocache,scattered,2,1024,2048,51,1.0000,1200,161400,166200,166527.5,170300,173400,1808.8,167400,167741.2,11.752
scatter,physical,nocache,scattered,2,1024,2048,51,1.0000,1300,161000,166500,166425.5,167500,167900,928.4,167700,167678.4,11.730
scatter,virtual,nocache,scattered,2,2048,4096,51,1.0000,1200,159800,166200,166421.6,168900,174500,1922.4,167400,167933.3,23.503
scatter,physical,nocache,scattered,2,2048,4096,51,1.0000,1300,165300,166300,166380.4,167300,167900,560.4,167500,167635.3,23.489
scatter,virtual,nocache,scattered,2,4096,8192,51,1.0000,1200,165000,166200,167215.7,176700,182200,3355.1,167400,168447.1,47.007
scatter,physical,nocache,scattered,2,4096,8192,51,1.0000,1200,160100,166000,166237.3,170900,174000,2122.7,167300,167478.4,47.063
scatter_page,virtual,nocache,scattered,2,4096,8192,51,1.0000,1200,161700,166200,166427.5,168100,177200,1832.7,167300,167609.8,47.007
scatter,virtual,nocache,scattered,4,8,32,51,1.0000,1800,160100,165800,165892.2,168000,171100,1440.5,167700,167731.4,0.184
scatter,physical,nocache,scattered,4,8,32,51,1.0000,1800,158300,165700,165772.5,167800,168200,1325.6,167500,167621.6,0.184
scatter_page,virtual,nocache,scattered,4,8,32,51,1.0000,1800,189900,191900,192649.0,195900,209700,2852.1,193700,194439.2,0.159
scatter,virtual,nocache,scattered,4,16,64,51,1.0000,1800,165200,165900,166045.1,167200,167700,582.5,167700,167839.2,0.368
scatter,physical,nocache,scattered,4,16,64,51,1.0000,1800,132300,165700,165543.1,167600,188500,5807.9,167600,167439.2,0.368
scatter,virtual,nocache,scattered,4,32,128,51,1.0000,1800,160400,165900,166351.0,170500,175100,1935.7,167700,168405.9,0.736
scatter,physical,nocache,scattered,4,32,128,51,1.0000,1800,159800,165800,165764.7,166800,167000,1017.6,167600,167590.2,0.736
scatter,virtual,nocache,scattered,4,64,256,51,1.0000,1800,164700,165900,166072.5,168600,172100,1236.6,167700,168054.9,1.472
scatter,physical,nocache,scattered,4,64,256,51,1.0000,1800,160100,165800,165731.4,166900,167600,1034.7,167600,167568.6,1.473
scatter,virtual,nocache,scattered,4,128,512,51,1.0000,1800,160500,165700,165792.2,169700,170600,1448.7,167400,167635.3,2.947
scatter,physical,nocache,scattered,4,128,512,51,1.0000,1800,159900,165900,165805.9,166800,167200,1000.7,167700,167649.0,2.943
scatter,virtual,nocache,scattered,4,256,1024,51,1.0000,1800,160800,166000,166160.8,167700,175900,1774.4,167800,168002.0,5.883
scatter,physical,nocache,scattered,4,256,1024,51,1.0000,1800,160400,165800,165688.2,166800,167600,1005.1,167600,167531.4,5.890
scatter,virtual,nocache,scattered,4,512,2048,51,1.0000,1800,163200,166200,166435.3,167600,174500,1396.4,168000,168254.9,11.752
scatter,physical,nocache,scattered,4,512,2048,51,1.0000,1900,165100,165900,166684.3,172300,177900,2548.4,167800,168580.4,11.773
scatter,virtual,nocache,scattered,4,768,3072,51,1.0000,1800,164700,166200,166307.8,167300,168300,686.4,168000,168121.6,17.627
scatter,physical,nocache,scattered,4,768,3072,51,1.0000,1900,164600,166200,167213.7,175100,194400,4482.4,168100,169098.0,17.627
scatter,virtual,nocache,scattered,4,1024,4096,51,1.0000,1800,225200,228400,229025.5,232500,249100,3356.2,230100,230843.1,17.103
scatter,physical,nocache,scattered,4,1024,4096,51,1.0000,1800,224900,228400,228413.7,230300,233000,1213.1,230300,230258.8,17.103
scatter,virtual,nocache,scattered,4,2048,8192,51,1.0000,1800,190300,192500,192921.6,197500,199400,1770.8,194600,194762.7,40.584
scatter,physical,nocache,scattered,4,2048,8192,51,1.0000,1800,189600,191900,192025.5,193900,197000,1186.7,193700,193876.5,40.711
scatter,virtual,nocache,scattered,4,4096,16384,51,1.0000,1500,190000,192200,192605.9,193900,205100,1952.9,193700,194070.6,81.296
scatter,physical,nocache,scattered,4,4096,16384,51,1.0000,1500,190400,192300,192635.3,194400,201100,1596.2,193800,194147.1,81.253
scatter_page,virtual,nocache,scattered,4,4096,16384,51,1.0000,1400,190500,192500,193121.6,194700,209900,2985.9,194000,194554.9,81.169
scatter,virtual,nocache,scattered,8,8,64,51,1.0000,2300,162500,166400,166705.9,171100,175800,1793.7,168700,169027.5,0.367
scatter,physical,nocache,scattered,8,8,64,51,1.0000,2300,160600,166100,166131.4,167500,169900,1218.6,168500,168478.4,0.367
scatter_page,virtual,nocache,scattered,8,8,64,51,1.0000,2300,257200,259400,259682.4,263000,270700,2142.0,261700,261970.6,0.235
scatter,virtual,nocache,scattered,8,16,128,51,1.0000,2300,162300,165900,166421.6,172700,178300,2671.7,168100,168839.2,0.736
scatter,physical,nocache,scattered,8,16,128,51,1.0000,2300,164700,165700,165947.1,167400,174800,1447.1,168000,168288.2,0.737
scatter,virtual,nocache,scattered,8,32,256,51,1.0000,2300,165200,165900,166313.7,170000,173600,1646.5,168200,168631.4,1.472
scatter,physical,nocache,scattered,8,32,256,51,1.0000,2300,160500,165700,166476.5,167500,205500,5732.1,168000,168805.9,1.473
scatter,virtual,nocache,scattered,8,64,512,51,1.0000,2300,163100,166000,166015.7,166900,167100,641.1,168300,168317.6,2.941
scatter,physical,nocache,scattered,8,64,512,51,1.0000,2300,160700,165800,165966.7,167200,173700,1591.3,168100,168305.9,2.945
scatter,virtual,nocache,scattered,8,128,1024,51,1.0000,2400,163600,166200,166190.2,167200,167400,600.8,168500,168547.1,5.876
scatter,physical,nocache,scattered,8,128,1024,51,1.0000,2300,161200,165900,168805.9,170500,301600,19038.2,168200,171184.3,5.886
scatter,virtual,nocache,scattered,8,256,2048,51,1.0000,2300,164600,166100,168396.1,175800,248900,11935.8,168400,170786.3,11.759
scatter,physical,nocache,scattered,8,256,2048,51,1.0000,2400,163400,166000,166017.6,167200,170900,1187.4,168400,168452.9,11.766
scatter,virtual,nocache,scattered,8,512,4096,51,1.0000,2400,227300,229100,229709.8,234900,246100,2863.2,231400,232084.3,17.050
scatter,physical,nocache,scattered,8,512,4096,51,1.0000,2300,226400,227900,228378.4,231700,235700,1846.4,230200,230751.0,17.140
scatter,virtual,nocache,scattered,8,768,6144,51,1.0000,2300,229500,231500,231796.1,234700,243400,2061.5,233800,234131.4,25.310
scatter,physical,nocache,scattered,8,768,6144,51,1.0000,2300,229000,230700,231005.9,233800,238300,1622.1,233100,233351.0,25.398
scatter,virtual,nocache,scattered,8,1024,8192,51,1.0000,2300,291700,294700,295219.6,302300,306000,2739.0,297100,297570.6,26.510
scatter,physical,nocache,scattered,8,1024,8192,51,1.0000,2300,291600,293800,294382.4,300200,307600,2628.1,296400,296733.3,26.591
scatter,virtual,nocache,scattered,8,2048,16384,51,1.0000,2300,256000,259000,258927.5,260600,266100,1529.8,261400,261266.7,60.328
scatter,physical,nocache,scattered,8,2048,16384,51,1.0000,2300,255200,258100,258758.8,266200,270600,2891.7,260500,261143.1,60.539
scatter,virtual,nocache,scattered,8,4096,32768,51,1.0000,2000,255100,257800,258429.4,261000,273800,3100.5,259800,260445.1,121.218
scatter,physical,nocache,scattered,8,4096,32768,51,1.0000,2000,253600,256600,256960.8,261600,268900,2434.4,258600,258974.5,121.785
scatter_page,virtual,nocache,scattered,8,4096,32768,51,1.0000,1900,255400,257700,257641.2,259400,259800,1060.8,259600,259600.0,121.265
scatter,virtual,nocache,scattered,12,8,96,51,1.0000,2800,164400,165700,166184.3,172500,177000,2257.3,168500,169043.1,0.553
scatter,physical,nocache,scattered,12,8,96,51,1.0000,2800,162200,165500,165598.0,166700,167100,750.9,168400,168441.2,0.553
scatter_page,virtual,nocache,scattered,12,8,96,51,1.0000,2800,320500,322900,324335.3,334800,353000,5511.1,325900,327158.8,0.284
scatter,virtual,nocache,scattered,12,16,192,51,1.0000,2900,163000,165700,166021.6,168100,178500,2118.7,168500,168896.1,1.105
scatter,physical,nocache,scattered,12,16,192,51,1.0000,2800,164000,165700,165876.5,167600,171800,1088.4,168600,168745.1,1.105
scatter,virtual,nocache,scattered,12,32,384,51,1.0000,2800,163900,165800,166051.0,167800,173400,1360.8,168600,168862.7,2.209
scatter,physical,nocache,scattered,12,32,384,51,1.0000,2800,162900,165700,166472.5,173300,177400,2627.7,168600,169335.3,2.210
scatter,virtual,nocache,scattered,12,64,768,51,1.0000,3800,163200,180100,179419.6,186000,186800,5892.3,184200,183107.8,4.067
scatter,physical,nocache,scattered,12,64,768,51,1.0000,2800,164700,166400,174860.8,213900,220300,15917.2,169200,178105.9,4.402
scatter,virtual,nocache,scattered,12,128,1536,51,1.0000,2800,165200,166500,166898.0,171200,177400,1962.6,169300,169756.9,8.798
scatter,physical,nocache,scattered,12,128,1536,51,1.0000,2800,165200,166100,166551.0,172200,174700,1820.0,168900,169445.1,8.819
scatter,virtual,nocache,scattered,12,256,3072,51,1.0000,2800,228500,230100,230345.1,232600,236300,1348.8,233000,233194.1,12.732
scatter,physical,nocache,scattered,12,256,3072,51,1.0000,2800,226500,228700,228911.8,230500,240400,2369.1,231600,231760.8,12.810
scatter,virtual,nocache,scattered,12,512,6144,51,1.0000,2900,230200,233100,233451.0,235700,246000,2214.4,236000,236315.7,25.137
scatter,physical,nocache,scattered,12,512,6144,51,1.0000,2800,225500,231500,232200.0,237600,253200,3472.5,234400,235076.5,25.310
scatter,virtual,nocache,scattered,12,768,9216,51,1.0000,2900,297300,300500,300707.8,305100,311700,2458.2,303400,303590.2,29.248
scatter,physical,nocache,scattered,12,768,9216,51,1.0000,2900,295600,299200,299684.3,307800,315100,3201.6,302000,302621.6,29.375
scatter,virtual,nocache,scattered,12,1024,12288,51,1.0000,2900,372400,376400,377790.2,388500,400800,5207.1,379300,380688.2,31.134
scatter,physical,nocache,scattered,12,1024,12288,51,1.0000,2900,369200,374400,375902.0,389300,401600,5713.0,377200,378772.5,31.300
scatter,virtual,nocache,scattered,12,2048,24576,51,1.0000,2900,323200,325300,325449.0,328900,334100,1882.8,328200,328329.4,72.049
scatter,physical,nocache,scattered,12,2048,24576,51,1.0000,2900,322100,323600,324247.1,329900,336200,2490.3,326500,327125.5,72.427
scatter,virtual,nocache,scattered,12,4096,49152,51,1.0000,2500,320400,322500,322984.3,325600,336200,2465.9,325000,325466.7,145.349
scatter,physical,nocache,scattered,12,4096,49152,51,1.0000,2500,317900,320700,320823.5,322100,334300,2159.2,323200,323566.7,146.165
scatter_page,virtual,nocache,scattered,12,4096,49152,51,1.0000,2400,321100,323500,323960.8,326800,335900,2412.8,326000,326894.1,144.900
scatter,virtual,nocache,scattered,16,8,128,51,1.0000,3400,163500,165400,165535.3,167200,169800,889.0,168800,168949.0,0.738
scatter,physical,nocache,scattered,16,8,128,51,1.0000,3400,163100,165500,166041.2,172900,180100,2658.1,168900,169492.2,0.738
scatter_page,virtual,nocache,scattered,16,8,128,51,1.0000,3300,496700,500500,503151.0,519800,553000,10439.1,503900,506511.8,0.244
scatter,virtual,nocache,scattered,16,16,256,51,1.0000,3500,164500,165700,166035.3,168500,170200,1206.5,169200,169554.9,1.473
scatter,physical,nocache,scattered,16,16,256,51,1.0000,3500,164700,165600,166813.7,173500,192600,4206.8,169100,170358.8,1.474
scatter,virtual,nocache,scattered,16,32,512,51,1.0000,3400,164500,165700,165758.8,167300,169400,836.7,169100,169207.8,2.947
scatter,physical,nocache,scattered,16,32,512,51,1.0000,3400,162900,165400,165702.0,166900,173800,1586.9,168900,169158.8,2.952
scatter,virtual,nocache,scattered,16,64,1024,51,1.0000,3400,164400,165500,165605.9,167000,170500,946.7,168900,169035.3,5.901
scatter,physical,nocache,scattered,16,64,1024,51,1.0000,3400,164800,165600,165896.1,167000,175200,1441.8,169100,169372.5,5.897
scatter,virtual,nocache,scattered,16,128,2048,51,1.0000,3500,226600,228700,229845.1,234600,258100,4665.5,232200,233370.6,8.540
scatter,physical,nocache,scattered,16,128,2048,51,1.0000,3500,225000,227000,227498.0,231600,249900,3531.1,230500,231027.5,8.604
scatter,virtual,nocache,scattered,16,256,4096,51,1.0000,3500,230400,232800,233270.6,239100,248100,2804.5,236400,236868.6,16.779
scatter,physical,nocache,scattered,16,256,4096,51,1.0000,3600,227600,230800,231756.9,240200,247300,3595.7,234300,235362.7,16.925
scatter,virtual,nocache,scattered,16,512,8192,51,1.0000,3500,296200,299200,299790.2,304400,319600,3396.1,302700,303262.7,26.111
scatter,physical,nocache,scattered,16,512,8192,51,1.0000,3500,295100,298000,297996.1,299500,307500,1774.6,301400,301496.1,26.216
scatter,virtual,nocache,scattered,16,768,12288,51,1.0000,3500,377000,379500,380217.6,387500,388600,2883.2,383000,383711.8,30.879
scatter,physical,nocache,scattered,16,768,12288,51,1.0000,3500,373300,376400,376637.3,380100,386800,2273.1,379800,380139.2,31.134
scatter,virtual,nocache,scattered,16,1024,16384,51,1.0000,3500,457500,461400,462137.3,471600,473100,3265.1,465000,465643.1,33.864
scatter,physical,nocache,scattered,16,1024,16384,51,1.0000,3500,456000,459700,460449.0,469100,489000,4910.5,463200,463954.9,33.990
scatter,virtual,nocache,scattered,16,2048,32768,51,1.0000,3400,495300,500900,503286.3,516300,550000,9476.3,504300,506709.8,62.388
scatter,physical,nocache,scattered,16,2048,32768,51,1.0000,3500,495400,499300,500537.3,505900,551500,7834.4,502800,504019.6,62.588
scatter,virtual,nocache,scattered,16,4096,65536,51,1.0000,2900,495500,499900,504576.5,552800,608600,18643.4,502800,507500.0,125.025
scatter,physical,nocache,scattered,16,4096,65536,51,1.0000,2900,495600,498600,501017.6,509000,548700,9889.9,501500,503998.0,125.351
scatter_page,virtual,nocache,scattered,16,4096,65536,51,1.0000,2900,495500,499500,500919.6,507700,549400,7547.6,502300,503831.4,125.125
scatter,virtual,nocache,scattered,20,8,160,51,1.0000,3900,165700,166700,167186.3,169300,178500,1993.4,170700,171135.3,0.915
scatter,physical,nocache,scattered,20,8,160,51,1.0000,4000,164100,165000,165337.3,167900,172500,1511.6,169000,169345.1,0.925
scatter_page,virtual,nocache,scattered,20,8,160,51,1.0000,3900,562100,566400,570407.8,592700,658100,15126.6,570200,574370.6,0.269
scatter,virtual,nocache,scattered,20,16,320,51,1.0000,4100,165200,166900,167331.4,168700,176700,1936.7,171000,171360.8,1.828
scatter,physical,nocache,scattered,20,16,320,51,1.0000,4000,163800,164900,164980.4,166100,169000,821.7,169000,169054.9,1.851
scatter,virtual,nocache,scattered,20,32,640,51,1.0000,3900,165600,166900,167529.4,169800,192400,3680.8,170900,171503.9,3.657
scatter,physical,nocache,scattered,20,32,640,51,1.0000,4000,163900,165000,165492.2,167900,178000,2067.5,169000,169529.4,3.699
scatter,virtual,nocache,scattered,20,64,1280,51,1.0000,3900,165400,166700,166851.0,168400,169300,909.4,170700,170823.5,7.323
scatter,physical,nocache,scattered,20,64,1280,51,1.0000,4000,163600,164900,165488.2,169800,179200,2326.9,169000,169562.7,7.403
scatter,virtual,nocache,scattered,20,128,2560,51,1.0000,4100,229700,231600,232472.5,241500,242700,2981.6,235700,236611.8,10.541
scatter,physical,nocache,scattered,20,128,2560,51,1.0000,4100,227500,229800,229713.7,231900,231900,1111.4,233900,233807.8,10.624
scatter,virtual,nocache,scattered,20,256,5120,51,1.0000,4100,233200,235100,236000.0,241200,249100,2698.4,239200,240056.9,20.769
scatter,physical,nocache,scattered,20,256,5120,51,1.0000,4100,231600,233200,233827.5,238300,245200,2260.9,237400,237927.5,20.938
scatter,virtual,nocache,scattered,20,512,10240,51,1.0000,4100,367700,371600,371988.2,378100,386400,3041.3,375600,376121.6,26.280
scatter,physical,nocache,scattered,20,512,10240,51,1.0000,4100,365500,368600,369462.7,377200,384800,3734.3,372600,373566.7,26.494
scatter,virtual,nocache,scattered,20,768,15360,51,1.0000,4100,452900,455800,456560.8,464600,474500,3727.5,459900,460688.2,32.138
scatter,physical,nocache,scattered,20,768,15360,51,1.0000,4100,450500,454300,454807.8,460500,469700,2950.2,458400,458911.8,32.244
scatter,virtual,nocache,scattered,20,1024,20480,51,1.0000,4100,534300,543700,544292.2,556200,557000,4284.1,547800,548370.6,35.923
scatter,physical,nocache,scattered,20,1024,20480,51,1.0000,4100,537200,542400,543249.0,553200,553900,4144.9,546400,547360.8,36.009
scatter,virtual,nocache,scattered,20,2048,40960,51,1.0000,4000,561500,566200,569923.5,590800,633200,12200.4,570400,573960.8,68.991
scatter,physical,nocache,scattered,20,2048,40960,51,1.0000,4100,560000,564300,569729.4,624300,630000,16429.4,568500,573866.7,69.223
scatter,virtual,nocache,scattered,20,4096,81920,51,1.0000,3300,559800,563600,568545.1,605800,675700,19767.1,567000,571898.0,138.618
scatter,physical,nocache,scattered,20,4096,81920,51,1.0000,3400,557200,562600,564747.1,579800,608700,9390.0,565900,568131.4,138.864
scatter_page,virtual,nocache,scattered,20,4096,81920,51,1.0000,3400,559600,565200,569462.7,603900,676900,18119.9,568600,572833.3,138.225
scatter,virtual,nocache,scattered,24,8,192,51,1.0000,4400,166500,168200,168184.3,170900,172300,1144.4,172700,172676.5,1.089
scatter,physical,nocache,scattered,24,8,192,51,1.0000,4400,164500,165900,166084.3,167300,170900,905.8,170400,170539.2,1.104
scatter_page,virtual,nocache,scattered,24,8,192,51,1.0000,4400,628000,632000,651427.5,730300,746200,34218.8,636400,655880.4,0.290
scatter,virtual,nocache,scattered,24,16,384,51,1.0000,4600,166800,168200,168545.1,171600,178900,2032.4,172800,173125.5,2.177
scatter,physical,nocache,scattered,24,16,384,51,1.0000,4500,165000,166000,166139.2,168400,170300,1004.6,170500,170702.0,2.206
scatter,virtual,nocache,scattered,24,32,768,51,1.0000,4500,166600,168200,177851.0,178500,621300,63393.0,172700,182411.8,4.354
scatter,physical,nocache,scattered,24,32,768,51,1.0000,4400,164000,165300,165996.1,168200,179700,2447.6,169800,170454.9,4.431
scatter,virtual,nocache,scattered,24,64,1536,51,1.0000,4500,166400,168100,168660.8,175100,180400,2568.8,172700,173192.2,8.714
scatter,physical,nocache,scattered,24,64,1536,51,1.0000,4400,164400,165900,167478.4,174600,224100,8321.7,170400,171907.8,8.830
scatter,virtual,nocache,scattered,24,128,3072,51,1.0000,4600,231300,234000,234092.2,235300,248000,2237.6,238600,238694.1,12.520
scatter,physical,nocache,scattered,24,128,3072,51,1.0000,4500,228600,231600,234602.0,239500,330300,14880.6,236100,239219.6,12.650
scatter,virtual,nocache,scattered,24,256,6144,51,1.0000,4600,296700,299300,299680.4,303200,310000,2526.4,303900,304300.0,19.577
scatter,physical,nocache,scattered,24,256,6144,51,1.0000,4600,293800,296500,297054.9,304000,312600,3135.2,301100,301629.4,19.762
scatter,virtual,nocache,scattered,24,512,12288,51,1.0000,4600,379600,382000,382690.2,390400,397600,3033.5,386800,387592.2,30.677
scatter,physical,nocache,scattered,24,512,12288,51,1.0000,4600,375900,380200,381621.6,396400,399900,4924.4,384900,386203.9,30.823
scatter,virtual,nocache,scattered,24,768,18432,51,1.0000,4600,528500,534300,535545.1,548300,549700,4893.0,538800,540168.6,32.899
scatter,physical,nocache,scattered,24,768,18432,51,1.0000,4600,526000,530900,532174.5,542000,546400,4540.6,535500,536741.2,33.110
scatter,virtual,nocache,scattered,24,1024,24576,51,1.0000,4500,870500,876600,880837.3,896400,1020700,21181.7,881200,885464.7,26.737
scatter,physical,nocache,scattered,24,1024,24576,51,1.0000,4500,865700,874800,883868.6,931100,937400,20891.7,879400,888409.8,26.792
scatter,virtual,nocache,scattered,24,2048,49152,51,1.0000,4600,627600,631400,640547.1,734900,739300,26415.4,636000,645194.1,74.240
scatter,physical,nocache,scattered,24,2048,49152,51,1.0000,4500,624600,629600,631596.1,659900,661800,7826.7,634100,636143.1,74.452
scatter,virtual,nocache,scattered,24,4096,98304,51,1.0000,3900,626900,629600,631366.7,641100,663400,5654.8,633500,635256.9,148.904
scatter,physical,nocache,scattered,24,4096,98304,51,1.0000,3900,622500,627800,630109.8,649800,679900,10864.2,631700,634019.6,149.331
scatter_page,virtual,nocache,scattered,24,4096,98304,51,1.0000,3900,626000,629800,657917.6,737900,742100,43238.5,633700,661784.3,148.857
scatter,virtual,nocache,scattered,26,8,208,51,1.0000,4700,167300,168600,168780.4,171100,172100,983.7,173300,173541.2,1.177
scatter,physical,nocache,scattered,26,8,208,51,1.0000,4700,164600,166200,166780.4,169200,185700,3396.1,170800,171509.8,1.194
scatter_page,virtual,nocache,scattered,26,8,208,51,1.0000,4600,734500,738300,740441.2,754500,787500,7984.5,743000,745098.0,0.269
scatter,virtual,nocache,scattered,26,16,416,51,1.0000,4800,167400,168900,169045.1,170800,181500,1993.2,173600,173817.6,2.349
scatter,physical,nocache,scattered,26,16,416,51,1.0000,4800,164800,166100,166476.5,168000,182400,2583.1,170800,171249.0,2.388
scatter,virtual,nocache,scattered,26,32,832,51,1.0000,4700,167500,168700,168927.5,171200,172200,863.7,173400,173619.6,4.703
scatter,physical,nocache,scattered,26,32,832,51,1.0000,4700,164700,166000,166152.9,167300,171200,1015.7,170800,170954.9,4.780
scatter,virtual,nocache,scattered,26,64,1664,51,1.0000,4700,167800,169000,169076.5,170400,173500,1006.9,173800,173819.6,9.390
scatter,physical,nocache,scattered,26,64,1664,51,1.0000,4700,165500,166800,167588.2,173500,183400,2819.7,171600,172386.3,9.514
scatter,virtual,nocache,scattered,26,128,3328,51,1.0000,4800,233100,234900,235592.2,240100,247700,2570.2,239700,240402.0,13.511
scatter,physical,nocache,scattered,26,128,3328,51,1.0000,4800,230100,232400,233443.1,244500,250300,4091.6,237100,238229.4,13.657
scatter,virtual,nocache,scattered,26,256,6656,51,1.0000,4800,297800,300500,302833.3,314900,378800,11460.3,305400,307723.5,21.124
scatter,physical,nocache,scattered,26,256,6656,51,1.0000,4800,295400,298000,298747.1,306400,309700,3159.3,302800,303658.8,21.301
scatter,virtual,nocache,scattered,26,512,13312,51,1.0000,4800,447300,452500,455188.2,467300,532800,13559.5,457400,460037.3,28.056
scatter,physical,nocache,scattered,26,512,13312,51,1.0000,4800,444800,450100,450588.2,457600,460700,3603.0,454900,455452.9,28.206
scatter,virtual,nocache,scattered,26,768,19968,51,1.0000,4900,540300,544200,544996.1,555400,556900,3551.7,549100,549851.0,34.993
scatter,physical,nocache,scattered,26,768,19968,51,1.0000,4800,537400,541800,541913.7,548100,553000,2910.1,546700,546762.7,35.148
scatter,virtual,nocache,scattered,26,1024,26624,51,1.0000,4800,934300,940800,944639.2,990300,994700,14672.2,945600,949529.4,26.988
scatter,physical,nocache,scattered,26,1024,26624,51,1.0000,4700,929000,936700,939992.2,982700,997800,13060.7,941300,944758.8,27.106
scatter,virtual,nocache,scattered,26,2048,53248,51,1.0000,4700,736900,740900,742527.5,746600,803300,9260.5,745500,747284.3,68.540
scatter,physical,nocache,scattered,26,2048,53248,51,1.0000,4700,734700,739700,752880.4,784100,1032100,45072.5,744500,757645.1,68.651
scatter,virtual,nocache,scattered,26,4096,106496,51,1.0000,4100,733600,738300,739023.5,741800,784200,6713.4,742400,743149.0,137.563
scatter,physical,nocache,scattered,26,4096,106496,51,1.0000,4100,731900,735300,745121.6,804800,866200,29695.2,739600,749333.3,138.124
scatter_page,virtual,nocache,scattered,26,4096,106496,51,1.0000,4100,733200,738300,739464.7,746700,795200,8476.7,742400,743605.9,137.563
scatter,virtual,nocache,scattered,27,8,216,51,1.0000,4800,167500,169400,169674.5,173600,174800,1529.3,174400,174549.0,1.216
scatter,physical,nocache,scattered,27,8,216,51,1.0000,4800,164700,166200,166619.6,169300,174900,1858.8,171100,171452.9,1.239
scatter_page,virtual,nocache,scattered,27,8,216,51,1.0000,4700,736600,740200,743158.8,769000,783600,9541.8,744900,747913.7,0.278
scatter,virtual,nocache,scattered,27,16,432,51,1.0000,4900,167400,169400,170658.8,176100,218400,7101.2,174300,175611.8,2.432
scatter,physical,nocache,scattered,27,16,432,51,1.0000,4900,165300,166600,166645.1,168200,170900,927.4,171500,171543.1,2.473
scatter,virtual,nocache,scattered,27,32,864,51,1.0000,4800,167500,169100,169696.1,174200,182100,2443.9,173900,174603.9,4.873
scatter,physical,nocache,scattered,27,32,864,51,1.0000,4900,165100,166500,167184.3,168700,188500,3335.8,171500,172105.9,4.949
scatter,virtual,nocache,scattered,27,64,1728,51,1.0000,4900,167700,169800,170184.3,175600,177700,1823.8,174600,175088.2,9.705
scatter,physical,nocache,scattered,27,64,1728,51,1.0000,4800,165400,166700,169429.4,173600,239400,12046.2,171500,174272.5,9.886
scatter,virtual,nocache,scattered,27,128,3456,51,1.0000,4900,233100,235200,235229.4,237600,240000,1340.0,240100,240211.8,14.013
scatter,physical,nocache,scattered,27,128,3456,51,1.0000,4900,230300,233000,233135.3,235900,242600,1972.3,237900,238064.7,14.145
scatter,virtual,nocache,scattered,27,256,6912,51,1.0000,5000,299000,301500,301752.9,303600,315100,2429.4,306400,306729.4,21.863
scatter,physical,nocache,scattered,27,256,6912,51,1.0000,5000,295800,298800,298986.3,306200,307300,2241.4,303700,303951.0,22.061
scatter,virtual,nocache,scattered,27,512,13824,51,1.0000,4900,450200,454300,454864.7,463500,463800,3319.4,459300,459841.2,29.020
scatter,physical,nocache,scattered,27,512,13824,51,1.0000,5000,448700,452300,452651.0,461800,470900,3605.0,457200,457607.8,29.148
scatter,virtual,nocache,scattered,27,768,20736,51,1.0000,5000,605200,611300,611839.2,618700,630700,4150.1,616300,616819.6,32.350
scatter,physical,nocache,scattered,27,768,20736,51,1.0000,5000,602100,608200,608886.3,615400,622900,3846.6,613200,613896.1,32.515
scatter,virtual,nocache,scattered,27,1024,27648,51,1.0000,4900,935500,943300,951552.9,996500,1034100,21105.4,948200,956482.4,27.952
scatter,physical,nocache,scattered,27,1024,27648,51,1.0000,5000,934700,940000,1004741.2,1009000,3911300,415550.5,945000,1009703.9,28.050
scatter,virtual,nocache,scattered,27,2048,55296,51,1.0000,4900,739100,742600,748766.7,787600,871300,24797.4,747600,753672.5,71.013
scatter,physical,nocache,scattered,27,2048,55296,51,1.0000,4900,736500,741400,751654.9,815700,887900,29830.3,746300,756600.0,71.128
scatter,virtual,nocache,scattered,27,4096,110592,51,1.0000,4200,735300,740100,741639.2,753900,796800,8782.2,744200,745886.3,142.506
scatter,physical,nocache,scattered,27,4096,110592,51,1.0000,4300,733300,737600,747592.2,817900,853100,27597.9,741800,751874.5,142.989
scatter_page,virtual,nocache,scattered,27,4096,110592,51,1.0000,4200,735500,740300,740345.1,743500,750800,2504.7,744600,744596.1,142.468
scatter,virtual,nocache,scattered,28,8,224,51,1.0000,5000,168700,169500,170003.9,173100,175400,1402.8,174600,175049.0,1.260
scatter,physical,nocache,scattered,28,8,224,51,1.0000,4900,165300,166900,166994.1,169300,169800,970.9,171900,171935.3,1.280
scatter_page,virtual,nocache,scattered,28,8,224,51,1.0000,4900,738900,742700,751464.7,827100,875800,27317.8,747800,756760.8,0.288
scatter,virtual,nocache,scattered,28,16,448,51,1.0000,5100,168300,169600,169702.0,171100,174500,1038.6,174800,174764.7,2.519
scatter,physical,nocache,scattered,28,16,448,51,1.0000,5000,165800,166600,167217.6,171400,180900,2471.4,171600,172219.6,2.565
scatter,virtual,nocache,scattered,28,32,896,51,1.0000,4900,168300,169500,169596.1,171600,172700,946.1,174400,174552.9,5.041
scatter,physical,nocache,scattered,28,32,896,51,1.0000,4900,165500,166900,167074.5,169100,176400,1555.6,171900,172019.6,5.120
scatter,virtual,nocache,scattered,28,64,1792,51,1.0000,4900,168600,169800,169876.5,171500,175100,1171.8,174800,174847.1,10.065
scatter,physical,nocache,scattered,28,64,1792,51,1.0000,4900,165600,167000,167151.0,168400,173600,1187.2,171900,172109.8,10.233
scatter,virtual,nocache,scattered,28,128,3584,51,1.0000,5100,234300,236700,236805.9,239100,245200,1918.3,241800,241952.9,14.440
scatter,physical,nocache,scattered,28,128,3584,51,1.0000,5100,231800,233700,235717.6,243900,291700,8969.7,238800,240921.6,14.625
scatter,virtual,nocache,scattered,28,256,7168,51,1.0000,5100,300300,303100,303705.9,312100,316200,2918.2,308200,308843.1,22.553
scatter,physical,nocache,scattered,28,256,7168,51,1.0000,5100,297100,300600,301186.3,305400,318500,3089.7,305800,306339.2,22.741
scatter,virtual,nocache,scattered,28,512,14336,51,1.0000,5100,452800,456900,458768.6,469500,494800,6702.2,462100,463903.9,29.923
scatter,physical,nocache,scattered,28,512,14336,51,1.0000,5100,449900,454500,455925.5,464100,471000,4444.0,459600,461123.5,30.081
scatter,virtual,nocache,scattered,28,768,21504,51,1.0000,5200,605000,614000,614741.2,623800,627700,4540.2,619100,620172.5,33.400
scatter,physical,nocache,scattered,28,768,21504,51,1.0000,5100,606100,610500,611096.1,618800,621800,3137.5,615500,616219.6,33.592
scatter,virtual,nocache,scattered,28,1024,28672,51,1.0000,5100,936900,943900,944982.4,954000,986700,6895.7,948900,950086.3,28.969
scatter,physical,nocache,scattered,28,1024,28672,51,1.0000,5000,937100,942900,943749.0,949100,982300,6295.7,947900,948754.9,29.000
scatter,virtual,nocache,scattered,28,2048,57344,51,1.0000,5000,734800,744800,750898.0,790100,868200,22668.3,750000,755974.5,73.426
scatter,physical,nocache,scattered,28,2048,57344,51,1.0000,5000,736700,742200,749123.5,788600,860700,22056.5,747100,754174.5,73.683
scatter,virtual,nocache,scattered,28,4096,114688,51,1.0000,4300,737600,741600,751943.1,813200,865400,27753.0,746100,756302.0,147.485
scatter,physical,nocache,scattered,28,4096,114688,51,1.0000,4400,736800,740900,757402.0,852500,877900,36887.8,745300,761809.8,147.625
scatter_page,virtual,nocache,scattered,28,4096,114688,51,1.0000,4300,736000,742100,743603.9,754400,787500,7332.6,746500,747984.3,147.386
scatter,virtual,nocache,scattered,29,8,232,51,1.0000,5100,168800,169500,170011.8,171000,178600,1574.9,174700,175162.7,1.305
scatter,physical,nocache,scattered,29,8,232,51,1.0000,5100,165200,166900,167454.9,173400,181400,2713.1,172000,172676.5,1.326
scatter_page,virtual,nocache,scattered,29,8,232,51,1.0000,5000,749500,754500,755764.7,762300,796500,6597.1,759600,760847.1,0.293
scatter,virtual,nocache,scattered,29,16,464,51,1.0000,5200,168800,170100,170490.2,173100,179700,1998.4,175400,175715.7,2.601
scatter,physical,nocache,scattered,29,16,464,51,1.0000,5200,166300,167300,168441.2,177500,189700,4224.4,172500,173737.3,2.645
scatter,virtual,nocache,scattered,29,32,928,51,1.0000,5100,168500,169900,170268.6,174700,176200,1498.9,175000,175433.3,5.209
scatter,physical,nocache,scattered,29,32,928,51,1.0000,5100,165400,167200,167402.0,169300,174700,1536.8,172300,172513.7,5.293
scatter,virtual,nocache,scattered,29,64,1856,51,1.0000,5100,169300,170800,170994.1,172100,181300,1647.0,175900,176137.3,10.363
scatter,physical,nocache,scattered,29,64,1856,51,1.0000,5100,165700,167200,169052.9,173700,227900,8690.8,172300,174305.9,10.586
scatter,virtual,nocache,scattered,29,128,3712,51,1.0000,5300,234900,237400,238392.2,244600,255400,3714.2,242700,243711.8,14.912
scatter,physical,nocache,scattered,29,128,3712,51,1.0000,5200,232600,234300,234866.7,239800,247000,2677.4,239500,240154.9,15.109
scatter,virtual,nocache,scattered,29,256,7424,51,1.0000,5300,300900,303200,304102.0,307900,327900,4080.8,308600,309460.8,23.351
scatter,physical,nocache,scattered,29,256,7424,51,1.0000,5300,297900,300400,300713.7,303400,313300,2358.1,305600,305982.4,23.569
scatter,virtual,nocache,scattered,29,512,14848,51,1.0000,5300,457500,460300,462090.2,474200,505200,8010.6,465400,467407.8,30.763
scatter,physical,nocache,scattered,29,512,14848,51,1.0000,5300,452500,457200,459703.9,470600,524100,12004.6,462400,464970.6,30.971
scatter,virtual,nocache,scattered,29,768,22272,51,1.0000,5200,865300,875400,879639.2,925000,935400,15390.2,880700,884831.4,24.263
scatter,physical,nocache,scattered,29,768,22272,51,1.0000,5100,864900,872100,875498.0,925200,940800,14636.8,877200,880633.3,24.355
scatter,virtual,nocache,scattered,29,1024,29696,51,1.0000,5300,997900,1006000,1009298.0,1052500,1058400,12677.2,1011100,1014592.2,28.151
scatter,physical,nocache,scattered,29,1024,29696,51,1.0000,5200,996300,1003300,1006327.5,1021800,1062000,12654.1,1008300,1011539.2,28.227
scatter,virtual,nocache,scattered,29,2048,59392,51,1.0000,5200,753000,756400,756819.6,760800,772200,2990.5,761500,762027.5,74.882
scatter,physical,nocache,scattered,29,2048,59392,51,1.0000,5100,747900,753800,754958.8,767600,801700,7775.0,758800,760107.8,75.140
scatter,virtual,nocache,scattered,29,4096,118784,51,1.0000,4500,748500,752400,752739.2,760600,762400,2685.6,756900,757243.1,150.560
scatter,physical,nocache,scattered,29,4096,118784,51,1.0000,4500,747400,750000,752203.9,763500,792000,8529.6,754500,756713.7,151.042
scatter_page,virtual,nocache,scattered,29,4096,118784,51,1.0000,4500,748500,753600,755039.2,758400,806400,8928.9,758100,759584.3,150.320
scatter,virtual,nocache,scattered,30,8,240,51,1.0000,5200,168700,169900,170392.2,173300,180500,1844.2,175100,175707.8,1.347
scatter,physical,nocache,scattered,30,8,240,51,1.0000,5200,165500,167400,167764.7,171100,176700,2064.7,172600,173019.6,1.367
scatter_page,virtual,nocache,scattered,30,8,240,51,1.0000,5200,764700,768300,770839.2,782600,821100,9983.8,773600,776078.4,0.298
scatter,virtual,nocache,scattered,30,16,480,51,1.0000,5400,168900,169900,170117.6,171100,180500,1608.1,175300,175594.1,2.694
scatter,physical,nocache,scattered,30,16,480,51,1.0000,5300,166000,167500,171990.2,207800,213700,11786.3,172900,177280.4,2.733
scatter,virtual,nocache,scattered,30,32,960,51,1.0000,5300,169200,170300,170570.6,172600,177600,1379.9,175500,175880.4,5.376
scatter,physical,nocache,scattered,30,32,960,51,1.0000,5200,165600,167300,167866.7,176200,179300,2669.6,172500,173115.7,5.472
scatter,virtual,nocache,scattered,30,64,1920,51,1.0000,5200,169100,170600,171074.5,174300,183200,2354.3,175800,176376.5,10.733
scatter,physical,nocache,scattered,30,64,1920,51,1.0000,5200,166800,168000,168202.0,169500,176600,1385.9,173200,173492.2,10.899
scatter,virtual,nocache,scattered,30,128,3840,51,1.0000,5400,235500,237300,237966.7,247700,251700,3023.8,242700,243368.6,15.432
scatter,physical,nocache,scattered,30,128,3840,51,1.0000,5300,232600,234100,234851.0,236200,254100,3849.4,239400,240168.6,15.643
scatter,virtual,nocache,scattered,30,256,7680,51,1.0000,5400,300500,303600,303827.5,308600,313100,2175.0,308900,309215.7,24.125
scatter,physical,nocache,scattered,30,256,7680,51,1.0000,5300,298600,301200,301329.4,303500,313100,2203.7,306600,306713.7,24.317
scatter,virtual,nocache,scattered,30,512,15360,51,1.0000,5400,459100,462500,464029.4,478000,512400,8098.6,467800,469468.6,31.672
scatter,physical,nocache,scattered,30,512,15360,51,1.0000,5300,455200,459300,460903.9,475500,489300,6264.4,464600,466288.2,31.893
scatter,virtual,nocache,scattered,30,768,23040,51,1.0000,5300,869400,874400,882221.6,928400,934400,19349.8,879800,887551.0,25.129
scatter,physical,nocache,scattered,30,768,23040,51,1.0000,5300,861500,870700,873872.5,917100,925900,12580.3,876200,879186.3,25.236
scatter,virtual,nocache,scattered,30,1024,30720,51,1.0000,5400,1001100,1008600,1015560.8,1066600,1113900,20736.8,1013900,1020978.4,29.047
scatter,physical,nocache,scattered,30,1024,30720,51,1.0000,5400,998700,1006900,1013417.6,1059000,1101400,19694.7,1012200,1018843.1,29.096
scatter,virtual,nocache,scattered,30,2048,61440,51,1.0000,5300,765700,769600,772394.1,786500,817300,9445.3,775100,777737.3,76.135
scatter,physical,nocache,scattered,30,2048,61440,51,1.0000,5300,762600,767900,769200.0,779700,814300,7478.2,773100,774507.8,76.304
scatter,virtual,nocache,scattered,30,4096,122880,51,1.0000,4600,761300,767900,769286.3,779600,814900,7332.8,772600,774025.5,152.608
scatter,physical,nocache,scattered,30,4096,122880,51,1.0000,4600,762000,764800,771049.0,813700,852100,17187.4,769400,775696.1,153.226
scatter_page,virtual,nocache,scattered,30,4096,122880,51,1.0000,4700,761900,767700,769300.0,778300,816900,7854.4,772400,774092.2,152.648
scatter,virtual,nocache,scattered,32,8,256,51,1.0000,5300,229800,231900,232235.3,235900,239400,1948.9,237200,237586.3,1.053
scatter,physical,nocache,scattered,32,8,256,51,1.0000,5500,226400,228200,228986.3,232100,239200,2446.8,233700,234549.0,1.070
scatter_page,virtual,nocache,scattered,32,8,256,51,1.0000,5400,798000,801900,811435.3,884200,936900,28914.2,807300,816833.3,0.304
scatter,virtual,nocache,scattered,32,16,512,51,1.0000,5500,229500,231200,231915.7,235600,244700,2359.4,236700,237413.7,2.112
scatter,physical,nocache,scattered,32,16,512,51,1.0000,5600,226800,228500,229502.0,236200,245500,3534.9,234000,235084.3,2.137
scatter,virtual,nocache,scattered,32,32,1024,51,1.0000,5300,229900,231300,231949.0,234700,246800,2651.3,236700,237325.5,4.222
scatter,physical,nocache,scattered,32,32,1024,51,1.0000,5500,222700,228000,228543.1,231300,241400,2398.9,233600,234068.6,4.283
scatter,virtual,nocache,scattered,32,64,2048,51,1.0000,5400,229500,231700,233019.6,242300,249000,3447.9,237000,238398.0,8.430
scatter,physical,nocache,scattered,32,64,2048,51,1.0000,5500,226900,228200,229776.5,233000,273700,6492.3,233700,235358.8,8.559
scatter,virtual,nocache,scattered,32,128,4096,51,1.0000,5500,297000,300200,300641.2,307700,311600,2895.0,305700,306168.6,13.012
scatter,physical,nocache,scattered,32,128,4096,51,1.0000,5600,289900,296300,296827.5,304400,305800,2865.0,301900,302486.3,13.183
scatter,virtual,nocache,scattered,32,256,8192,51,1.0000,5500,364600,368400,370202.0,378700,425700,8564.1,373800,375754.9,21.207
scatter,physical,nocache,scattered,32,256,8192,51,1.0000,5700,359500,364700,365794.1,379400,389300,5129.7,370400,371494.1,21.422
scatter,virtual,nocache,scattered,32,512,16384,51,1.0000,5500,520700,531400,532264.7,541800,551400,4725.8,536900,537803.9,29.403
scatter,physical,nocache,scattered,32,512,16384,51,1.0000,5700,523500,527600,527947.1,532300,537700,2538.0,533300,533629.4,29.615
scatter,virtual,nocache,scattered,32,768,24576,51,1.0000,5500,872900,878800,881664.7,917300,931500,11707.3,884300,887205.9,26.670
scatter,physical,nocache,scattered,32,768,24576,51,1.0000,5600,869600,875000,881545.1,931300,938000,17676.1,880600,887166.7,26.786
scatter,virtual,nocache,scattered,32,1024,32768,51,1.0000,5500,1013600,1020500,1024192.2,1063700,1077700,13322.2,1025900,1029707.8,30.622
scatter,physical,nocache,scattered,32,1024,32768,51,1.0000,5600,1012000,1018700,1024749.0,1070100,1073600,17132.3,1024500,1030458.8,30.676
scatter,virtual,nocache,scattered,32,2048,65536,51,1.0000,5500,799200,805700,808125.5,818000,862500,11089.7,811500,813723.5,77.572
scatter,physical,nocache,scattered,32,2048,65536,51,1.0000,5600,796400,801100,804715.7,839500,845300,11143.3,806900,810398.0,78.018
scatter,virtual,nocache,scattered,32,4096,131072,51,1.0000,4700,795900,800800,802580.4,813500,846600,8743.4,805500,807317.6,156.094
scatter,physical,nocache,scattered,32,4096,131072,51,1.0000,4900,794600,797300,800519.6,834400,841800,10371.6,802200,805409.8,156.779
scatter_page,virtual,nocache,scattered,32,4096,131072,51,1.0000,4700,794400,801500,802137.3,805300,844600,6939.8,806200,806854.9,155.958
scatter,virtual,nocache,scattered,36,8,288,51,1.0000,5800,232500,235000,236464.7,248100,268800,6834.0,240800,242464.7,1.169
scatter,physical,nocache,scattered,36,8,288,51,1.0000,6000,228800,230800,231294.1,234400,240600,2152.2,236900,237358.8,1.190
scatter_page,virtual,nocache,scattered,36,8,288,51,1.0000,5800,862000,867300,868664.7,874800,905700,5921.1,873100,874705.9,0.317
scatter,virtual,nocache,scattered,36,16,576,51,1.0000,6000,232100,234800,235162.7,238300,250800,2712.6,240600,241117.6,2.340
scatter,physical,nocache,scattered,36,16,576,51,1.0000,6100,228600,230900,231568.6,233300,252000,3559.4,237100,237668.6,2.379
scatter,virtual,nocache,scattered,36,32,1152,51,1.0000,5800,232800,235100,235303.9,238500,242900,1705.5,241000,241147.1,4.673
scatter,physical,nocache,scattered,36,32,1152,51,1.0000,6000,228900,231300,232031.4,239700,244600,3271.2,237400,238092.2,4.750
scatter,virtual,nocache,scattered,36,64,2304,51,1.0000,5800,233300,235900,236452.9,241700,257800,3605.5,241700,242364.7,9.314
scatter,physical,nocache,scattered,36,64,2304,51,1.0000,6000,229500,231800,232184.3,236800,241100,2061.1,238000,238300.0,9.479
scatter,virtual,nocache,scattered,36,128,4608,51,1.0000,6000,299900,302800,302949.0,306100,310300,1616.6,308800,309054.9,14.513
scatter,physical,nocache,scattered,36,128,4608,51,1.0000,6100,296000,298600,298603.9,300400,309900,2010.3,304700,304731.4,14.717
scatter,virtual,nocache,scattered,36,256,9216,51,1.0000,6000,370500,373900,374464.7,377400,388600,2620.2,379800,380470.6,23.506
scatter,physical,nocache,scattered,36,256,9216,51,1.0000,6200,366900,370400,371000.0,378200,382000,3314.5,376500,377178.4,23.729
scatter,virtual,nocache,scattered,36,512,18432,51,1.0000,6000,537800,541200,541956.9,551500,561200,4173.9,547200,547960.8,32.480
scatter,physical,nocache,scattered,36,512,18432,51,1.0000,6200,532600,537700,538670.6,548300,552200,3944.1,544100,544847.1,32.691
scatter,virtual,nocache,scattered,36,768,27648,51,1.0000,6000,937400,943800,963251.0,1004100,1687300,104990.7,949800,969245.1,27.937
scatter,physical,nocache,scattered,36,768,27648,51,1.0000,6100,933600,942000,953388.2,1068100,1081800,33067.2,948100,959690.2,27.991
scatter,virtual,nocache,scattered,36,1024,36864,51,1.0000,6100,1155600,1164800,1168529.4,1200500,1226500,13205.0,1170900,1174607.8,30.182
scatter,physical,nocache,scattered,36,1024,36864,51,1.0000,6200,1150500,1161200,1168839.2,1217700,1243500,20137.5,1167400,1175251.0,30.276
scatter,virtual,nocache,scattered,36,2048,73728,51,1.0000,6000,864900,868700,871311.8,893200,904000,7861.0,874800,877468.6,80.940
scatter,physical,nocache,scattered,36,2048,73728,51,1.0000,6100,860200,864400,873656.9,951600,992900,26918.8,870500,879776.5,81.343
scatter,virtual,nocache,scattered,36,4096,147456,51,1.0000,5200,861500,865300,866674.5,873200,901500,5672.1,870500,871949.0,162.516
scatter,physical,nocache,scattered,36,4096,147456,51,1.0000,5400,857400,861700,865890.2,896800,902400,11189.8,867200,871272.5,163.195
scatter_page,virtual,nocache,scattered,36,4096,147456,51,1.0000,5200,859500,865300,868123.5,898800,903600,9616.3,870600,873394.1,162.516
scatter,virtual,nocache,scattered,40,8,320,51,1.0000,6300,233600,235600,236092.2,239600,249100,2320.2,241900,242423.5,1.295
scatter,physical,nocache,scattered,40,8,320,51,1.0000,6500,228900,231200,231202.0,233100,237500,1405.9,237700,237741.2,1.320
scatter_page,virtual,nocache,scattered,40,8,320,51,1.0000,6300,985800,990200,993902.0,1036300,1039100,12180.4,996400,1000264.7,0.308
scatter,virtual,nocache,scattered,40,16,640,51,1.0000,6400,233400,235600,235539.2,237000,237500,893.3,242000,241962.7,2.591
scatter,physical,nocache,scattered,40,16,640,51,1.0000,6600,229400,231600,231560.8,233200,236600,1169.8,238200,238158.8,2.635
scatter,virtual,nocache,scattered,40,32,1280,51,1.0000,6300,232800,234800,235200.0,238200,245200,1956.7,241100,241515.7,5.199
scatter,physical,nocache,scattered,40,32,1280,51,1.0000,6500,229100,231300,231594.1,234500,243900,2306.2,237800,238131.4,5.278
scatter,virtual,nocache,scattered,40,64,2560,51,1.0000,6300,233600,235400,235780.4,238700,245000,2232.8,241600,242441.2,10.371
scatter,physical,nocache,scattered,40,64,2560,51,1.0000,6500,229800,232200,232656.9,240000,248900,3278.5,238800,239200.0,10.514
scatter,virtual,nocache,scattered,40,128,5120,51,1.0000,6500,301400,304800,305151.0,312200,321600,3294.8,311200,311621.6,16.020
scatter,physical,nocache,scattered,40,128,5120,51,1.0000,6600,297600,300900,303539.2,313600,374500,12535.3,307400,310525.5,16.227
scatter,virtual,nocache,scattered,40,256,10240,51,1.0000,6500,379500,381900,382539.2,387300,392800,2392.2,388400,389074.5,25.571
scatter,physical,nocache,scattered,40,256,10240,51,1.0000,6700,374600,378300,380252.9,392100,395300,4737.1,385100,387043.1,25.814
scatter,virtual,nocache,scattered,40,512,20480,51,1.0000,6300,867100,872100,873949.0,883000,922900,8373.9,878500,880498.0,22.396
scatter,physical,nocache,scattered,40,512,20480,51,1.0000,6500,862300,868700,870911.8,883300,935000,11830.0,875200,877488.2,22.483
scatter,virtual,nocache,scattered,40,768,30720,51,1.0000,6500,1004200,1014300,1020486.3,1067200,1070300,16845.7,1020800,1027149.0,28.884
scatter,physical,nocache,scattered,40,768,30720,51,1.0000,6600,1004900,1009200,1013560.8,1060500,1076400,15112.9,1015700,1020209.8,29.030
scatter,virtual,nocache,scattered,40,1024,40960,51,1.0000,6500,1238500,1245800,1251051.0,1293300,1386300,22763.5,1252300,1257545.1,31.355
scatter,physical,nocache,scattered,40,1024,40960,51,1.0000,6600,1235800,1242600,1244872.5,1265100,1312100,12434.5,1249300,1251560.8,31.436
scatter,virtual,nocache,scattered,40,2048,81920,51,1.0000,6500,987700,992400,994868.6,1001500,1042700,9844.9,999000,1001390.2,78.723
scatter,physical,nocache,scattered,40,2048,81920,51,1.0000,6600,984600,989600,991960.8,1006100,1038500,9411.1,996100,998711.8,78.946
scatter,virtual,nocache,scattered,40,4096,163840,51,1.0000,5900,984900,989400,996447.1,1057000,1094700,22287.6,995300,1002349.0,157.924
scatter,physical,nocache,scattered,40,4096,163840,51,1.0000,6100,980300,985400,986425.5,991500,1038800,8153.2,991400,992594.1,158.565
scatter_page,virtual,nocache,scattered,40,4096,163840,51,1.0000,5900,982500,989700,990909.8,997900,1033800,7119.8,995700,996821.6,157.876
scatter,virtual,nocache,scattered,48,8,384,51,1.0000,7300,235900,238100,239476.5,250100,270500,6423.6,245400,246964.7,1.538
scatter,physical,nocache,scattered,48,8,384,51,1.0000,8200,231700,234000,235521.6,241100,293600,8745.1,242200,243788.2,1.565
scatter_page,virtual,nocache,scattered,48,8,384,51,1.0000,7300,1098200,1103700,1103547.1,1107700,1111000,2945.7,1111100,1110921.6,0.332
scatter,virtual,nocache,scattered,48,16,768,51,1.0000,7500,236600,239100,239268.6,240600,247500,1713.3,246600,246733.3,3.063
scatter,physical,nocache,scattered,48,16,768,51,1.0000,8400,231700,233700,236176.5,244200,310300,12054.8,242000,244558.8,3.134
scatter,virtual,nocache,scattered,48,32,1536,51,1.0000,7300,236500,239000,239592.2,241400,260200,3422.8,246400,246925.5,6.129
scatter,physical,nocache,scattered,48,32,1536,51,1.0000,8200,232300,234300,234466.7,237000,243300,1833.0,242600,242747.1,6.252
scatter,virtual,nocache,scattered,48,64,3072,51,1.0000,7300,236800,239000,239268.6,241200,245400,1475.6,246500,246686.3,12.258
scatter,physical,nocache,scattered,48,64,3072,51,1.0000,8200,232300,235100,237619.6,253400,265800,7388.6,243400,245921.6,12.461
scatter,virtual,nocache,scattered,48,128,6144,51,1.0000,7500,367300,371200,372572.5,380800,394400,5038.4,378900,380166.7,15.785
scatter,physical,nocache,scattered,48,128,6144,51,1.0000,8400,363100,366800,367160.8,376000,380400,3409.6,375200,375645.1,15.974
scatter,virtual,nocache,scattered,48,256,12288,51,1.0000,7500,453900,457500,457594.1,462600,463900,2052.6,464900,465131.4,25.615
scatter,physical,nocache,scattered,48,256,12288,51,1.0000,8400,448300,452700,454435.3,465400,513700,9275.1,461000,462841.2,25.886
scatter,virtual,nocache,scattered,48,512,24576,51,1.0000,7500,934000,939900,941149.0,954400,996800,9098.9,947300,948629.4,24.936
scatter,physical,nocache,scattered,48,512,24576,51,1.0000,8400,926300,935300,939470.6,981500,1012700,15937.4,943700,947843.1,25.059
scatter,virtual,nocache,scattered,48,768,36864,51,1.0000,7500,1162200,1169900,1179464.7,1233200,1290600,26281.2,1177500,1187025.5,30.051
scatter,physical,nocache,scattered,48,768,36864,51,1.0000,8500,1157400,1166500,1170796.1,1205700,1222400,13989.4,1175200,1179388.2,30.138
scatter,virtual,nocache,scattered,48,1024,49152,51,1.0000,7500,1584600,1599500,1601352.9,1612400,1662700,10621.5,1607000,1608905.9,29.306
scatter,physical,nocache,scattered,48,1024,49152,51,1.0000,8400,1586000,1597300,1601837.3,1653400,1694400,18914.3,1605700,1610474.5,29.346
scatter,virtual,nocache,scattered,48,2048,98304,51,1.0000,7500,1100000,1107000,1108749.0,1126600,1146800,8226.9,1114400,1116302.0,84.688
scatter,physical,nocache,scattered,48,2048,98304,51,1.0000,8400,1096400,1101500,1102607.8,1106300,1136300,6975.1,1109900,1111070.6,85.111
scatter,virtual,nocache,scattered,48,4096,196608,51,1.0000,6900,1098200,1103100,1106347.1,1131300,1163800,10840.0,1110000,1113276.5,169.976
scatter,physical,nocache,scattered,48,4096,196608,51,1.0000,7800,1093000,1097300,1098184.3,1102200,1130400,5567.8,1105400,1106239.2,170.874
scatter_page,virtual,nocache,scattered,48,4096,196608,51,1.0000,6900,1098100,1102500,1103141.2,1107600,1124500,4671.8,1109500,1110023.5,170.068
scatter,virtual,nocache,scattered,64,8,512,51,1.0000,10100,302800,305500,305784.3,311100,315800,2421.5,316000,316033.3,1.598
scatter,physical,nocache,scattered,64,8,512,51,1.0000,9500,273000,275700,276245.1,282200,293000,3248.3,285200,285817.6,1.771
scatter_page,virtual,nocache,scattered,64,8,512,51,1.0000,10700,1486000,1492900,1493660.8,1504600,1532200,7050.6,1503400,1504415.7,0.327
scatter,virtual,nocache,scattered,64,16,1024,51,1.0000,10800,302400,305600,305762.7,309300,310100,1780.1,316400,316719.6,3.196
scatter,physical,nocache,scattered,64,16,1024,51,1.0000,9500,275900,278300,279352.9,287800,289800,3416.6,287900,288988.2,3.509
scatter,virtual,nocache,scattered,64,32,2048,51,1.0000,10600,303500,305900,307145.1,320200,325100,4448.8,316500,317845.1,6.385
scatter,physical,nocache,scattered,64,32,2048,51,1.0000,9500,276900,279400,281041.2,291700,297300,4786.1,288800,290786.3,6.990
scatter,virtual,nocache,scattered,64,64,4096,51,1.0000,10700,303700,306500,307176.5,310800,313900,2083.4,317400,318002.0,12.745
scatter,physical,nocache,scattered,64,64,4096,51,1.0000,9500,285000,287000,287592.2,291400,301700,2544.2,296500,297092.2,13.611
scatter,virtual,nocache,scattered,64,128,8192,51,1.0000,10800,441800,445700,447294.1,461400,464900,5600.5,456600,458160.8,17.529
scatter,physical,nocache,scattered,64,128,8192,51,1.0000,9600,429700,434300,434349.0,436800,445400,2280.4,443800,443933.3,17.989
scatter,virtual,nocache,scattered,64,256,16384,51,1.0000,10900,603000,607200,608058.8,615100,618300,3532.1,618000,619023.5,25.733
scatter,physical,nocache,scattered,64,256,16384,51,1.0000,9600,587600,592200,593772.5,603600,627500,6882.4,601800,603419.6,26.385
scatter,virtual,nocache,scattered,64,512,32768,51,1.0000,10900,1088700,1096800,1101464.7,1147500,1158200,15894.9,1107700,1112703.9,28.492
scatter,physical,nocache,scattered,64,512,32768,51,1.0000,9600,1061600,1069000,1071807.8,1098400,1120300,10384.8,1078700,1081452.9,29.233
scatter,virtual,nocache,scattered,64,768,49152,51,1.0000,10800,1589400,1605000,2009574.5,4212000,5233400,950073.2,1615800,2020478.4,29.206
scatter,physical,nocache,scattered,64,768,49152,51,1.0000,9600,1380900,1387400,1390419.6,1417300,1428300,10165.7,1397000,1400082.4,33.786
scatter,virtual,nocache,scattered,64,1024,65536,51,1.0000,10900,1903900,1914000,1917325.5,1944300,1975600,12197.6,1925000,1928302.0,32.654
scatter,physical,nocache,scattered,64,1024,65536,51,1.0000,9600,1792700,1806400,1810194.1,1860000,1902100,17906.6,1816200,1819856.9,34.599
scatter,virtual,nocache,scattered,64,2048,131072,51,1.0000,10900,1484700,1494500,1495013.7,1501400,1507200,3968.3,1505700,1506027.5,83.640
scatter,physical,nocache,scattered,64,2048,131072,51,1.0000,9500,1328400,1334600,1336011.8,1346700,1370500,6366.2,1344100,1345560.8,93.661
scatter,virtual,nocache,scattered,64,4096,262144,51,1.0000,9900,1476900,1489700,1492915.7,1513100,1563500,12772.7,1499600,1502784.3,167.819
scatter,physical,nocache,scattered,64,4096,262144,51,1.0000,8800,1321800,1330900,1333707.8,1347500,1430300,15324.3,1339800,1342511.8,187.843
scatter_page,virtual,nocache,scattered,64,4096,262144,51,1.0000,9800,1476400,1489200,1489402.0,1495800,1503200,3997.6,1499000,1499268.6,167.875
scatter,virtual,nocache,scattered,96,8,768,51,0.9688,15600,315300,317600,319003.9,328400,342300,4604.0,333100,334660.8,2.306
scatter,physical,nocache,scattered,96,8,768,51,1.0000,14600,361700,365100,370809.8,415600,445900,16639.7,379600,386417.6,2.006
scatter_page,virtual,nocache,scattered,96,8,768,51,0.9688,15400,1983800,1996100,2002596.1,2044700,2130100,22242.9,2011500,2018109.8,0.367
scatter,virtual,nocache,scattered,96,16,1536,51,0.9688,15600,312100,318000,318562.7,322700,328400,2551.6,333600,334207.8,4.606
scatter,physical,nocache,scattered,96,16,1536,51,1.0000,14100,367300,370600,371456.9,379800,384300,3163.2,384800,385584.3,3.953
scatter,virtual,nocache,scattered,96,32,3072,51,0.9688,15200,314900,317500,317805.9,324800,326500,2364.1,332400,332978.4,9.227
scatter,physical,nocache,scattered,96,32,3072,51,1.0000,14100,369800,372600,373605.9,380800,389900,3524.5,386700,387688.2,7.863
scatter,virtual,nocache,scattered,96,64,6144,51,0.9688,15300,312700,318300,319009.8,321100,340700,3988.5,333600,334356.9,18.408
scatter,physical,nocache,scattered,96,64,6144,51,1.0000,14100,379900,383200,383723.5,394600,400100,3838.4,397200,399182.4,15.291
scatter,virtual,nocache,scattered,96,128,12288,51,0.9688,15500,532700,537700,538605.9,548200,555400,3917.3,553200,554221.6,21.794
scatter,physical,nocache,scattered,96,128,12288,51,1.0000,14000,599600,603800,604749.0,613600,620200,4044.2,617800,618886.3,19.408
scatter,virtual,nocache,scattered,96,256,24576,51,0.9688,15800,1003600,1008900,1019292.2,1071500,1185300,29681.5,1024900,1035147.1,23.231
scatter,physical,nocache,scattered,96,256,24576,51,1.0000,13700,1060700,1067800,1071943.1,1114100,1126100,14272.2,1081500,1085754.9,21.949
scatter,virtual,nocache,scattered,96,512,49152,51,0.9688,15700,1653800,1662000,1664933.3,1681800,1728900,11511.5,1677600,1680727.5,28.204
scatter,physical,nocache,scattered,96,512,49152,51,1.0000,13700,1653600,1665300,1672960.8,1727500,1889600,34275.2,1679000,1686768.6,28.148
scatter,virtual,nocache,scattered,96,768,73728,51,0.9688,15600,2307500,2321200,2434735.3,2610400,5008100,514996.0,2336800,2450656.9,30.291
scatter,physical,nocache,scattered,96,768,73728,51,1.0000,13800,2251500,2263000,2264531.4,2275600,2327500,10644.1,2276700,2278394.1,31.070
scatter,virtual,nocache,scattered,96,1024,98304,51,0.9688,15700,2908700,2920900,2923758.8,2942300,2964200,9632.5,2937300,2939531.4,32.096
scatter,physical,nocache,scattered,96,1024,98304,51,1.0000,13800,2636100,2648900,2650682.4,2671100,2698600,10212.3,2662600,2664519.6,35.392
scatter,virtual,nocache,scattered,96,2048,196608,51,0.9688,15500,1993300,2002500,2005768.6,2039000,2048000,11857.1,2017900,2021378.4,93.633
scatter,physical,nocache,scattered,96,2048,196608,51,1.0000,13800,1973200,1982700,1985170.6,1995100,2051700,12520.6,1996500,1999025.5,94.568
scatter,virtual,nocache,scattered,96,4096,393216,51,0.9688,14400,1985100,1994800,1996843.1,2010400,2057200,10476.5,2009200,2011213.7,187.989
scatter,physical,nocache,scattered,96,4096,393216,51,1.0000,12900,1964300,1974100,1975141.2,1985900,2024400,8475.3,1987000,1988147.1,189.960
scatter_page,virtual,nocache,scattered,96,4096,393216,51,0.9688,14300,1984100,1995100,1996976.5,2008200,2047500,10512.3,2009400,2011335.3,187.961
scatter,virtual,nocache,scattered,128,8,1024,51,0.8828,19600,385600,388500,389437.3,399800,411700,4618.1,408100,409180.4,2.514
scatter,physical,nocache,scattered,128,8,1024,51,1.0000,18300,434200,438900,439270.6,444800,454400,3366.6,457400,457660.8,2.225
scatter_page,virtual,nocache,scattered,128,8,1024,51,0.8828,19200,2349400,2367100,2370058.8,2400800,2438200,14074.3,2386400,2389392.2,0.413
scatter,virtual,nocache,scattered,128,16,2048,51,0.8828,19100,386700,389300,389911.8,396600,403000,2914.2,408300,409003.9,5.017
scatter,physical,nocache,scattered,128,16,2048,51,1.0000,18500,442100,445300,445960.8,451100,465500,3648.7,463800,464456.9,4.386
scatter,virtual,nocache,scattered,128,32,4096,51,0.8828,18900,387300,389600,390552.9,399500,402200,3174.2,408500,409447.1,10.026
scatter,physical,nocache,scattered,128,32,4096,51,1.0000,18300,445800,449500,452129.4,466500,502500,8738.2,467800,470503.9,8.690
scatter,virtual,nocache,scattered,128,64,8192,51,0.8828,18900,387800,390600,391792.2,402600,407800,4417.8,409200,410715.7,20.001
scatter,physical,nocache,scattered,128,64,8192,51,1.0000,18200,456500,461300,461996.1,473800,477000,4139.2,479500,480886.3,16.936
scatter,virtual,nocache,scattered,128,128,16384,51,0.8828,19100,924700,933900,939123.5,1000000,1002400,17572.4,953100,958290.2,16.731
scatter,physical,nocache,scattered,128,128,16384,51,1.0000,18500,996300,1002000,1005525.5,1045000,1047600,12318.8,1020600,1024037.3,15.594
scatter,virtual,nocache,scattered,128,256,32768,51,0.8828,19300,1159500,1167500,1177078.4,1238800,1271300,24483.5,1186900,1196419.6,26.767
scatter,physical,nocache,scattered,128,256,32768,51,1.0000,18600,1296300,1305800,1376454.9,1450500,4339600,425637.5,1324300,1395405.9,23.932
scatter,virtual,nocache,scattered,128,512,65536,51,0.8828,19400,1896000,1911100,1916062.7,1961900,2001500,17936.2,1930500,1935637.3,32.704
scatter,physical,nocache,scattered,128,512,65536,51,1.0000,18600,2241400,2251600,2256235.3,2274900,2376400,20568.5,2270100,2274854.9,27.758
scatter,virtual,nocache,scattered,128,768,98304,51,0.8828,19400,2830900,2851500,3188829.4,5455400,5559100,842440.1,2870600,3208311.8,32.877
scatter,physical,nocache,scattered,128,768,98304,51,1.0000,18700,2973500,2988800,2995025.5,3042900,3087300,21248.4,3008300,3014043.1,31.367
scatter,virtual,nocache,scattered,128,1024,131072,51,0.8828,19500,3509200,3523500,3527568.6,3566800,3588000,16544.5,3543300,3547223.5,35.476
scatter,physical,nocache,scattered,128,1024,131072,51,1.0000,18800,3708200,3720000,3726849.0,3775200,3821100,20379.1,3738600,3745752.9,33.602
scatter,virtual,nocache,scattered,128,2048,262144,51,0.8828,19400,2361400,2375900,2377890.2,2404100,2411900,10279.9,2395000,2397378.4,105.223
scatter,physical,nocache,scattered,128,2048,262144,51,1.0000,18600,2552000,2560900,2564192.2,2580800,2653600,14569.9,2579500,2582868.6,97.622
scatter,virtual,nocache,scattered,128,4096,524288,51,0.8828,18500,2349200,2363300,2366980.4,2389000,2475800,17526.0,2382100,2385821.6,211.569
scatter,physical,nocache,scattered,128,4096,524288,51,1.0000,17600,2538000,2552100,2552796.1,2565500,2568800,6849.7,2569700,2570547.1,195.917
scatter_page,virtual,nocache,scattered,128,4096,524288,51,0.8828,18700,2349000,2365300,2367911.8,2391300,2402600,10762.7,2384100,2386992.2,211.390
scatter,virtual,nocache,scattered,192,8,1536,51,0.9115,28300,541800,547500,548860.8,558600,582900,6670.1,576000,577652.9,2.676
scatter,physical,nocache,scattered,192,8,1536,51,1.0000,26100,611500,616800,619960.8,637200,678100,10731.4,643300,646184.3,2.375
scatter,virtual,nocache,scattered,192,16,3072,51,0.9115,27900,534200,549000,551380.4,578100,632900,14896.7,576900,579390.2,5.336
scatter,physical,nocache,scattered,192,16,3072,51,1.0000,26300,622900,627700,628554.9,638600,643400,4424.4,653900,654858.8,4.667
scatter,virtual,nocache,scattered,192,32,6144,51,0.9115,27700,532300,537900,540913.7,561800,617100,13165.2,565700,568960.8,10.893
scatter,physical,nocache,scattered,192,32,6144,51,1.0000,26100,628700,633500,635658.8,648600,665900,6666.1,659500,661874.5,9.249
scatter,virtual,nocache,scattered,192,64,12288,51,0.9115,28000,551300,555900,559031.4,583400,593000,9076.5,584100,587056.9,21.081
scatter,physical,nocache,scattered,192,64,12288,51,1.0000,26100,645700,650800,652774.5,662600,696000,7488.8,677200,678927.5,18.007
scatter,virtual,nocache,scattered,192,128,24576,51,0.9115,28000,1214400,1226000,1231290.2,1267900,1293400,15165.6,1253900,1259305.9,19.117
scatter,physical,nocache,scattered,192,128,24576,51,1.0000,26400,1314100,1323700,1333029.4,1390800,1408400,22252.1,1350200,1359694.1,17.706
scatter,virtual,nocache,scattered,192,256,49152,51,0.9115,28100,1812300,1827500,1834105.9,1878000,2000700,28384.8,1855700,1863133.3,25.650
scatter,physical,nocache,scattered,192,256,49152,51,1.0000,26300,1907200,1918000,1920758.8,1952500,1968000,12735.4,1944200,1947115.7,24.440
scatter,virtual,nocache,scattered,192,512,98304,51,0.9115,28200,3043700,3072900,3080854.9,3151000,3178900,32523.7,3100600,3109829.4,30.509
scatter,physical,nocache,scattered,192,512,98304,51,1.0000,26500,3137400,3155600,3233133.3,3324800,6335500,446110.4,3181800,3261166.7,29.709
scatter,virtual,nocache,scattered,192,768,147456,51,0.9115,28500,4226800,4254700,4314356.9,4319400,7021900,387556.4,4283000,4343068.6,33.052
scatter,physical,nocache,scattered,192,768,147456,51,1.0000,26600,4380800,4412000,4414629.4,4461800,4510100,23145.1,4438800,4441725.5,31.873
scatter,virtual,nocache,scattered,192,1024,196608,51,0.9115,28600,5275300,5318300,5317454.9,5367400,5422900,28420.3,5350300,5346651.0,35.256
scatter,physical,nocache,scattered,192,1024,196608,51,1.0000,26500,5561500,5591300,5594378.4,5641900,5674600,21056.4,5617600,5620992.2,33.534
scatter,virtual,nocache,scattered,192,2048,393216,51,0.9115,28100,3581600,3603600,3605684.3,3637100,3643000,13707.3,3631800,3633911.8,104.063
scatter,physical,nocache,scattered,192,2048,393216,51,1.0000,26300,3737600,3759200,3761688.2,3792900,3794800,13681.2,3785300,3788015.7,99.755
scatter,virtual,nocache,scattered,192,4096,786432,51,0.9115,27400,3570500,3588000,3589474.5,3607200,3624100,10492.4,3615800,3616862.7,209.030
scatter,physical,nocache,scattered,192,4096,786432,51,1.0000,26400,3721500,3741100,3743486.3,3771700,3805500,15310.8,3767600,3769913.7,200.476
scatter,virtual,nocache,scattered,256,8,2048,51,0.9062,107000,1139300,1187600,1201354.9,1270100,1434700,48630.0,1291400,1307460.8,1.645
scatter,physical,nocache,scattered,256,8,2048,51,1.0000,34400,1023100,1029200,1034680.4,1086900,1104900,17586.5,1063700,1069623.5,1.898
scatter,virtual,nocache,scattered,256,16,4096,51,0.9062,105100,1159100,1186600,1197954.9,1268200,1274600,31777.4,1291200,1303284.3,3.292
scatter,physical,nocache,scattered,256,16,4096,51,1.0000,34000,1033100,1041300,1049092.2,1104700,1128800,19959.2,1075300,1083137.3,3.751
scatter,virtual,nocache,scattered,256,32,8192,51,0.9062,105500,1160200,1193300,1198043.1,1252400,1271200,26244.2,1299200,1303360.8,6.547
scatter,physical,nocache,scattered,256,32,8192,51,1.0000,33800,1040000,1050400,1057676.5,1095200,1110200,18186.8,1084100,1091821.6,7.438
scatter,virtual,nocache,scattered,256,64,16384,51,0.9062,106500,1152700,1212300,1221205.9,1275200,1382300,35730.2,1319600,1327303.9,12.889
scatter,physical,nocache,scattered,256,64,16384,51,1.0000,33800,1060300,1068200,1080978.4,1135000,1267600,35028.9,1102000,1114927.5,14.627
scatter,virtual,nocache,scattered,256,128,32768,51,0.9062,103700,1836900,1907800,1917402.0,2056100,2155600,60462.2,2012600,2023035.3,16.380
scatter,physical,nocache,scattered,256,128,32768,51,1.0000,34000,1811700,1825400,1829782.4,1856900,1909500,18341.9,1859400,1865062.7,17.120
scatter,virtual,nocache,scattered,256,256,65536,51,0.9062,100700,2558300,2605300,2619735.3,2723100,2816800,50749.2,2705000,2721811.8,23.990
scatter,physical,nocache,scattered,256,256,65536,51,1.0000,34000,2554400,2576800,2586545.1,2637500,2755700,31379.2,2610700,2620829.4,24.255
scatter,virtual,nocache,scattered,256,512,131072,51,0.9062,98800,4045900,4090700,4214968.6,4499900,6826100,533551.5,4189400,4314115.7,30.557
scatter,physical,nocache,scattered,256,512,131072,51,1.0000,34100,4243100,4267500,4270488.2,4303300,4348900,18357.9,4301700,4304756.9,29.291
scatter,virtual,nocache,scattered,256,768,196608,51,0.9062,97900,5710400,5759100,5986837.3,8413200,8495800,726260.4,5856500,6085294.1,32.557
scatter,physical,nocache,scattered,256,768,196608,51,1.0000,34400,5733300,5756800,5913605.9,8328000,8411400,622653.3,5791300,5948362.7,32.570
scatter,virtual,nocache,scattered,256,1024,262144,51,0.9062,98200,7182800,7232200,7240598.0,7300900,7401800,41919.7,7330000,7340054.9,34.568
scatter,physical,nocache,scattered,256,1024,262144,51,1.0000,34500,7207700,7239800,7251652.9,7315300,7469200,41677.3,7276000,7286456.9,34.531
scatter,virtual,nocache,scattered,256,2048,524288,51,0.9062,86800,4753300,4774900,4777590.2,4812400,4871500,18232.0,4862900,4866992.2,104.714
scatter,physical,nocache,scattered,256,2048,524288,51,1.0000,34100,4958600,4979700,4989931.4,5062100,5279300,47339.0,5014200,5024931.4,100.408
scatter,virtual,nocache,scattered,256,4096,1048576,51,0.9062,39000,4721400,4738500,4743380.4,4788400,4868600,23931.1,4777400,4782527.5,211.037
scatter,physical,nocache,scattered,256,4096,1048576,51,1.0000,33200,4924400,4948000,4949686.3,4975700,5009500,15009.9,4981100,4983145.1,202.102
scatter,virtual,nocache,scattered,384,8,3072,51,0.9245,156400,1555500,1591300,1610337.3,1835900,1912100,76112.7,1745000,1767215.7,1.841
scatter,physical,nocache,scattered,384,8,3072,51,1.0000,140500,1549400,1594900,1607162.7,1685400,1702400,34233.6,1734700,1748351.0,1.837
scatter,virtual,nocache,scattered,384,16,6144,51,0.9245,157000,1551500,1613400,1630649.0,1709900,1949800,68163.0,1771200,1792566.7,3.632
scatter,physical,nocache,scattered,384,16,6144,51,1.0000,149400,1580800,1661600,1675994.1,1788900,1876200,55770.7,1810000,1831354.9,3.526
scatter,virtual,nocache,scattered,384,32,12288,51,0.9245,171500,1607900,1663400,1680758.8,1832200,1928200,66247.5,1837100,1853656.9,7.045
scatter,physical,nocache,scattered,384,32,12288,51,1.0000,149400,1591800,1669200,1686294.1,1791100,2267500,95439.2,1820100,1839156.9,7.021
scatter,virtual,nocache,scattered,384,64,24576,51,0.9245,156100,1595300,1655900,1657880.4,1705900,1745800,27877.8,1809500,1813941.2,14.154
scatter,physical,nocache,scattered,384,64,24576,51,1.0000,140100,1650200,1676400,1687658.8,1754900,1940700,44958.3,1817000,1829400.0,13.981
scatter,virtual,nocache,scattered,384,128,49152,51,0.9245,146900,2722900,2825400,2824202.0,2881600,2907000,41364.5,2971300,2972488.2,16.591
scatter,physical,nocache,scattered,384,128,49152,51,1.0000,143300,2773900,2879100,2875021.6,2944600,2956100,41559.2,3025300,3018217.6,16.281
scatter,virtual,nocache,scattered,384,256,98304,51,0.9245,147000,3905100,3974300,3980372.5,4066000,4100400,41587.0,4122400,4127398.0,23.589
scatter,physical,nocache,scattered,384,256,98304,51,1.0000,139400,4046200,4132600,4165115.7,4525200,4849700,142075.3,4270400,4306815.7,22.685
scatter,virtual,nocache,scattered,384,512,196608,51,0.9245,145000,6402300,6450100,6568694.1,6596100,9437400,553441.3,6595200,6715105.9,29.069
scatter,physical,nocache,scattered,384,512,196608,51,1.0000,132300,6533400,6592700,6599523.5,6695700,6747600,43413.7,6727300,6733684.3,28.441
scatter,virtual,nocache,scattered,384,768,294912,51,0.9245,147900,8667300,8748800,9022427.5,11631900,12768800,854522.8,8894400,9175849.0,32.147
scatter,physical,nocache,scattered,384,768,294912,51,1.0000,134400,8812900,8939600,9169090.2,11597900,12360700,786119.8,9064900,9303960.8,31.461
scatter,virtual,nocache,scattered,384,1024,393216,51,0.9245,145500,11036600,11109300,11151062.7,11342200,12384600,188710.4,11253600,11299068.6,33.756
scatter,physical,nocache,scattered,384,1024,393216,51,1.0000,129700,11251100,11299900,11323372.5,11391100,11809400,83809.0,11428700,11453570.6,33.186
scatter,virtual,nocache,scattered,384,2048,786432,51,0.9245,128000,7128800,7167800,7172674.5,7218900,7284000,27925.6,7292600,7298631.4,104.635
scatter,physical,nocache,scattered,384,2048,786432,51,1.0000,126900,7469000,7502900,7502652.9,7535800,7552500,20443.7,7632300,7629405.9,99.961
scatter,virtual,nocache,scattered,384,4096,1572864,51,0.9245,53800,7061700,7095000,7098829.4,7140200,7163500,21882.4,7148400,7152711.8,211.416
scatter,physical,nocache,scattered,384,4096,1572864,51,1.0000,51700,7403500,7434500,7441080.4,7470500,7610600,30913.9,7486200,7492929.4,201.762
scatter,virtual,nocache,scattered,512,8,4096,51,0.9355,205800,2127500,2188700,2188552.9,2239800,2258000,32664.3,2397500,2395274.5,1.785
scatter,physical,nocache,scattered,512,8,4096,51,1.0000,185400,2176300,2233800,2236825.5,2292100,2323700,31204.6,2416400,2423568.6,1.749
scatter,virtual,nocache,scattered,512,16,8192,51,0.9355,203300,2120700,2188300,2195411.8,2232300,2583600,61515.3,2391500,2399684.3,3.570
scatter,physical,nocache,scattered,512,16,8192,51,1.0000,183100,2190000,2257600,2266964.7,2307200,2695300,68946.4,2447700,2450384.3,3.461
scatter,virtual,nocache,scattered,512,32,16384,51,0.9355,202000,2121900,2188700,2191578.4,2237900,2258200,27080.5,2392000,2392452.9,7.139
scatter,physical,nocache,scattered,512,32,16384,51,1.0000,190200,2180400,2275400,2302272.5,2652400,2700700,120514.5,2462600,2495825.5,6.867
scatter,virtual,nocache,scattered,512,64,32768,51,0.9355,202200,2153000,2214100,2257351.0,2481400,2749300,111342.8,2416100,2459713.7,14.114
scatter,physical,nocache,scattered,512,64,32768,51,1.0000,183600,2245000,2297200,2305456.9,2389100,2432000,41353.3,2482200,2490070.6,13.604
scatter,virtual,nocache,scattered,512,128,65536,51,0.9355,196100,3604900,3696500,3700251.0,3796100,3820600,52630.7,3887500,3895813.7,16.908
scatter,physical,nocache,scattered,512,128,65536,51,1.0000,186400,3846100,3994700,3992937.3,4091300,4113500,66053.4,4179300,4179203.9,15.646
scatter,virtual,nocache,scattered,512,256,131072,51,0.9355,192200,5269700,5363000,5368182.4,5460400,5474300,50423.2,5557400,5562182.4,23.308
scatter,physical,nocache,scattered,512,256,131072,51,1.0000,172700,5326400,5433300,5441264.7,5528700,5818500,69743.6,5604200,5614788.2,23.006
scatter,virtual,nocache,scattered,512,512,262144,51,0.9355,192800,8535500,8595300,8724380.4,8894900,11392700,539536.1,8790200,8917929.4,29.086
scatter,physical,nocache,scattered,512,512,262144,51,1.0000,171700,8643800,8734300,8739086.3,8835700,8923700,52525.7,8902100,8910700.0,28.623
scatter,virtual,nocache,scattered,512,768,393216,51,0.9355,191800,11755800,11834800,12233166.7,14506200,14528400,894438.1,12025200,12427709.8,31.686
scatter,physical,nocache,scattered,512,768,393216,51,1.0000,163800,11941200,12005400,12292958.8,14657400,14713000,796283.1,12171900,12457709.8,31.236
scatter,virtual,nocache,scattered,512,1024,524288,51,0.9355,189300,14737800,14816800,14816798.0,14922600,14958900,51924.9,15006000,15008721.6,33.745
scatter,physical,nocache,scattered,512,1024,524288,51,1.0000,162500,15174200,15257700,15394064.7,16936200,17865300,558561.5,15420100,15557821.6,32.770
scatter,virtual,nocache,scattered,512,2048,1048576,51,0.9355,162200,9583700,9630500,9633978.4,9676800,9688700,25708.9,9792200,9796800.0,103.837
scatter,physical,nocache,scattered,512,2048,1048576,51,1.0000,157700,9964000,10022500,10024907.8,10097700,10151400,35424.3,10180200,10182951.0,99.776
scatter,virtual,nocache,scattered,512,4096,2097152,51,0.9355,72400,9491400,9549000,9551913.7,9614100,9700700,36543.0,9623000,9625807.8,209.446
scatter,physical,nocache,scattered,512,4096,2097152,51,1.0000,71600,9886700,9929700,9931735.3,9987600,9992400,27051.7,10000600,10004109.8,201.416
